aluno,questao,timestamp,sadness,neutral,contempt,disgust,anger,surprise,fear,happiness,emotion
1,Q25,15:00:27,0.01669158,0.6473556,0.0007789265,7.080187e-05,0.00013651661,0.333099842,0.00184438447,2.23069455e-05,neutral
1,Q25,15:00:32,0.008633267,0.985451,0.000323366,4.665631e-06,2.416564e-05,0.005432506,0.000103332095,2.76965839e-05,neutral
1,Q25,15:00:37,0.0358262621,0.936414659,0.002168343,0.000638892059,0.000270097022,0.02396074,0.0006440725,7.69129256e-05,neutral
1,Q25,15:00:42,0.0398906954,0.845741332,0.00716566853,0.000364451756,0.000186388163,0.09586425,0.0107558863,3.134897e-05,neutral
1,Q25,15:00:47,0.1324584,0.8461414,0.0008906399,3.54674157e-05,9.3200164e-05,0.0199100263,0.000436235277,3.462712e-05,neutral
1,Q25,15:00:52,0.103505477,0.88406074,0.000358534919,3.62121573e-05,3.36505254e-05,0.0118660722,0.000133956826,5.328137e-06,neutral
1,Q25,15:00:57,0.5566805,0.436566144,0.003636452,0.000382395316,0.0007514391,0.001097738,0.0005675525,0.000317780854,sadness
1,Q25,15:01:02,0.6312997,0.343301743,0.02293217,0.0005156152,0.000528013858,0.0008036138,0.0005334061,8.57842242e-05,sadness
1,Q25,15:01:07,0.6147543,0.383456945,0.0009846091,1.9719535e-05,4.95559034e-05,0.00026614673,0.0003620655,0.000106631269,sadness
1,Q25,15:01:12,0.473670185,0.442875922,0.00270671933,0.000789856131,0.000142994119,0.07005397,0.009684006,7.634416e-05,sadness
1,Q25,15:01:17,0.168541536,0.822783768,0.00689207,2.0721136e-05,2.749627e-05,0.00151272258,7.527281e-05,0.00014641849,neutral
1,Q25,15:01:22,0.377627432,0.612550139,0.00654399162,0.0002380155,0.00033900392,0.00140573271,0.00127369491,2.198924e-05,neutral
2,Q25,14:37:12,0.00482982863,0.994845,0.000206202123,9.643976e-07,2.28619083e-05,9.1824375e-05,1.19494484e-06,2.13407475e-06,neutral
2,Q25,14:37:17,0.0317266658,0.9679345,0.000262584916,9.385684e-07,1.383503e-05,5.37321466e-05,2.34412983e-06,5.41172e-06,neutral
2,Q25,14:37:22,0.0271395,0.97125566,0.000316889782,5.90583841e-06,1.8222343e-05,0.00116155145,6.515225e-05,3.71000533e-05,neutral
2,Q25,14:37:27,0.0211423412,0.9774782,0.0005809635,9.735293e-06,3.392544e-05,0.000622463063,3.85714557e-05,9.38054145e-05,neutral
2,Q25,14:37:32,0.048512686,0.949975848,0.000346724,4.018453e-06,2.07773264e-05,0.00101517711,5.51595731e-05,6.958873e-05,neutral
2,Q25,14:37:37,0.0336824171,0.965404034,0.000201650619,5.50990671e-06,3.03362958e-05,0.000602158834,3.985137e-05,3.40341248e-05,neutral
2,Q25,14:37:41,0.06929442,0.927844346,0.000427672116,8.602276e-06,4.71806779e-05,0.00226711342,9.043511e-05,2.02388146e-05,neutral
2,Q25,14:37:47,0.006661085,0.9925319,0.000149962041,1.72933289e-06,2.281254e-05,0.0006096286,6.40396274e-06,1.64673984e-05,neutral
2,Q25,14:37:52,0.187671825,0.8101537,0.000125818275,4.29702e-06,1.49770622e-05,0.00193184824,8.901981e-05,8.514374e-06,neutral
2,Q25,14:37:57,0.0120291868,0.9858629,0.00185792788,1.41302044e-05,8.89540752e-05,0.000104097679,4.28497833e-06,3.85158128e-05,neutral
2,Q25,14:38:02,0.0175334681,0.9823208,7.402101e-05,3.571603e-07,5.390407e-06,6.236226e-05,1.54070563e-06,2.05575475e-06,neutral
2,Q25,14:38:07,0.0230973922,0.976094067,0.000753480766,2.67804626e-06,2.19172853e-05,2.69184384e-05,1.48268589e-06,2.06843924e-06,neutral
2,Q25,14:38:11,0.1343092,0.7312171,0.0180602428,0.000632127048,0.0005750502,0.108314864,0.00677151931,0.000119914024,neutral
3,Q25,8:42:43,0.020444205,0.9784152,0.0006247615,2.16838616e-05,7.035991e-05,0.000137770883,7.994914e-06,0.000278033724,neutral
3,Q25,8:42:44,0.0182449277,0.980219662,0.0008157827,2.80846434e-05,0.000109021617,0.000138470743,1.12850175e-05,0.000432765868,neutral
3,Q25,8:42:46,0.0160036124,0.9815015,0.00132807961,6.989307e-05,0.000160486525,0.0002571812,1.61208936e-05,0.000663106737,neutral
3,Q25,8:42:48,0.0148981148,0.9822545,0.000406343373,7.71351e-05,5.68688047e-05,0.00158818974,4.344526e-05,0.000675375341,neutral
3,Q25,8:42:50,0.0127914567,0.9858057,0.0006572542,0.000293691759,0.000142506033,0.000157787043,1.327638e-05,0.00013833039,neutral
3,Q25,8:42:52,0.0407849364,0.9414708,0.005926665,0.000230865786,0.000103444123,0.000522567367,2.87495113e-05,0.0109319538,neutral
3,Q25,8:42:56,0.100946717,0.8902024,0.0033472646,0.00023848463,1.52312505e-05,0.001042143,6.24231761e-05,0.00414533634,neutral
3,Q25,8:42:58,0.00946416,0.982599556,0.00422722,5.65504342e-05,8.194742e-05,4.93243533e-05,3.100912e-06,0.00351813785,neutral
3,Q25,8:43:00,0.0592225343,0.9185132,0.000905152468,0.000615512137,0.00018525777,0.0188130848,0.0008257541,0.0009195258,neutral
3,Q25,8:43:02,0.561803758,0.374147773,0.0618001521,0.00115250284,0.0005014365,2.55796112e-05,1.54203826e-05,0.000553406368,sadness
3,Q25,8:43:04,0.03546411,0.9630483,0.001099251,7.995695e-06,8.903848e-06,5.13530649e-05,6.05398327e-06,0.000314060075,neutral
3,Q25,8:43:06,0.03904721,0.9593904,0.00125430652,6.67281938e-06,6.993161e-06,3.50268165e-05,3.49114111e-06,0.0002559106,neutral
3,Q25,8:43:08,0.036540255,0.960518062,0.00267333072,1.04263581e-05,6.50917264e-06,3.10537034e-05,2.5994575e-06,0.000217771274,neutral
3,Q25,8:43:10,0.08613795,0.9134326,0.000324612949,3.194398e-06,3.865716e-06,1.07245187e-05,1.509753e-06,8.556079e-05,neutral
3,Q25,8:43:12,0.0538005754,0.9453527,0.0006977207,3.34411061e-06,3.08187919e-06,1.46474858e-05,1.17276522e-06,0.000126800485,neutral
3,Q25,8:43:14,0.113734305,0.883354,0.00269584032,8.886725e-06,5.68415271e-06,1.23001655e-05,2.19948856e-06,0.000186800142,neutral
3,Q25,8:43:16,0.0103389034,0.9860231,0.0017955564,3.3465938e-05,4.561331e-05,0.000134159112,7.486741e-06,0.00162169838,neutral
3,Q25,8:43:18,0.141825214,0.849354,0.000107245491,9.772709e-06,3.396779e-05,0.005009626,0.002307202,0.00135291833,neutral
3,Q25,8:43:20,0.375709563,0.6192856,0.000106519219,1.20807517e-05,1.70124313e-05,0.003845921,0.000578530249,0.000444774982,neutral
3,Q25,8:43:22,0.00316807767,0.986436,0.003085683,2.5735686e-05,2.60757788e-05,0.000104536244,1.34126992e-06,0.007152553,neutral
3,Q25,8:43:24,0.0186760873,0.977799058,0.00127968646,0.000138598683,0.000231826387,0.000930809765,2.0897789e-05,0.0009230431,neutral
3,Q25,8:43:26,0.005516408,0.9826636,0.004843872,0.000132939022,0.000362946856,0.0021503,0.000107875385,0.00422206055,neutral
3,Q25,8:43:28,0.0108922608,0.9862868,0.00157314073,2.65070685e-05,4.065706e-05,8.467278e-05,2.72484067e-06,0.00109320506,neutral
3,Q25,9:18:53,0.0191681515,0.9739373,0.00252637547,0.000101296617,0.0001009868,9.110304e-05,3.509072e-06,0.004071323,neutral
3,Q25,9:18:54,0.06655274,0.9202739,0.00161861035,0.00072502176,0.000346796,0.00751414429,0.0004060609,0.00256270776,neutral
4,Q25,10:45:37,0.00449103024,0.978155851,0.00074525486,0.000185764249,0.0005053585,0.008093659,3.661852e-05,0.007786484,neutral
4,Q25,10:45:41,0.00677918736,0.991436064,0.000148526888,0.0001317852,9.416521e-05,0.00122607045,1.61490534e-05,0.00016807075,neutral
4,Q25,10:45:43,0.00202621822,0.973805249,8.079945e-05,0.000133160385,0.00088763563,0.02267605,0.000134336675,0.00025653388,neutral
4,Q25,10:45:45,0.00184177828,0.991318464,0.000130410641,0.000159446063,0.0007009708,0.005336747,2.63464754e-05,0.000485807657,neutral
4,Q25,10:45:47,0.00148137938,0.993202865,0.000112527872,7.548513e-05,0.0002193047,0.00470233057,2.13559415e-05,0.000184741424,neutral
4,Q25,10:45:49,0.00380761758,0.9869684,0.00121266628,0.0004535069,0.000384693267,0.0068606236,9.309702e-05,0.000219398251,neutral
4,Q25,10:45:51,0.00102577987,0.996769547,0.000275924336,3.8391303e-05,0.0002726494,0.001535918,8.760757e-06,7.300217e-05,neutral
4,Q25,10:45:53,0.002672308,0.9914598,0.0001560706,4.05137471e-05,0.0002727249,0.004435892,1.79365252e-05,0.0009447821,neutral
4,Q25,10:45:55,0.00194807455,0.981182635,0.0002049769,6.290411e-05,0.000254632178,0.0160442814,7.15038259e-05,0.000230983642,neutral
4,Q25,10:45:57,0.00211416674,0.939608634,0.000401800819,0.000506583834,0.00170593057,0.05532655,0.000123140737,0.0002131727,neutral
4,Q25,10:45:59,0.00166039367,0.975544751,0.000861474837,0.000712275039,0.003859088,0.0168119129,6.306518e-05,0.000487050449,neutral
4,Q25,10:46:01,0.00254134182,0.975926459,0.000183022159,5.791035e-05,0.000431216147,0.0204323437,0.000121899509,0.000305779773,neutral
4,Q25,10:46:03,0.00217619236,0.9773185,0.0001398304,8.816e-05,0.0007306578,0.0189938433,3.01002656e-05,0.000522714632,neutral
4,Q25,10:46:05,0.0009080499,0.9955251,0.0002907022,3.95915049e-05,0.000186693156,0.002464088,1.54077388e-05,0.000570375763,neutral
4,Q25,10:46:07,0.00101086288,0.9944268,0.002737416,3.95330462e-05,0.000811729231,0.000837771047,8.062922e-06,0.000127817882,neutral
4,Q25,10:46:09,0.000472421962,0.99764204,0.0004905782,1.98003963e-05,0.000214714615,0.00100962957,5.300364e-06,0.000145507525,neutral
4,Q25,10:46:11,0.00245265267,0.9745652,0.0006119171,7.966664e-05,0.00126997533,0.0203374419,7.63018543e-05,0.0006068229,neutral
4,Q25,10:46:13,0.00293686218,0.9888006,0.000528721139,0.000100320009,0.000732525135,0.00598559063,6.738135e-05,0.0008480277,neutral
4,Q25,10:46:15,0.00138448551,0.9955765,0.0004444511,2.64807713e-05,0.000556490268,0.00191757944,2.32524417e-05,7.074144e-05,neutral
4,Q25,10:46:17,0.00230754958,0.9910494,0.000226664,0.000122805213,0.000546313648,0.00533739,3.03053039e-05,0.000379569043,neutral
4,Q25,10:46:19,0.0029032582,0.993543744,0.0008357142,3.459505e-05,0.000491540355,0.001291068,2.37275181e-05,0.0008763791,neutral
4,Q25,10:46:21,0.004997903,0.9844295,0.00134241837,0.000201212359,0.00367272855,0.00375379855,8.487558e-05,0.00151757454,neutral
4,Q25,10:46:23,0.007750216,0.978553832,0.0009867719,0.000114354887,0.00116864219,0.0106372461,0.000202133946,0.000586810347,neutral
4,Q25,10:46:25,0.004542791,0.9848739,0.00272039627,0.000185707046,0.00282350346,0.004378837,9.872972e-05,0.0003761452,neutral
4,Q25,10:46:27,0.0036971576,0.9823966,0.00255943229,0.000158759329,0.00278262864,0.00735761365,7.959537e-05,0.000968187931,neutral
4,Q25,10:46:29,0.0008453142,0.9937252,0.000298703642,8.229444e-05,0.0009370223,0.003703847,8.823059e-06,0.000398805685,neutral
4,Q25,10:46:31,0.00140848593,0.994218349,0.000835816,8.404864e-06,0.00050884,0.00235644076,5.342368e-05,0.0006102133,neutral
4,Q25,10:46:33,0.006210722,0.975849,0.00542777171,0.0003426772,0.003724108,0.005586141,0.000131436973,0.00272818538,neutral
4,Q25,10:46:35,0.00720621971,0.9623181,0.0052148765,0.0007330798,0.0101978248,0.0110542951,0.0005308167,0.00274477014,neutral
4,Q25,10:46:37,0.00567264576,0.9721395,0.00360834668,0.00033863305,0.005853887,0.009938889,0.0002537701,0.00219434756,neutral
4,Q25,10:46:39,0.00207076943,0.987344742,0.004573456,5.58775646e-05,0.00107228663,0.002638586,4.85899764e-05,0.00219567446,neutral
4,Q25,10:46:41,0.00278202677,0.991375446,0.00180577836,6.66058e-05,0.0008293009,0.00183421164,2.69857555e-05,0.001279617,neutral
4,Q25,10:46:43,0.006853861,0.970232368,0.003403605,0.000408119726,0.004770036,0.00635297038,0.000225117037,0.00775393425,neutral
4,Q25,10:46:45,0.00133598328,0.9863149,0.000157517832,0.000241035028,0.0005146589,0.0106299808,1.74334309e-05,0.0007885016,neutral
4,Q25,10:46:47,0.000414555136,0.998053253,8.740229e-05,5.09402853e-05,7.522257e-05,0.00120847684,9.744061e-07,0.000109147579,neutral
4,Q25,10:46:49,0.000456049922,0.9981887,0.00093237753,2.09419341e-05,6.259122e-05,0.000135986746,5.93224343e-07,0.000202769268,neutral
4,Q25,10:46:51,0.000503051,0.9974246,5.72781973e-05,1.77714264e-05,0.000110808927,0.00179552939,6.02519458e-06,8.493212e-05,neutral
4,Q25,10:46:53,0.00357787171,0.9927213,0.0004667045,9.408644e-05,0.000325693574,0.00218822318,2.19602716e-05,0.0006041195,neutral
4,Q25,10:46:55,0.0005155786,0.998406947,4.691933e-05,5.70920474e-06,3.83355837e-05,0.000938092242,2.509676e-06,4.59090843e-05,neutral
4,Q25,10:46:57,0.00146191265,0.9922328,0.000565111637,4.7915757e-05,0.000361020822,0.00510199275,2.42004062e-05,0.000205018776,neutral
4,Q25,10:46:59,0.000551493256,0.880915344,0.114125691,0.000106931628,0.0006313249,0.0008815241,2.92358618e-06,0.00278478162,neutral
4,Q25,10:47:01,0.0005642432,0.996834159,0.001588174,1.19964807e-05,0.000157462724,0.000365601,4.72810234e-06,0.000473651045,neutral
4,Q25,10:47:03,0.00115611206,0.993724465,0.00229095179,3.71758542e-05,0.0006408057,0.00192544365,2.55786017e-05,0.0001994532,neutral
4,Q25,10:47:05,0.00116743986,0.9973647,0.0004908985,4.743216e-05,0.00024282196,0.0005427391,4.21251025e-06,0.000139757773,neutral
4,Q25,10:47:07,0.003495026,0.989360154,0.00669846451,1.404223e-05,0.000401354366,5.182477e-06,8.630622e-08,2.568206e-05,neutral
4,Q25,10:47:09,0.009346472,0.9851538,0.00325616426,7.270541e-05,0.00127198407,0.000534957449,1.9110792e-05,0.000344836939,neutral
5,Q25,9:01:56,0.0420044847,0.467198342,0.020393271,0.01956259,0.0382620431,0.268238276,0.144030228,0.000310771982,neutral
5,Q25,9:20:05,0.0482594557,0.6841436,0.00413469551,0.00288353325,0.0131991776,0.15735963,0.0898954943,0.000124397266,neutral
5,Q25,9:20:06,0.19775483,0.405389428,0.0207806937,0.0171245225,0.11967209,0.148040637,0.0909410641,0.000296741142,neutral
5,Q25,9:20:52,0.0740670562,0.764565051,0.05152879,0.01312503,0.08773831,0.008089838,0.0004603465,0.000425591774,neutral
5,Q25,9:21:00,0.062077418,0.8583436,0.0139928907,0.008847959,0.0433366522,0.0117933927,0.00155843375,4.9635295e-05,neutral
5,Q25,9:21:02,0.00647443533,0.7428054,0.2214791,0.00219350168,0.0008472791,0.004745081,0.000195536733,0.0212596115,neutral
5,Q25,9:21:04,0.00207896461,0.914243042,0.00040604567,0.0001195286,1.88230679e-05,0.08051053,0.00172031671,0.0009027644,neutral
5,Q25,9:21:06,0.0270484071,0.9554499,0.00146074,0.0006415721,0.000354952354,0.0118313,0.003122114,9.103247e-05,neutral
5,Q25,9:21:12,0.0108375363,0.9724383,0.005291151,0.00162887468,0.00584472343,0.00337502314,0.000333586329,0.0002508177,neutral
6,Q25,9:19:16,0.02563897,0.9732022,1.91767845e-06,4.211713e-07,2.48197412e-05,0.0006743762,0.000358949765,9.833113e-05,neutral
6,Q25,9:19:17,0.0152560016,0.9790686,1.12512362e-06,1.56449076e-07,1.0174329e-05,0.003740106,0.00183589442,8.797581e-05,neutral
6,Q25,9:19:19,0.0211035814,0.975184858,6.90251363e-06,1.3224128e-06,8.676658e-05,0.0025771556,0.000606934831,0.0004324854,neutral
6,Q25,9:19:21,0.0106928162,0.8689742,2.8402208e-05,7.962783e-06,0.000156574,0.00852652,0.000753326865,0.110860161,neutral
6,Q25,9:19:26,0.0178337153,0.927146852,6.807757e-05,8.275556e-06,0.000159549672,0.00279796449,0.0005303285,0.0514552519,neutral
6,Q25,9:19:27,0.0230964851,0.963692248,0.000145889717,1.10250649e-05,0.0003388662,0.00186791737,0.0007219562,0.0101256389,neutral
6,Q25,9:19:29,0.0262456536,0.9666385,5.96746977e-05,9.667273e-06,0.000203594172,0.001998183,0.000749570259,0.00409514457,neutral
6,Q25,9:19:31,0.0246049855,0.966122448,1.86941961e-05,5.18594561e-06,0.000111549656,0.00347151887,0.000656825956,0.00500879856,neutral
6,Q25,9:19:35,0.07326887,0.9192828,4.49366235e-05,2.09490318e-05,0.00039859832,0.00224707671,0.000296606042,0.00444017071,neutral
6,Q25,9:19:37,0.03139871,0.8611702,7.02560937e-05,1.54851114e-05,9.401233e-05,0.00220804079,0.0001768139,0.10486649,neutral
6,Q25,9:19:39,0.0180515721,0.668021,0.000174479937,2.467243e-05,0.000102224789,0.00484143337,0.0007345754,0.308050036,neutral
6,Q25,9:19:41,0.0151666515,0.369038522,0.0003913648,4.59420371e-05,0.000154891663,0.00167532859,0.000190750157,0.613336563,happiness
6,Q25,9:19:43,0.0241728071,0.8745982,3.59261358e-05,6.52266226e-06,5.27845878e-05,0.00240822742,0.000155376183,0.0985701755,neutral
6,Q25,9:19:45,0.0146589819,0.774421453,2.31512477e-05,3.439505e-06,2.66015231e-05,0.004243625,0.000211486884,0.206411272,neutral
6,Q25,9:19:47,0.0162061173,0.855132759,3.1041287e-05,6.643106e-06,6.210511e-05,0.004190832,0.0004448319,0.123925664,neutral
6,Q25,9:19:49,0.0353599377,0.937771142,1.33210242e-05,4.3850473e-06,4.447389e-05,0.00158110692,9.40822938e-05,0.02513155,neutral
6,Q25,9:19:51,0.0190345459,0.872055352,2.280755e-05,6.126299e-06,6.732766e-05,0.005227551,0.000357043784,0.103229254,neutral
6,Q25,9:19:53,0.0398595333,0.7539837,1.73460212e-05,4.33231e-06,3.354533e-05,0.005905276,0.000524382049,0.199671879,neutral
6,Q25,9:19:57,0.0183490962,0.9753993,3.95100942e-05,1.07635342e-05,0.000219181209,0.00155921362,0.0008078701,0.00361502636,neutral
6,Q25,9:19:59,0.0190250315,0.978886843,6.95766e-06,2.07729931e-06,7.60773037e-05,0.000366579654,6.327055e-05,0.0015731348,neutral
6,Q25,9:20:01,0.018968,0.9784891,9.643203e-06,2.34726622e-06,6.988785e-05,0.0007422235,0.000159281,0.00155952934,neutral
6,Q25,9:20:03,0.0133863436,0.981742,6.8347963e-06,1.24211192e-06,3.90963069e-05,0.0009103442,0.000109868328,0.00380423,neutral
6,Q25,9:20:05,0.009802081,0.9773462,1.86665184e-05,1.27751321e-06,4.352348e-05,0.00315201725,0.000647651555,0.008988583,neutral
6,Q25,9:20:07,0.008739817,0.939876556,2.98916784e-05,2.36435017e-06,4.10644279e-05,0.003854605,0.000157783375,0.0472979471,neutral
6,Q25,9:20:09,0.0173077751,0.942386031,1.11844893e-05,3.8133594e-06,4.29293541e-05,0.00271922979,0.0001033119,0.03742571,neutral
6,Q25,9:20:11,0.01007743,0.9404573,1.13231044e-05,2.656234e-06,3.82567923e-05,0.005837611,0.000173628388,0.0434018224,neutral
6,Q25,9:20:13,0.0247534849,0.9546951,2.53237886e-05,1.65378162e-06,3.86426073e-05,0.0006584475,5.78445761e-05,0.0197694823,neutral
6,Q25,9:20:15,0.0206056274,0.955996156,4.741787e-06,2.575347e-06,3.05032645e-05,0.0025918344,6.960062e-05,0.0206989832,neutral
6,Q25,9:20:17,0.0165225267,0.923702538,1.88551858e-05,3.775751e-06,3.472964e-05,0.00233372231,6.77033e-05,0.05731613,neutral
6,Q25,9:20:19,0.03096907,0.9413237,6.36799268e-06,2.84629164e-06,1.83591819e-05,0.00222289166,6.799298e-05,0.0253888,neutral
6,Q25,9:20:21,0.0176354032,0.9604456,3.23911627e-05,4.417063e-06,5.586602e-05,0.00341685559,0.000125536826,0.0182839222,neutral
6,Q25,9:20:23,0.009487291,0.7513767,4.325439e-05,4.8730335e-06,5.01338764e-05,0.005064243,0.00030421844,0.2336693,neutral
6,Q25,9:20:25,0.0168789867,0.9152003,2.2121354e-05,8.654094e-06,5.979388e-05,0.007743315,0.0003444893,0.05974233,neutral
6,Q25,9:20:27,0.0144989416,0.9806163,1.17286454e-05,9.323478e-07,6.00095264e-05,0.00191761926,0.00012365474,0.00277082622,neutral
6,Q25,9:20:31,0.0129327457,0.954650939,0.00105936348,0.00147760753,0.004464832,0.0171186328,0.003370592,0.00492526,neutral
6,Q25,9:20:37,0.0251722764,0.9682416,0.000618852733,0.000424705,0.00156954175,0.0002348564,3.76175e-05,0.00370060187,neutral
6,Q25,9:20:39,0.0565422438,0.9182435,0.00221901713,0.001609814,0.0204144809,0.0007899513,8.49691642e-05,9.597519e-05,neutral
6,Q25,9:20:41,0.0548035726,0.940763652,0.000196285429,0.00115714513,0.00291374931,0.000149373926,1.84243493e-06,1.44005871e-05,neutral
6,Q25,9:20:43,0.09091083,0.9079902,8.299582e-05,0.0002300215,0.00067746616,9.897839e-05,9.19261e-07,8.590928e-06,neutral
6,Q25,9:20:45,0.0379579961,0.959658,0.000171500287,0.0003535939,0.00163005071,0.000216790475,1.1447928e-06,1.08690974e-05,neutral
6,Q25,9:20:47,0.0482320823,0.8703599,0.0064029526,0.00340168527,0.06931048,0.00170771859,0.00041179455,0.000173406952,neutral
6,Q25,9:20:49,0.0424407,0.9046305,0.008614026,0.0114199175,0.0295578577,0.00249175355,0.0003659179,0.000479357928,neutral
6,Q25,9:20:51,0.0552422479,0.875418246,0.0128267091,0.0117943948,0.04229842,0.0016174285,0.0002882233,0.000514306768,neutral
7,Q25,14:49:45,0.004395106,0.7317988,0.108403519,0.00108274678,0.000433359179,0.0003968313,2.02983065e-05,0.153469309,neutral
7,Q25,14:49:50,0.121215396,0.6480401,0.140577853,0.00709149,0.008677678,0.009377717,0.00497485232,0.0600449257,neutral
7,Q25,14:49:54,0.124361068,0.7379313,0.0602342,0.001432761,0.0008710446,0.008463571,0.003800918,0.0629051253,neutral
7,Q25,14:49:59,0.07350025,0.8211448,0.03935003,0.00241654878,0.00197644765,0.010164788,0.00406339345,0.0473836958,neutral
7,Q25,14:50:14,0.2958099,0.6109977,0.07173765,0.00257354323,0.00333796744,0.0005229722,0.000242708353,0.0147775663,neutral
7,Q25,14:50:19,0.5656085,0.370021075,0.0543477051,0.00209521572,0.003995909,0.00047616128,0.000306845846,0.0031486256,sadness
7,Q25,14:50:24,0.588103354,0.341724068,0.0619274974,0.00211537164,0.00364480074,0.000391434674,0.000260739762,0.00183274364,sadness
7,Q25,14:50:29,0.6426953,0.309714,0.0413808636,0.001754245,0.003109822,0.000240259484,0.000145774233,0.0009597749,sadness
7,Q25,14:50:34,0.5789054,0.346343458,0.06802544,0.0021498003,0.00163364073,0.000180110452,0.0001512026,0.00261093141,sadness
7,Q25,14:50:45,0.6316803,0.339817047,0.025691241,0.000479468174,0.00105287065,0.000125233579,0.0001123304,0.00104152376,sadness
7,Q25,14:50:54,0.5793034,0.350952,0.06439449,0.00128873182,0.00128215738,0.00014863821,0.000152516091,0.00247806916,sadness
7,Q25,14:50:59,0.10299094,0.8494274,0.0427923128,0.000720105658,0.0005239005,0.000309299765,8.765816e-05,0.00314834737,neutral
7,Q25,14:51:04,0.116426505,0.8406935,0.0301883277,0.004007495,0.00191510515,0.003378871,0.0008368502,0.00255338964,neutral
7,Q25,14:51:19,0.004987657,0.910413861,0.0281722154,0.000292094366,4.95362547e-05,0.0003373162,1.443876e-06,0.05574589,neutral
7,Q25,14:51:24,0.001860919,0.8200149,0.0334162824,0.0005499334,0.000262138841,9.27710062e-05,2.38142388e-06,0.143800676,neutral
7,Q25,14:51:29,0.008851972,0.779365242,0.004344921,0.006632022,0.00146869151,0.195828259,0.00195771852,0.00155115419,neutral
8,Q25,10:18:25,0.0256686341,0.972773969,0.000321688858,8.651188e-05,5.602186e-05,0.0009702302,3.61402963e-05,8.679401e-05,neutral
8,Q25,10:18:31,0.00105779117,0.9987797,0.000115066759,1.37181144e-06,1.02955846e-05,3.35812547e-05,2.41320237e-07,1.90924879e-06,neutral
8,Q25,10:18:33,0.00176682381,0.997949541,9.503557e-05,5.000165e-06,3.280516e-05,0.000119849443,1.40502357e-06,2.95299524e-05,neutral
8,Q25,10:18:35,0.003126703,0.9939826,0.0008679361,3.344831e-05,0.0016890734,0.0002731249,1.0972818e-05,1.6099415e-05,neutral
8,Q25,10:18:37,0.0211547464,0.9713414,0.0002597662,9.012812e-05,6.194941e-05,0.00695136329,9.196974e-05,4.869546e-05,neutral
8,Q25,10:18:41,0.009646485,0.9709709,0.001125657,0.001748647,0.000788220554,0.0153458649,8.85476256e-05,0.0002856663,neutral
8,Q25,10:18:43,0.00594250765,0.88995856,0.00124140142,0.003794365,0.00177133328,0.09656434,0.000269898184,0.000457590242,neutral
8,Q25,10:18:45,0.0241959542,0.927635,0.00170069491,0.008549858,0.00168405171,0.035562627,0.0001924127,0.000479414884,neutral
8,Q25,10:19:01,0.00167500542,0.98954016,0.00511049759,9.938773e-05,0.001974049,0.000464127254,1.45719323e-05,0.00112220563,neutral
8,Q25,10:19:03,7.759694e-05,0.992586136,0.0065859505,4.865541e-06,6.14107e-05,6.56487055e-06,8.55465e-09,0.0006774742,neutral
8,Q25,10:19:11,0.0008813547,0.997109354,0.000868308067,2.36067281e-05,0.0002407473,0.0005831602,1.31364668e-05,0.000280328415,neutral
8,Q25,10:19:17,0.0005934323,0.9852327,0.000433108129,6.077769e-06,8.582118e-06,5.24379575e-05,7.979695e-08,0.0136735663,neutral
8,Q25,10:19:21,0.002488795,0.958192348,0.000105985062,9.89364e-05,0.00017855881,0.03876917,8.81502347e-05,7.80396e-05,neutral
8,Q25,10:19:31,0.00238527986,0.974624038,0.000662781531,0.00111500244,0.00105856452,0.0200320575,4.45540936e-05,7.769327e-05,neutral
8,Q25,10:19:33,0.0102410847,0.973674357,0.00352788786,0.00260787155,0.00129242637,0.007902618,0.000166011843,0.000587732939,neutral
8,Q25,10:19:35,0.00613835454,0.966317832,0.001131866,0.00151414482,0.0008429173,0.0237481557,0.000123443722,0.000183276454,neutral
8,Q25,10:19:37,0.00440292945,0.971186,0.000521920971,0.000557921361,0.000491798855,0.0226497,0.000107086271,8.266215e-05,neutral
8,Q25,10:19:39,0.0037802658,0.986997962,0.001142082,0.0007537896,0.0006238084,0.00651704147,7.827247e-05,0.000106752996,neutral
8,Q25,10:19:47,0.0037752795,0.976991534,0.0006162716,0.000688614848,0.0006678397,0.0171194971,5.94346748e-05,8.150529e-05,neutral
8,Q25,10:19:49,0.008044142,0.9309085,0.0006174069,0.001096634,0.000725298247,0.0578385033,0.00021292454,0.00055657234,neutral
8,Q25,10:19:51,0.000423385558,0.988064945,0.0108436691,4.095694e-05,0.000375114556,3.341807e-05,5.88489e-08,0.0002184817,neutral
9,Q25,14:38:47,0.5078385,0.359308839,0.07789597,0.0146097289,0.010594679,0.00585347135,0.0187551677,0.005143657,sadness
9,Q25,14:38:52,0.428473443,0.5610032,0.00573469047,0.0003306305,0.00122973649,0.000916049234,0.00141150889,0.0009007289,neutral
9,Q25,14:38:57,0.3608898,0.470094174,0.056369137,0.00711532636,0.0209369138,0.0244737882,0.05990749,0.000213383566,neutral
9,Q25,14:39:02,0.211844265,0.384237677,0.23979874,0.0154785905,0.009940471,0.03743239,0.09934434,0.00192353944,neutral
9,Q25,14:39:12,0.121866189,0.8721631,0.00307427533,0.0005810415,0.000463579927,0.00152785063,0.000132899208,0.000191040439,neutral
9,Q25,14:39:17,0.0598635152,0.8326931,0.09180372,0.00407692324,0.008471639,0.001977084,0.000352987641,0.0007610251,neutral
9,Q25,14:39:22,0.125993684,0.8532191,0.009927888,0.00281579746,0.00316372816,0.003448359,0.00073367235,0.0006977528,neutral
9,Q25,14:39:27,0.0808565542,0.8893386,0.00635523442,0.00165388244,0.01073271,0.00632584654,0.004492517,0.000244638679,neutral
9,Q25,14:39:32,0.042226702,0.841354668,0.0838037357,0.007324323,0.0156545453,0.00186098774,0.000416992552,0.007358068,neutral
9,Q25,14:39:37,0.0194233041,0.8913975,0.0484257936,0.00337014371,0.007139597,0.00129644317,0.0002573987,0.0286898278,neutral
9,Q25,14:39:42,0.122989453,0.8318697,0.0236489736,0.00697077764,0.00713335676,0.002672966,0.0005592245,0.004155516,neutral
9,Q25,14:39:47,0.14493075,0.709908843,0.0775251761,0.0210310053,0.0288190451,0.004768355,0.00432473468,0.008692093,neutral
9,Q25,14:39:52,0.229966134,0.7426754,0.00681650452,0.00323987962,0.0154177053,0.0008248824,0.0009777074,8.17950058e-05,neutral
9,Q25,14:39:57,0.175544634,0.7641348,0.00525386026,0.00699098827,0.00176722615,0.0426662564,0.003408507,0.000233711078,neutral
9,Q25,14:40:07,0.0456900336,0.908138931,0.00816424,0.00129527017,0.0135617312,0.01219928,0.0108962636,5.42590533e-05,neutral
9,Q25,14:40:12,0.04478043,0.9324445,0.00236837636,0.000353098265,0.0043859994,0.0109941131,0.00464758836,2.58877117e-05,neutral
9,Q25,14:40:17,0.04894445,0.911003351,0.00269597326,0.000672083755,0.00512017775,0.02001557,0.0113974065,0.000151014712,neutral
9,Q25,14:40:22,0.0226551,0.954676747,0.002688363,0.000300383,0.00390568166,0.0117006917,0.003991022,8.20385758e-05,neutral
9,Q25,14:40:27,0.06710991,0.8528387,0.0429581665,0.00662910938,0.02412188,0.00366611965,0.0009921588,0.00168394565,neutral
9,Q25,14:40:32,0.23856841,0.7482476,0.007888364,0.00333738257,0.00131732016,0.00037160053,8.62072338e-05,0.000183101816,neutral
9,Q25,14:40:37,0.2882543,0.6392731,0.028376108,0.0151603874,0.0225166,0.00352160772,0.00203984,0.000858074869,neutral
9,Q25,14:40:42,0.0406705737,0.95294714,0.00211196346,0.000172143365,0.00209726742,0.00149572233,0.0004691254,3.607729e-05,neutral
9,Q25,14:40:47,0.07716062,0.887808,0.004016648,0.001135365,0.0259555876,0.00199866644,0.00188741693,3.766841e-05,neutral
9,Q25,14:40:52,0.4036958,0.54577446,0.0110057741,0.0020297626,0.0274569411,0.00221204082,0.007819803,5.43216174e-06,neutral
9,Q25,14:40:57,0.0114766695,0.755799532,0.1690926,0.00305098132,0.05187136,0.00721657462,0.00111450662,0.000377752731,neutral
9,Q25,14:41:02,0.453072131,0.444331378,0.0104660289,0.00509274425,0.00699000666,0.0122888507,0.0677477,1.11500158e-05,sadness
9,Q25,14:41:07,0.0345255844,0.9449551,0.0129487114,0.000627202,0.005409421,0.001098031,0.000215871449,0.000220085887,neutral
9,Q25,14:41:12,0.05013156,0.639086545,0.105777584,0.00753612025,0.184971943,0.0084981015,0.00385729363,0.000140865377,neutral
9,Q25,14:41:17,0.08493575,0.491608173,0.0571759641,0.00388701982,0.359642833,0.00166553713,0.00107936689,5.36253447e-06,neutral
9,Q25,14:41:22,0.019337371,0.9620898,0.00423559174,0.000128502637,0.0135809612,0.000517854758,9.9296296e-05,1.06195193e-05,neutral
9,Q25,14:41:27,0.09906257,0.636555,0.114407539,0.0110249268,0.100227132,0.0320885442,0.00636094343,0.0002733329,neutral
9,Q25,14:41:32,0.06868196,0.897632658,0.00489427056,0.00104248768,0.0267832354,0.00054059003,0.0003387853,8.599015e-05,neutral
9,Q25,14:41:37,0.244995937,0.6072443,0.0730080158,0.0248505548,0.0348544829,0.008359078,0.00629488751,0.00039275756,neutral
9,Q25,14:41:43,0.2620277,0.734491646,0.001151349,0.001100397,0.0008310099,0.00025286185,4.163931e-05,0.00010336854,neutral
9,Q25,14:38:47,0.5078385,0.359308839,0.07789597,0.0146097289,0.010594679,0.00585347135,0.0187551677,0.005143657,sadness
9,Q25,14:38:52,0.428473443,0.5610032,0.00573469047,0.0003306305,0.00122973649,0.000916049234,0.00141150889,0.0009007289,neutral
9,Q25,14:38:57,0.3608898,0.470094174,0.056369137,0.00711532636,0.0209369138,0.0244737882,0.05990749,0.000213383566,neutral
9,Q25,14:39:02,0.211844265,0.384237677,0.23979874,0.0154785905,0.009940471,0.03743239,0.09934434,0.00192353944,neutral
9,Q25,14:39:12,0.121866189,0.8721631,0.00307427533,0.0005810415,0.000463579927,0.00152785063,0.000132899208,0.000191040439,neutral
9,Q25,14:39:17,0.0598635152,0.8326931,0.09180372,0.00407692324,0.008471639,0.001977084,0.000352987641,0.0007610251,neutral
9,Q25,14:39:22,0.125993684,0.8532191,0.009927888,0.00281579746,0.00316372816,0.003448359,0.00073367235,0.0006977528,neutral
9,Q25,14:39:27,0.0808565542,0.8893386,0.00635523442,0.00165388244,0.01073271,0.00632584654,0.004492517,0.000244638679,neutral
9,Q25,14:39:32,0.042226702,0.841354668,0.0838037357,0.007324323,0.0156545453,0.00186098774,0.000416992552,0.007358068,neutral
9,Q25,14:39:37,0.0194233041,0.8913975,0.0484257936,0.00337014371,0.007139597,0.00129644317,0.0002573987,0.0286898278,neutral
9,Q25,14:39:42,0.122989453,0.8318697,0.0236489736,0.00697077764,0.00713335676,0.002672966,0.0005592245,0.004155516,neutral
9,Q25,14:39:47,0.14493075,0.709908843,0.0775251761,0.0210310053,0.0288190451,0.004768355,0.00432473468,0.008692093,neutral
9,Q25,14:39:52,0.229966134,0.7426754,0.00681650452,0.00323987962,0.0154177053,0.0008248824,0.0009777074,8.17950058e-05,neutral
9,Q25,14:39:57,0.175544634,0.7641348,0.00525386026,0.00699098827,0.00176722615,0.0426662564,0.003408507,0.000233711078,neutral
9,Q25,14:40:07,0.0456900336,0.908138931,0.00816424,0.00129527017,0.0135617312,0.01219928,0.0108962636,5.42590533e-05,neutral
9,Q25,14:40:12,0.04478043,0.9324445,0.00236837636,0.000353098265,0.0043859994,0.0109941131,0.00464758836,2.58877117e-05,neutral
9,Q25,14:40:17,0.04894445,0.911003351,0.00269597326,0.000672083755,0.00512017775,0.02001557,0.0113974065,0.000151014712,neutral
9,Q25,14:40:22,0.0226551,0.954676747,0.002688363,0.000300383,0.00390568166,0.0117006917,0.003991022,8.20385758e-05,neutral
9,Q25,14:40:27,0.06710991,0.8528387,0.0429581665,0.00662910938,0.02412188,0.00366611965,0.0009921588,0.00168394565,neutral
9,Q25,14:40:42,0.0406705737,0.95294714,0.00211196346,0.000172143365,0.00209726742,0.00149572233,0.0004691254,3.607729e-05,neutral
9,Q25,14:40:47,0.07716062,0.887808,0.004016648,0.001135365,0.0259555876,0.00199866644,0.00188741693,3.766841e-05,neutral
9,Q25,14:40:52,0.4036958,0.54577446,0.0110057741,0.0020297626,0.0274569411,0.00221204082,0.007819803,5.43216174e-06,neutral
9,Q25,14:40:57,0.0114766695,0.755799532,0.1690926,0.00305098132,0.05187136,0.00721657462,0.00111450662,0.000377752731,neutral
9,Q25,14:41:02,0.453072131,0.444331378,0.0104660289,0.00509274425,0.00699000666,0.0122888507,0.0677477,1.11500158e-05,sadness
9,Q25,14:41:07,0.0345255844,0.9449551,0.0129487114,0.000627202,0.005409421,0.001098031,0.000215871449,0.000220085887,neutral
9,Q25,14:41:12,0.05013156,0.639086545,0.105777584,0.00753612025,0.184971943,0.0084981015,0.00385729363,0.000140865377,neutral
9,Q25,14:41:17,0.08493575,0.491608173,0.0571759641,0.00388701982,0.359642833,0.00166553713,0.00107936689,5.36253447e-06,neutral
9,Q25,14:41:22,0.019337371,0.9620898,0.00423559174,0.000128502637,0.0135809612,0.000517854758,9.9296296e-05,1.06195193e-05,neutral
9,Q25,14:41:27,0.09906257,0.636555,0.114407539,0.0110249268,0.100227132,0.0320885442,0.00636094343,0.0002733329,neutral
9,Q25,14:41:32,0.06868196,0.897632658,0.00489427056,0.00104248768,0.0267832354,0.00054059003,0.0003387853,8.599015e-05,neutral
9,Q25,14:41:37,0.244995937,0.6072443,0.0730080158,0.0248505548,0.0348544829,0.008359078,0.00629488751,0.00039275756,neutral
9,Q25,14:41:43,0.2620277,0.734491646,0.001151349,0.001100397,0.0008310099,0.00025286185,4.163931e-05,0.00010336854,neutral
10,Q25,9:20:40,0.0468989946,0.903281748,0.01454148,0.00314704771,0.001122291,0.0288231485,0.00199285266,0.000192422231,neutral
10,Q25,9:20:44,0.00181853736,0.9895561,0.0027714842,0.000482284639,0.000188597551,0.00403995346,1.66871832e-05,0.00112636993,neutral
10,Q25,9:20:50,0.0102037,0.9837924,0.0030225832,2.27301061e-05,0.000157202958,0.00247706939,0.000283808826,4.04826351e-05,neutral
10,Q25,9:20:52,0.009128231,0.964150846,0.00245249458,6.386312e-05,0.0004340841,0.0228540637,0.0008563407,6.00595667e-05,neutral
10,Q25,9:20:58,0.0024966877,0.969999731,0.009568245,0.000361038081,0.0003604216,0.00745986262,0.000106702093,0.009647328,neutral
10,Q25,9:21:00,0.00659602275,0.9053355,0.00125286658,6.821608e-05,0.000556166167,0.08456777,0.00119616184,0.000427294464,neutral
10,Q25,9:21:04,0.08736187,0.9104627,0.0005182247,7.61736646e-06,0.000115993396,0.001228985,0.000165157588,0.000139458352,neutral
10,Q25,9:21:06,0.212167725,0.7855056,0.001575769,7.194962e-05,0.000351299968,0.000214857209,1.82008753e-05,9.46205546e-05,neutral
10,Q25,9:21:10,0.03365499,0.959081233,0.00334506,0.000320369116,0.000404964434,0.00269942172,5.97124344e-05,0.00043425546,neutral
10,Q25,9:21:16,0.0315376967,0.916622,0.004539313,0.00303235324,0.00388369849,0.0372291952,0.00166286388,0.00149289612,neutral
10,Q25,9:21:18,0.00272724638,0.9951139,0.000594911864,2.95946356e-05,2.43231825e-05,0.00140049367,8.674385e-06,0.000100841986,neutral
10,Q25,9:21:24,0.002746469,0.9165818,0.001581798,0.005709805,0.00287259044,0.0688215643,0.000319202256,0.001366764,neutral
10,Q25,9:21:28,0.0148553168,0.9457043,0.00269926945,0.001631798,0.00158651755,0.0308710653,0.00162963476,0.00102212734,neutral
10,Q25,9:21:34,0.009260277,0.9480223,0.00553582236,0.000348047,0.0005657437,0.03511982,0.000547390839,0.0006005941,neutral
10,Q25,9:21:38,0.0133690434,0.9522269,0.0201090649,0.000369212416,0.0009699365,0.008661991,0.000388085784,0.00390579225,neutral
10,Q25,9:21:40,0.04266464,0.9436781,0.00306194462,0.000620906532,0.000424510741,0.009114719,0.000285587448,0.0001496379,neutral
10,Q25,9:21:56,0.000353543437,0.0204949,7.565835e-05,0.000395651674,0.000232925464,0.000340818136,6.669097e-06,0.9780998,happiness
10,Q25,9:22:00,0.000306073576,0.0339624919,0.00111775694,0.0469357781,0.00290948362,0.000333845557,2.88950923e-06,0.9144317,happiness
10,Q25,9:22:06,0.3977986,0.601617038,0.000140557444,9.077438e-06,0.000139723212,7.66438243e-05,4.58620671e-05,0.000172473621,neutral
10,Q25,9:22:10,0.09581456,0.855673432,0.0227044523,0.000324438763,0.00121731916,0.0205591172,0.003492246,0.000214438478,neutral
10,Q25,9:22:12,0.129763559,0.804038048,0.037073575,0.000227807381,0.0006474125,0.0266532023,0.00146270578,0.000133680645,neutral
10,Q25,9:22:14,0.107168362,0.82446903,0.03232982,0.0004604258,0.00119332236,0.0311525743,0.002996744,0.000229743877,neutral
10,Q25,9:22:16,0.0776051,0.7044181,0.058767803,0.0006596549,0.00112955132,0.149979129,0.00674690166,0.000693723,neutral
10,Q25,9:22:20,0.05253055,0.9326424,0.009667335,0.000213324383,0.00051039824,0.003897859,0.00039048816,0.000147656727,neutral
10,Q25,9:22:22,0.06855024,0.9094982,0.0176698137,8.040504e-05,0.0004689486,0.0033371062,0.000333608623,6.166456e-05,neutral
10,Q25,9:22:39,0.00108370453,0.07338855,0.00156960334,0.000524103234,0.000244294264,0.00147066347,9.55816e-06,0.921709538,happiness
10,Q25,9:23:10,0.0394915268,0.875520945,0.04011848,0.000873622135,0.000465618185,0.00183578837,0.0001076139,0.0415864065,neutral
10,Q25,9:23:22,0.0109268064,0.784747362,0.01574191,0.00665579364,0.00232149777,0.008631344,0.000313855038,0.170661449,neutral
11,Q25,11:12:23,0.000173126275,0.9956418,0.0001296243,3.73980038e-05,0.003073792,0.0007848241,1.07691658e-05,0.000148609877,neutral
11,Q25,11:12:33,6.90622837e-05,0.0110822227,0.000528760254,3.0281828e-05,3.770252e-05,3.74055321e-06,5.704171e-07,0.988247633,happiness
11,Q25,11:12:35,4.67799327e-05,0.9995617,8.271544e-05,2.19978529e-06,0.000127620267,0.000116511612,2.4827616e-06,5.99824743e-05,neutral
11,Q25,11:12:45,0.030419955,0.950610042,0.00142375648,0.00203898,0.00217273831,0.0105719622,0.00143283908,0.00132970815,neutral
11,Q25,11:13:40,0.01921893,0.9799813,0.0003917055,3.94619346e-05,0.000138673859,0.000201217772,6.76681748e-06,2.19419762e-05,neutral
11,Q25,11:13:48,0.00268723164,0.995988369,0.000189181359,9.954161e-06,4.174703e-05,0.00104412972,2.461194e-05,1.47860674e-05,neutral
11,Q25,11:13:54,0.00624391064,0.9797322,0.0005907544,0.000497971,0.0008466476,0.0107660629,0.000371249072,0.0009511601,neutral
11,Q25,11:13:58,0.009441708,0.986636,0.00173383486,0.000460873038,0.0002940409,0.00128772482,5.089569e-05,9.493181e-05,neutral
11,Q25,11:14:00,0.00729216263,0.9902031,0.000723930367,0.000244831841,0.000264962728,0.000905865338,3.43853753e-05,0.0003307789,neutral
11,Q25,11:14:58,0.00113884988,0.998277545,3.628869e-05,2.96455869e-06,0.000204300246,4.968323e-05,2.26633938e-06,0.000288102368,neutral
12,Q25,14:35:43,0.4122805,0.5733077,0.006389247,0.00236047781,0.004271315,0.000695047551,0.000502084149,0.000193644184,neutral
12,Q25,14:35:47,0.139981687,0.846532345,0.00630319864,0.0009154213,0.00594480569,0.000193706641,7.024547e-05,5.86073838e-05,neutral
12,Q25,14:35:52,0.03241001,0.966441154,0.0005634011,8.207008e-05,0.000287057628,0.000138021031,2.47379267e-05,5.3543954e-05,neutral
12,Q25,14:35:57,0.102051288,0.8973806,0.00027820596,4.94587657e-05,8.168226e-05,0.00010649515,2.6045991e-05,2.62157973e-05,neutral
12,Q25,14:36:02,0.336491734,0.647511542,0.005556807,0.001098112,0.00695524924,0.00118317117,0.00111017388,9.322688e-05,neutral
12,Q25,14:36:07,0.445561081,0.509092331,0.0238288064,0.005771914,0.0127591183,0.00119838014,0.00148792763,0.00030043337,neutral
12,Q25,14:36:12,0.5056622,0.4790048,0.007945894,0.00274606165,0.003349089,0.0005115649,0.000689335749,9.107024e-05,sadness
12,Q25,14:36:17,0.4532994,0.5374,0.004376917,0.00168595428,0.001363416,0.000879130559,0.000818622764,0.000176546091,neutral
12,Q25,14:36:22,0.5247533,0.4597374,0.00752441,0.00288414932,0.00266884477,0.00136379257,0.000864101865,0.000204075215,sadness
12,Q25,14:36:27,0.0870362,0.9024895,0.000601550855,0.0008169809,0.00609939,0.00165502157,0.0012938584,7.5334824e-06,neutral
12,Q25,14:36:32,0.0612136759,0.9372009,0.000102860518,1.59117226e-05,6.758778e-05,0.0007139513,0.000684692233,4.130703e-07,neutral
12,Q25,14:36:37,0.240236565,0.756029844,0.00162024877,8.11609862e-05,0.0008767335,0.000477783149,0.0005030107,0.000174640765,neutral
12,Q25,14:36:42,0.2774848,0.7090704,0.007968628,0.0005537351,0.003407953,0.000563882757,0.0006958482,0.0002547807,neutral
12,Q25,14:36:47,0.264494926,0.72296375,0.003072235,0.0009083796,0.00426310254,0.002005793,0.00190084951,0.0003909971,neutral
12,Q25,14:36:52,0.218135,0.7667047,0.00346332113,0.001098249,0.00256008166,0.00455448637,0.00310456916,0.000379583071,neutral
12,Q25,14:36:57,0.05792274,0.914432347,0.002523318,0.00415433664,0.007936418,0.00727819372,0.00466939854,0.00108327286,neutral
12,Q25,14:37:02,0.09314367,0.9019709,0.00181691325,0.000285248418,0.0009871625,0.00109150191,0.00050106697,0.000203498115,neutral
12,Q25,14:37:07,0.299453437,0.6602382,0.0233131945,0.00559588149,0.00738135958,0.00192935136,0.00145480863,0.000633784162,neutral
12,Q25,14:37:12,0.04030097,0.946299136,0.00309647946,0.002170336,0.003340451,0.00136566744,0.000207349134,0.00321961427,neutral
12,Q25,14:37:17,0.0600457825,0.9353597,0.0016944583,0.000631443341,0.00150062284,0.000443354045,9.799718e-05,0.000226605538,neutral
12,Q25,14:37:22,0.374954075,0.5961438,0.0222240333,0.000927438436,0.002376052,0.00161566364,0.000398650125,0.001360315,neutral
12,Q25,14:37:27,0.2315607,0.7639117,0.00190841733,0.0006602211,0.00120831851,0.0002957928,0.000189051556,0.000265756564,neutral
12,Q25,14:37:32,0.0650988743,0.8910822,0.0134190712,0.0006151311,0.0294091478,0.000293218531,5.71660348e-05,2.5186866e-05,neutral
12,Q25,14:37:37,0.3110645,0.6822512,0.00302266469,0.00116466451,0.001282505,0.0006898461,0.0003907482,0.000133860362,neutral
13,Q25,15:13:59,0.0174266435,0.9808454,0.001698309,9.578088e-07,2.54780352e-05,3.00306988e-06,1.39109062e-07,6.227017e-08,neutral
13,Q25,15:14:04,0.00420731166,0.991719067,0.00400561932,1.1798121e-06,5.026161e-05,1.55065118e-05,5.038028e-07,5.520984e-07,neutral
13,Q25,15:14:09,0.00368557149,0.996130764,0.0001771431,1.31612751e-07,4.057039e-06,2.23313737e-06,5.127105e-08,1.85103026e-08,neutral
13,Q25,15:14:14,0.006581618,0.9932111,0.000197372559,1.80841781e-07,6.32168849e-06,3.298645e-06,1.11690412e-07,2.63026756e-08,neutral
13,Q25,15:14:19,0.00107460271,0.9985474,0.0003746969,4.354052e-08,3.05719232e-06,1.9139587e-07,2.442736e-09,4.21009076e-08,neutral
13,Q25,15:14:24,0.0029456683,0.996848047,0.000198091147,8.38974259e-08,5.814493e-06,2.16834542e-06,3.63366119e-08,1.09243111e-07,neutral
13,Q25,15:14:29,0.001299891,0.9985406,0.000135990063,2.91014743e-07,1.17299805e-05,1.13622373e-05,1.216912e-07,5.92842575e-08,neutral
13,Q25,15:14:34,0.0009838841,0.998933554,7.36157162e-05,5.75826355e-08,3.230577e-06,5.6109493e-06,3.95442363e-08,1.68449876e-08,neutral
13,Q25,15:14:39,0.006605377,0.9932096,0.000156350376,1.933091e-07,1.82484073e-05,9.867587e-06,3.266719e-07,1.4608605e-08,neutral
13,Q25,15:14:44,0.00473599276,0.99452,0.000507603632,4.93278435e-07,1.97579811e-05,0.000212356332,2.14480565e-06,1.65893334e-06,neutral
13,Q25,15:14:49,0.00126825657,0.99780947,0.000634632539,2.91890842e-07,9.65938852e-06,0.000270331977,4.65146684e-07,6.90125262e-06,neutral
13,Q25,15:14:54,0.0023396262,0.9964813,0.00116975,2.06769585e-07,6.69125438e-06,2.27688e-06,4.81755826e-08,7.184359e-08,neutral
13,Q25,15:14:59,0.0233973432,0.975267351,0.001281293,2.25022472e-06,2.24629348e-05,2.79299929e-05,3.937772e-07,9.46927855e-07,neutral
14,Q25,8:57:55,0.171843842,0.780150235,0.03179531,0.00494250143,0.00601145951,0.00340895844,0.000466395955,0.00138127152,neutral
14,Q25,8:57:57,0.00431196857,0.296187878,0.017923614,0.00462858239,0.006893582,0.128763035,0.004384544,0.5369068,happiness
14,Q25,8:57:59,0.15799734,0.788059652,0.0286476668,0.00148964475,0.008003285,0.00920026749,0.00284679583,0.00375534524,neutral
14,Q25,8:58:01,0.0943750143,0.758507967,0.0612973943,0.008766606,0.0215168037,0.01693801,0.005746842,0.0328513831,neutral
14,Q25,8:58:07,0.01191477,0.961859345,0.0124296267,0.000781530165,0.00275270245,0.00243733171,0.000333129283,0.007491539,neutral
14,Q25,8:58:09,0.0959569439,0.8010682,0.08129893,0.00349086756,0.00530668255,0.00445060758,0.0006044528,0.007823309,neutral
14,Q25,8:58:11,0.0549410172,0.860297859,0.06460916,0.005795685,0.005822571,0.004231678,0.000186891732,0.004115133,neutral
14,Q25,8:58:13,0.214429691,0.5858127,0.152900368,0.0132405283,0.016561823,0.00284807477,0.0007079885,0.0134988157,neutral
14,Q25,8:58:15,0.125679731,0.715038359,0.08313473,0.0126049081,0.0243855268,0.0109509891,0.002764577,0.0254411567,neutral
14,Q25,8:58:25,0.0289182886,0.9093289,0.0254576579,0.00087170233,0.00162434008,0.0214347988,0.0014541049,0.0109102186,neutral
14,Q25,8:58:33,0.118283108,0.7857701,0.0520761162,0.00716273068,0.0134674562,0.0101383887,0.00103502627,0.0120670851,neutral
14,Q25,8:58:43,0.137073025,0.82753557,0.020177396,0.003344423,0.006299973,0.00237465813,0.0001732847,0.00302164746,neutral
14,Q25,8:58:51,0.08852394,0.740922034,0.09563207,0.00724025,0.0179175865,0.02175449,0.00143597974,0.0265736748,neutral
14,Q25,8:58:55,0.0547879264,0.888529062,0.0249407627,0.00640326552,0.008354037,0.0136933774,0.0009295117,0.00236202963,neutral
14,Q25,8:58:57,0.06530756,0.8838898,0.0272568446,0.00400445843,0.007888718,0.00284516229,0.0005061031,0.008301364,neutral
14,Q25,8:59:07,0.136045247,0.84135586,0.0166867822,0.00179948984,0.00145758956,0.00163769652,0.000123536083,0.000893822,neutral
14,Q25,8:59:13,0.00638182368,0.500843,0.003088224,0.0007217419,0.001077582,0.467408121,0.00207826681,0.0184012689,neutral
14,Q25,8:59:15,0.0349643342,0.8884813,0.0356785357,0.00210573128,0.00610885071,0.0245176163,0.000679490448,0.007464127,neutral
14,Q25,8:59:17,0.014317126,0.9364621,0.016757967,0.00119037915,0.00112403149,0.02635913,0.00245423266,0.00133503426,neutral
14,Q25,8:59:23,0.0313816853,0.9335747,0.0229774676,0.000546760042,0.00208091037,0.003756098,8.08484037e-05,0.00560158351,neutral
14,Q25,8:59:25,0.07625634,0.8514855,0.0578307547,0.0006313486,0.00228914688,0.00110051408,6.71323651e-05,0.0103392946,neutral
14,Q25,8:59:27,0.08721353,0.8126967,0.060822878,0.00252549956,0.00328323431,0.008775412,0.0005150709,0.02416768,neutral
14,Q25,8:59:29,0.0786111951,0.901134431,0.00681238947,0.000717890449,0.0013951991,0.0093067,0.000223094365,0.00179908832,neutral
14,Q25,8:59:31,0.0371412076,0.9160931,0.0168894455,0.00073034555,0.00229839631,0.0260726586,0.000311523443,0.000463285862,neutral
14,Q25,8:59:45,0.046098426,0.915478,0.01232948,0.00264056213,0.0214300528,0.00160634832,6.288652e-05,0.000354281423,neutral
14,Q25,8:59:55,0.0245671216,0.853056,0.01742628,0.00135709217,0.001532835,0.00103599159,0.000102813436,0.100921825,neutral
14,Q25,8:59:59,0.0921878144,0.808374047,0.05425715,0.00724066375,0.009841435,0.00226793787,0.000347383844,0.0254835412,neutral
14,Q25,9:00:17,0.04778822,0.8619774,0.0152273895,0.00296877627,0.007505845,0.0430605151,0.00178605167,0.0196858328,neutral
14,Q25,9:00:23,0.02433093,0.6231466,0.008063286,0.00442353124,0.00743597234,0.317169517,0.00421577739,0.0112143708,neutral
14,Q25,9:00:31,0.0656545162,0.8571158,0.0148033416,0.00494436966,0.016519865,0.0177535769,0.00158664142,0.0216219,neutral
14,Q25,9:00:35,0.0243129469,0.8948496,0.008649171,0.00150307373,0.00463225739,0.0488671921,0.00144620065,0.0157395769,neutral
14,Q25,9:00:37,0.04641817,0.9120097,0.00769041572,0.00116026774,0.0032689285,0.0252025835,0.0009224499,0.003327482,neutral
15,Q25,14:54:11,0.003728617,0.9957298,0.000383885985,7.55002429e-06,7.011846e-06,9.8855955e-05,1.64336768e-06,4.260395e-05,neutral
15,Q25,14:54:16,0.00180765439,0.9974875,0.0004746934,4.29486954e-06,1.938824e-06,0.000177396883,1.59795422e-06,4.49431282e-05,neutral
15,Q25,14:54:21,0.028412573,0.9708717,0.0005744223,5.325447e-06,7.241395e-07,0.000124502927,1.29415275e-06,9.489671e-06,neutral
15,Q25,14:54:26,0.00137290033,0.996981561,0.00103019632,7.662043e-06,2.648118e-06,0.000447355,9.11655e-06,0.00014858834,neutral
15,Q25,14:54:31,0.00387110072,0.6196872,0.02219147,0.000126830128,7.824038e-05,5.95877973e-05,2.24237579e-06,0.3539833,neutral
15,Q25,14:54:36,0.00274599856,0.5606134,0.0372557379,0.00013421214,5.817277e-05,0.000255269581,2.92548839e-06,0.3989343,neutral
15,Q25,14:54:41,0.007668933,0.991636157,0.000616681355,4.03770855e-06,2.01728676e-06,5.51382473e-05,9.883552e-07,1.60395666e-05,neutral
15,Q25,14:54:46,0.0164355263,0.9783227,0.002151973,1.983086e-05,1.18024936e-05,0.00271833129,0.000198472175,0.000141368742,neutral
15,Q25,14:54:51,0.008383245,0.9854674,0.00454107439,3.0135272e-05,7.13019253e-05,0.00109357049,5.363951e-05,0.000359647936,neutral
15,Q25,14:54:56,0.00327085564,0.9930806,0.00106392277,1.756293e-05,1.72343389e-05,0.00219790125,2.8943401e-05,0.000322954875,neutral
15,Q25,14:55:01,0.012224718,0.9843881,0.0014304,1.79545332e-05,9.025231e-06,0.00162178313,5.07043878e-05,0.000257295353,neutral
15,Q25,14:55:06,0.0111590084,0.9698,0.0157794934,5.5845423e-05,2.45344381e-05,0.001889876,8.032635e-05,0.00121091714,neutral
15,Q25,14:55:11,0.0346298032,0.954447269,0.00459248153,5.34342471e-05,8.204702e-05,0.00557234557,0.000434113579,0.000188534279,neutral
15,Q25,14:55:16,0.0591706634,0.9345433,0.00340849,4.86070749e-05,5.955486e-05,0.00259110937,0.000138169751,4.01003963e-05,neutral
15,Q25,14:56:01,0.0154322274,0.9796578,0.00358812581,1.39621388e-05,2.45605952e-06,0.000328716327,2.28150088e-06,0.00097438076,neutral
15,Q25,14:56:11,0.183708742,0.722612858,0.07368577,0.000486673351,0.001203528,0.006829123,0.007926864,0.00354642817,neutral
15,Q25,14:56:26,0.245111674,0.743747234,0.00719578657,0.000133629568,2.91043689e-05,0.00301410281,0.000324957335,0.000443532452,neutral
16,Q25,10:40:18,0.0117835552,0.876403034,0.000320767227,0.0003630861,0.0002543879,0.107274689,0.00346388645,0.000136588817,neutral
16,Q25,10:40:34,0.005838723,0.98777926,0.000757709437,0.000346182875,0.000256922416,0.0044024433,4.57757633e-05,0.0005730039,neutral
16,Q25,10:40:42,0.007289112,0.9730683,0.0004079067,0.0002224728,0.000149744548,0.018632438,0.000144024671,8.600828e-05,neutral
16,Q25,10:40:44,0.0112291239,0.9036013,0.000198911453,0.000318721664,0.000136917166,0.08148652,0.002812882,0.00021563565,neutral
16,Q25,10:40:45,0.00980562,0.9544734,0.0008154157,0.00047670037,0.0002434933,0.0330965854,0.0005416693,0.000547114352,neutral
16,Q25,10:40:48,0.006504614,0.938678265,0.000428968517,0.0001909234,9.083788e-05,0.0536358,0.0004017162,6.889327e-05,neutral
17,Q25,15:06:23,0.00260064634,0.984391,0.00135843153,0.000331276446,0.000402371166,0.009752876,7.82480347e-05,0.00108518859,neutral
17,Q25,15:06:28,0.00167885283,0.9917383,0.00135141436,5.33866551e-05,0.000143600642,0.0048013893,1.90895917e-05,0.000213932086,neutral
17,Q25,15:06:33,0.00335843861,0.9735311,0.0005399469,7.678493e-05,0.000125081,0.0221803281,2.83702047e-06,0.000185473677,neutral
17,Q25,15:06:38,0.000498368,0.9988124,0.0004962461,3.22390088e-06,9.730024e-05,8.51913e-05,6.48101832e-07,6.654993e-06,neutral
17,Q25,15:06:43,0.00108269986,0.986679,0.00236885622,0.00011482618,0.0009891563,0.008694616,1.28743959e-05,5.79385669e-05,neutral
17,Q25,15:06:48,0.00173859682,0.97944814,0.00186660525,8.143803e-05,0.000556402665,0.0162482243,1.784029e-05,4.27406667e-05,neutral
17,Q25,15:06:53,0.00198558369,0.9833764,0.00466368627,0.000187701327,0.000816330139,0.008642751,1.88973245e-05,0.000308659,neutral
17,Q25,15:06:58,0.0007395065,0.9930411,0.00164992129,5.68443538e-05,0.00116967259,0.00327172363,1.04840074e-05,6.07723632e-05,neutral
17,Q25,15:07:03,0.007145053,0.9074984,0.000318930775,0.0001709417,0.000175282083,0.08436624,5.1812196e-05,0.000273300073,neutral
18,Q25,13:59:18,0.119208127,0.880499542,8.3302024e-05,4.49399558e-05,7.500576e-05,8.49500357e-05,5.23713936e-07,3.58593888e-06,neutral
18,Q25,13:59:36,0.23584789,0.7639519,5.48415471e-07,4.46222366e-05,5.18276065e-05,1.19647557e-05,8.078895e-07,9.04262852e-05,neutral
18,Q25,13:59:44,0.108698554,0.8911678,1.04509645e-05,2.23664556e-05,1.68211463e-05,4.31235749e-05,2.619813e-07,4.057782e-05,neutral
18,Q25,14:00:20,0.0154689886,0.97380805,0.00405214075,0.000416573923,0.00209052931,0.00238003023,0.000395023118,0.00138866587,neutral
18,Q25,14:00:40,0.45168975,0.544122159,0.00409204047,8.985171e-06,5.72294957e-05,1.70272961e-05,8.082202e-06,4.72144256e-06,neutral
18,Q25,14:00:42,0.490037769,0.5034128,0.00631613145,2.32457442e-05,0.000108446649,6.81391539e-05,2.25631447e-05,1.09425855e-05,neutral
18,Q25,14:00:44,0.5173254,0.47315836,0.009309122,2.61408768e-05,0.000138301184,2.2031516e-05,8.561848e-06,1.2042723e-05,sadness
18,Q25,14:00:46,0.446070671,0.543509543,0.0102911536,1.61045828e-05,6.922945e-05,2.52436421e-05,8.784949e-06,9.291152e-06,neutral
18,Q25,14:00:48,0.341383368,0.65551573,0.00302746985,4.601082e-06,4.38845927e-05,1.67032576e-05,6.61133072e-06,1.655535e-06,neutral
18,Q25,14:00:50,0.581502259,0.415951252,0.00250648,2.89266154e-06,2.65726812e-05,5.45565536e-06,2.7162173e-06,2.39546284e-06,sadness
18,Q25,14:00:52,0.56256,0.436020136,0.00134513667,3.59818819e-06,5.0411436e-05,1.4389253e-05,5.19508649e-06,1.14945567e-06,sadness
18,Q25,14:00:54,0.130614147,0.8600415,0.00923513,1.19678243e-05,6.733594e-05,2.2713366e-05,3.363244e-06,3.825059e-06,neutral
19,Q25,14:37:34,0.00311791734,0.824899554,0.0005223787,0.00158820837,0.00430176966,0.165015146,0.000279092346,0.000275929226,neutral
19,Q25,14:37:39,0.0388368927,0.9436609,0.0007871805,0.00252240081,0.013236478,0.000777072331,0.000117364689,6.167686e-05,neutral
19,Q25,14:37:44,0.00698085362,0.986561656,0.00219228677,0.000515262131,0.00328138471,0.000372973,3.61991661e-05,5.941191e-05,neutral
19,Q25,14:37:49,0.0124438079,0.9771366,0.005498254,0.0005356521,0.0031613952,0.000885921356,9.129994e-05,0.000247077522,neutral
19,Q25,14:37:54,0.02759891,0.966504931,0.000394765317,0.0006107485,0.004644604,0.000203391188,1.92872267e-05,2.33748342e-05,neutral
19,Q25,14:37:59,0.0195914116,0.9792423,0.0007435689,2.45269748e-05,0.000301641063,8.53008e-05,4.906059e-06,6.315457e-06,neutral
19,Q25,14:38:04,0.0277303,0.9679753,0.000938289042,0.000420211116,0.00253239973,0.0003584131,2.426184e-05,2.079802e-05,neutral
19,Q25,14:38:09,0.0138500426,0.9836899,0.000311060925,4.61007e-05,0.0004837354,0.00154452038,7.029786e-05,4.31323224e-06,neutral
19,Q25,14:38:14,0.006266499,0.992212236,0.0006793996,1.40001011e-05,0.000435768015,0.000354986434,3.265014e-05,4.47768934e-06,neutral
19,Q25,14:38:19,0.0374580175,0.9614045,0.000228562392,1.09098119e-05,0.000851429359,3.464414e-05,1.15647163e-05,3.93755471e-07,neutral
19,Q25,14:38:24,0.007355982,0.990391,0.00112706982,2.25743861e-05,0.00108030951,1.61157477e-05,2.03304762e-06,4.889126e-06,neutral
19,Q25,14:38:29,0.0153044667,0.9836412,0.000434556947,6.435155e-06,0.000512116239,8.585134e-05,1.52129705e-05,1.72423185e-07,neutral
19,Q25,14:38:34,0.00930460449,0.9896231,0.000274277525,5.23685276e-06,0.0002446287,0.000359728729,0.000181347947,7.06218725e-06,neutral
19,Q25,14:38:39,0.04220882,0.940229356,0.00199320354,0.000138658623,0.006960747,0.00740661053,0.0008847065,0.000177894224,neutral
19,Q25,14:38:44,0.001895893,0.992133856,0.0015169183,4.71215171e-05,0.004170275,0.000222191491,1.20911473e-05,1.63989887e-06,neutral
19,Q25,14:38:49,0.0342135541,0.951476157,0.005729722,0.000248865224,0.00240156846,0.004894445,0.0009853686,5.03330557e-05,neutral
19,Q25,14:38:54,0.02835333,0.9547131,0.004538969,0.000102530328,0.00134956534,0.0100150732,0.0009180199,9.376585e-06,neutral
19,Q25,14:38:59,0.0158994924,0.956541836,0.0226398427,0.000129131236,0.00135462463,0.00255115633,0.000860846543,2.30401929e-05,neutral
19,Q25,15:10:54,0.02408069,0.9730676,0.0007513767,3.078553e-05,0.00201192,4.43645731e-05,1.19257911e-05,1.32976288e-06,neutral
20,Q25,14:41:55,0.00764074968,0.9702287,0.00827300549,0.00100610184,0.00637028553,0.00245670648,0.000534529332,0.003489933,neutral
20,Q25,14:42:20,0.00232851924,0.9969416,3.992083e-05,5.84301451e-05,0.000143629964,0.000153844012,2.24882228e-06,0.0003317815,neutral
20,Q25,14:42:25,9.970304e-05,0.99845016,0.00126452849,6.655495e-07,1.24879114e-06,6.41938277e-06,1.16916681e-08,0.000177250346,neutral
20,Q25,14:42:30,3.08679664e-05,0.9996054,0.000329743169,2.94269853e-07,1.64474636e-06,1.84881937e-05,1.99674943e-08,1.35413e-05,neutral
20,Q25,14:42:35,0.000236577165,0.9996066,7.133612e-05,8.766806e-07,1.537185e-06,1.52392349e-05,1.24950745e-07,6.77155e-05,neutral
20,Q25,14:42:40,0.00186356867,0.993400633,0.00164491672,0.000156378068,8.524341e-05,0.000154666792,1.602855e-06,0.00269298884,neutral
20,Q25,14:42:45,0.00173344475,0.9972537,0.0007645367,8.687552e-06,9.619155e-07,0.0001175507,8.075181e-07,0.000120275916,neutral
20,Q25,14:42:50,0.168610826,0.804878354,0.00044163983,0.000224721589,0.0007810785,0.010264542,0.00761876348,0.007180068,neutral
20,Q25,14:42:55,0.002172877,0.9968229,6.61294544e-05,8.180255e-05,2.98209816e-05,0.0008000356,1.75887926e-05,8.83899e-06,neutral
20,Q25,14:43:00,0.014562224,0.9463593,0.00156709226,0.000544370851,0.00351941329,0.0302451923,0.003046641,0.000155812639,neutral
20,Q25,14:43:05,0.006241794,0.9926883,0.0002301756,0.000145019658,0.000120291814,0.000464778655,5.84003e-06,0.000103816965,neutral
20,Q25,14:43:45,0.000243911,0.970268369,0.004144994,1.16388164e-05,5.41857435e-06,2.44943985e-05,4.979163e-08,0.0253011044,neutral
20,Q25,14:43:50,3.88300323e-05,0.999081254,0.000405555445,2.84155249e-06,3.46168974e-07,3.86178326e-05,1.4080757e-08,0.0004325547,neutral
20,Q25,14:43:55,0.000142231715,0.999106,0.0005416218,5.084937e-06,1.21766686e-06,4.32226225e-05,7.432152e-08,0.000160533338,neutral
21,Q25,14:41:18,0.00417639362,0.983603537,0.00046726194,0.000147326369,0.000219967464,0.0107760075,0.0005718072,3.771528e-05,neutral
21,Q25,14:41:20,0.002864702,0.995985866,0.000167299324,2.52013469e-05,5.758694e-06,0.0009159177,2.2289446e-06,3.301471e-05,neutral
21,Q25,14:41:22,0.004475651,0.991561353,0.000894819445,0.000203222837,0.000102956306,0.00254357164,2.97346687e-05,0.000188697886,neutral
21,Q25,14:41:24,0.0116099715,0.9847967,0.0004305486,0.000294598169,0.000186267338,0.00254700356,7.21299657e-05,6.27935951e-05,neutral
21,Q25,14:41:26,0.0105893612,0.9823876,0.0003656618,0.000193890621,0.000117816817,0.006187875,7.79830443e-05,7.979719e-05,neutral
21,Q25,14:41:28,0.008238827,0.9781097,0.000492648047,0.0001320329,0.000251737132,0.0126303677,0.000105480256,3.91692774e-05,neutral
21,Q25,14:41:30,0.00341703859,0.985400856,0.00377868279,4.75125562e-05,0.000141833574,0.00708584161,0.00012040772,7.845334e-06,neutral
21,Q25,14:41:34,0.0009934246,0.9959189,0.0002195486,1.22800184e-05,4.54997062e-05,0.00278457673,2.390816e-05,1.82797237e-06,neutral
21,Q25,14:41:36,0.00247796974,0.9914641,0.000257749052,2.10172038e-05,3.23039349e-05,0.005683262,5.816755e-05,5.469755e-06,neutral
21,Q25,14:41:38,0.00154618744,0.990195751,0.000418296142,2.23363222e-05,3.58895377e-05,0.007741,3.32039235e-05,7.31292039e-06,neutral
21,Q25,14:41:40,0.0005171854,0.8783148,0.005605812,0.000544133247,0.000186195452,0.000428969564,2.18507967e-06,0.114400722,neutral
21,Q25,14:41:44,0.0138804177,0.9833608,0.0006576092,2.003296e-05,0.000119405995,0.00177977979,0.000134767964,4.715108e-05,neutral
21,Q25,14:41:46,0.0167358089,0.9383347,0.002548911,0.001168208,0.0002985712,0.03928854,0.00146926858,0.0001559705,neutral
21,Q25,14:41:50,0.001976394,0.9961072,0.00110673823,3.55167176e-05,0.000105750369,0.000608542061,9.865966e-06,4.99754278e-05,neutral
21,Q25,14:41:52,0.0186204165,0.972892165,0.00246007,0.0005022284,0.000183486452,0.00454286,9.806123e-05,0.000700734847,neutral
21,Q25,14:41:54,0.00506861974,0.9924321,0.00123860547,3.80153542e-05,6.770613e-05,0.00105935463,2.88328174e-05,6.673099e-05,neutral
21,Q25,14:41:56,0.00189167075,0.996838152,0.00040821312,1.48203771e-05,3.59390142e-05,0.000787360361,1.06698726e-05,1.31810129e-05,neutral
21,Q25,14:41:58,0.005722611,0.9876506,0.00119432854,8.654658e-05,9.55124342e-05,0.004982799,0.000103515144,0.000164129131,neutral
21,Q25,14:42:00,0.00742464373,0.980649531,0.0017050138,0.000229097859,0.000221676019,0.009138863,0.000235310858,0.0003958577,neutral
21,Q25,14:42:02,0.00208325544,0.9958552,0.000610046845,2.585495e-05,0.0001087175,0.00101634767,2.8841685e-05,0.000271745928,neutral
21,Q25,14:42:04,0.00272457441,0.991529465,0.000723804464,6.178603e-05,0.00016030448,0.00443718163,9.065646e-05,0.000272201753,neutral
21,Q25,14:42:06,0.00420725252,0.987685263,0.00165350863,0.000118259712,0.000192122578,0.005269413,9.99711847e-05,0.000774184649,neutral
21,Q25,14:42:08,0.007829515,0.9829455,0.00170464173,0.0002387734,0.0002898641,0.00659203157,0.000122796133,0.000276879524,neutral
21,Q25,14:42:10,0.00134931027,0.996717334,0.000389465044,1.421755e-05,5.84914778e-05,0.00125072454,1.87763326e-05,0.000201676026,neutral
21,Q25,14:42:12,0.00308824657,0.9897197,0.000731045031,5.6156543e-05,0.000211988372,0.00592547329,8.44786555e-05,0.00018293476,neutral
21,Q25,14:42:14,0.005970935,0.984225869,0.0009734371,0.000101522441,0.000205060627,0.008103134,0.000189698549,0.000230369478,neutral
21,Q25,14:42:16,0.000533380837,0.9701562,0.000896864047,7.056811e-05,0.000143898811,0.0277251378,0.0004065409,6.74112162e-05,neutral
21,Q25,14:42:18,0.00125942484,0.997773767,0.000324682,7.183278e-06,3.80547e-05,0.0005306056,1.79853359e-05,4.830277e-05,neutral
21,Q25,14:42:20,0.02542232,0.9680526,0.000740541436,0.000130214161,0.000102847094,0.005286814,0.000188659586,7.59644e-05,neutral
23,Q25,14:53:59,0.010653316,0.9588923,0.0013409683,0.000112266869,0.000391557,0.02720238,0.00133871951,6.85222e-05,neutral
23,Q25,14:54:04,0.0444700755,0.949511766,0.00238575321,0.000141624783,0.000767256541,0.00233312021,0.0003761413,1.424605e-05,neutral
23,Q25,14:54:09,0.03218792,0.9516302,0.00320534571,0.000224471863,0.00071371306,0.0109911794,0.001020788,2.63942038e-05,neutral
23,Q25,14:54:14,0.0243874621,0.967986941,0.00215580431,8.59781e-05,0.0004797724,0.00434446568,0.00054171466,1.78635364e-05,neutral
23,Q25,14:54:19,0.0608129054,0.929146349,0.004075089,0.000471845444,0.00087314815,0.003987643,0.000608548464,2.44470448e-05,neutral
23,Q25,14:54:24,0.0337781943,0.946544945,0.00366469147,0.000332410971,0.00109993073,0.0131251039,0.0014044923,5.023376e-05,neutral
23,Q25,14:54:29,0.0299245417,0.9480764,0.003650151,0.0003248746,0.0009814528,0.0157953445,0.001196014,5.117069e-05,neutral
23,Q25,14:54:34,0.06287782,0.9204262,0.0051151365,0.0004846506,0.001176101,0.008603157,0.00127358362,4.33876339e-05,neutral
23,Q25,14:54:44,0.027963914,0.9589083,0.00286898762,0.000351100782,0.000639456,0.008647653,0.0005373945,8.314582e-05,neutral
23,Q25,14:54:54,0.0419864729,0.933301032,0.00354596,0.0003456339,0.000878045,0.0182801541,0.00161362323,4.906237e-05,neutral
24,Q25,14:58:10,0.0764234662,0.9143434,0.00336360745,0.0008631574,0.0008715947,0.00194231165,0.000127703141,0.00206474261,neutral
24,Q25,14:58:12,0.0769657344,0.896851659,0.006733746,0.00146127038,0.0003107971,0.00352440169,0.000257828477,0.0138945645,neutral
24,Q25,14:58:14,0.0271207262,0.962076,0.00384573,0.000306737435,0.000534987659,0.00419460144,0.000103930906,0.00181726308,neutral
24,Q25,14:58:16,0.02394283,0.965595245,0.00214347732,0.000121497767,7.227974e-05,0.0006445825,9.808735e-06,0.007470249,neutral
24,Q25,14:58:18,0.0208833329,0.9629103,0.00512151839,0.0003372513,0.000308723946,0.00225550518,3.6844187e-05,0.008146528,neutral
24,Q25,14:58:20,0.0312444586,0.954868,0.00292659062,0.000371121685,0.0006458067,0.007581868,0.000265728479,0.00209638267,neutral
24,Q25,14:58:22,0.0293653924,0.9570597,0.00242002867,0.00027969206,0.000607297465,0.007953636,0.0002283921,0.00208590669,neutral
24,Q25,14:58:24,0.0184272379,0.9711232,0.00220784312,0.000203640884,0.000360309146,0.006389057,7.725769e-05,0.00121145614,neutral
24,Q25,14:58:26,0.091543,0.8943567,0.00265985029,0.000466928,0.0005870625,0.008349656,0.000396161777,0.00164062681,neutral
24,Q25,14:58:28,0.057330288,0.938607633,0.000694115355,7.754838e-05,0.00026230677,0.00261622365,0.000101476835,0.000310400967,neutral
24,Q25,14:58:30,0.134819224,0.8589445,0.00158521254,0.000329208327,0.0007119687,0.00299360929,0.000227166835,0.000389121938,neutral
24,Q25,14:58:32,0.07662293,0.914620936,0.00252377824,0.0004787748,0.00131710735,0.003771232,0.000216061831,0.000449186045,neutral
24,Q25,14:58:34,0.2203193,0.7740831,0.00156414032,0.0011150575,0.0004381144,0.00178199948,5.866094e-05,0.000639645,neutral
24,Q25,14:58:36,0.0610403828,0.93454504,0.00152331591,0.0001698412,0.000582369161,0.00182179385,4.85142627e-05,0.0002687228,neutral
24,Q25,14:58:38,0.049260892,0.9443103,0.00197965931,0.000254492974,0.000288128154,0.00268937252,4.44461366e-05,0.00117270125,neutral
24,Q25,14:58:40,0.0473272875,0.945385635,0.002379619,0.000251885329,0.0006422224,0.00283806957,6.221069e-05,0.00111305236,neutral
24,Q25,14:58:42,0.0277169459,0.9623899,0.00162303576,0.000132800153,0.0005955074,0.006605413,6.399579e-05,0.000872418168,neutral
24,Q25,14:58:44,0.0361867733,0.9557856,0.00151927164,0.0002304079,0.0006912524,0.00457078451,5.418646e-05,0.0009617374,neutral
24,Q25,14:58:46,0.0350227877,0.952676058,0.0005912122,8.64421963e-05,0.000420384429,0.0108143482,9.253257e-05,0.000296218321,neutral
24,Q25,14:58:48,0.136199221,0.822080731,0.003958993,0.00138358155,0.00313777663,0.0250789672,0.00402988028,0.0041308715,neutral
24,Q25,14:58:50,0.374342382,0.6055698,0.0003264152,0.000100615041,0.0001417282,0.0176246576,0.00168013014,0.000214266023,neutral
24,Q25,14:58:52,0.391167641,0.5841006,0.00231529167,0.0005644178,0.000493631931,0.0191540029,0.00164906238,0.000555341539,neutral
24,Q25,14:58:54,0.0426059365,0.9473067,0.00383898732,0.000395728362,0.000749806932,0.00232645916,0.000147403189,0.00262898556,neutral
24,Q25,14:58:56,0.0326169841,0.954214,0.00314568542,0.000442205957,0.0002353713,0.00266756047,8.88212162e-05,0.006589393,neutral
24,Q25,14:58:58,0.137094468,0.851928055,0.009288479,0.00045124357,0.000188769074,0.000233070677,3.03838733e-05,0.000785519835,neutral
24,Q25,14:59:00,0.0343617722,0.961818039,0.00224758382,8.78379942e-05,6.31133e-05,0.0002177144,6.01744159e-06,0.00119794789,neutral
24,Q25,14:59:02,0.2359674,0.759662,0.00245803827,0.000266385672,0.00065598177,0.0007450138,3.78267323e-05,0.000207386591,neutral
24,Q25,14:59:04,0.2209187,0.759919941,0.0038953824,0.000399023324,0.001719388,0.0121375695,0.0007160609,0.000293908932,neutral
24,Q25,15:04:02,0.09609977,0.8942329,0.003180374,0.00062456663,0.0004524322,0.00282047549,3.38895952e-05,0.00255554379,neutral
24,Q25,15:04:04,0.0899276659,0.8890376,0.004008013,0.001070686,0.000798437,0.0110271825,0.000327375834,0.00380301732,neutral
24,Q25,15:04:06,0.0140418261,0.9712882,0.005288775,0.000380839367,0.0016365028,0.004940039,0.000110499815,0.00231334334,neutral
24,Q25,15:04:08,0.05401628,0.8991019,0.0370911546,0.000744608929,0.00181533769,0.00303189,0.0002167229,0.003982111,neutral
25,Q25,14:51:26,0.00969039,0.8752894,0.0986456349,0.000455965521,2.74995236e-05,0.00165028707,2.50446665e-05,0.0142157786,neutral
26,Q25,14:39:53,0.000328060531,0.991097033,0.007708931,1.79823983e-05,0.000435566442,0.000156726324,3.09621646e-06,0.000252600061,neutral
26,Q25,14:39:57,0.004015319,0.994763553,0.00110687071,3.618377e-06,0.000102032114,8.092843e-06,3.02295433e-07,2.2017916e-07,neutral
26,Q25,14:39:59,0.0103066824,0.9769019,0.00384529959,0.00016797916,0.0009473113,0.00600641873,0.0006640094,0.001160411,neutral
26,Q25,14:40:11,0.004671049,0.991839945,0.00239845412,5.117609e-05,0.000802839233,0.000214514221,1.36046929e-05,8.405943e-06,neutral
26,Q25,14:40:13,0.007159618,0.9919587,0.00060187513,8.261824e-06,0.000242121518,2.5437972e-05,2.15674731e-06,1.84722842e-06,neutral
26,Q25,14:40:15,0.00522178225,0.9907558,0.00274387165,6.518481e-05,0.00102366845,0.000174919711,8.829734e-06,5.96614973e-06,neutral
26,Q25,14:40:17,0.00302066118,0.9951167,0.00151451281,1.34617112e-05,0.000282924884,4.623293e-05,1.22121469e-06,4.26304359e-06,neutral
26,Q25,14:40:19,0.00145458488,0.9980836,0.000353193871,4.67429072e-06,7.606311e-05,2.61579171e-05,4.3000253e-07,1.29538944e-06,neutral
26,Q25,14:40:21,0.0105065629,0.9854925,0.00312634557,6.199179e-05,0.0006727737,0.000125480539,8.959854e-06,5.33418643e-06,neutral
26,Q25,14:40:23,0.000486844627,0.974956751,0.0008162932,0.00073245354,0.0002936008,0.0219880287,1.60767613e-05,0.000709958957,neutral
26,Q25,14:40:25,0.000473354448,0.9990737,0.0004456263,2.89657919e-07,4.466197e-06,9.97867e-07,1.15520686e-08,1.55178293e-06,neutral
26,Q25,14:40:27,0.0428964123,0.9529605,0.000219364389,4.860779e-05,0.000232101011,0.00234486163,0.000955780561,0.000342357671,neutral
26,Q25,14:40:29,0.0119543374,0.985790551,8.963902e-05,8.158188e-06,0.0006840158,0.00094358623,0.000459380652,7.035914e-05,neutral
26,Q25,14:40:33,5.94192e-07,0.000183529686,3.18601928e-06,3.186799e-05,1.92677362e-05,7.414304e-06,1.49845476e-07,0.999754,happiness
26,Q25,14:40:35,1.18475868e-10,4.233587e-09,4.733998e-10,1.09840217e-08,8.089321e-09,2.00051549e-08,2.13059882e-11,0.99999994,happiness
26,Q25,14:40:39,0.101004474,0.894911945,0.001339251,0.0005084707,0.0005395553,0.0007681626,5.656688e-05,0.0008715919,neutral
26,Q25,14:40:41,0.0101519441,0.9832539,0.00144993979,0.000305887836,0.00213972316,0.002056908,0.000181017313,0.0004607097,neutral
26,Q25,14:40:47,0.01751458,0.975512266,0.00670539634,3.35395962e-05,3.2427e-05,0.000117095064,2.42241413e-06,8.229855e-05,neutral
26,Q25,14:40:53,0.179159909,0.8203403,5.71949045e-07,5.004706e-07,5.403225e-05,0.000295328529,1.61694777e-06,0.000147749553,neutral
26,Q25,14:40:57,0.009967114,0.973829746,0.003048577,0.000137256313,0.00503477454,0.00738065736,0.000486788544,0.000115072835,neutral
26,Q25,14:40:59,0.002357774,0.988332748,0.008851157,1.52450293e-05,0.000243344257,0.000191791623,7.676275e-06,2.68074757e-07,neutral
26,Q25,14:41:05,0.00709902868,0.9925326,0.000175321518,5.06986044e-06,1.06296857e-05,0.000143422236,8.63485e-07,3.30331677e-05,neutral
26,Q25,14:41:09,0.006497144,0.9926075,0.0006840616,1.31553479e-05,0.00010670186,7.019589e-05,4.029164e-06,1.721189e-05,neutral
26,Q25,14:41:11,0.00212750933,0.997645438,0.000209582315,6.230002e-07,9.123265e-06,6.82574137e-06,1.20481886e-07,7.94367963e-07,neutral
26,Q25,14:41:13,0.00175204594,0.9979179,0.000299840933,8.27843451e-07,2.3668561e-05,4.39154974e-06,1.62920657e-07,1.18331855e-06,neutral
26,Q25,14:41:15,0.000200726514,0.9992657,0.000383052538,5.388983e-07,9.340469e-06,5.02364264e-06,2.21061249e-08,0.00013560403,neutral
27,Q25,9:26:56,0.205321446,0.7795662,0.00282217655,0.0006853744,0.000803530565,0.00484509161,0.001962278,0.00399389537,neutral
27,Q25,9:26:59,0.573257267,0.4227075,0.0007834686,8.443726e-05,0.000699444,0.00126797485,0.00116556266,3.43584652e-05,sadness
27,Q25,9:27:05,0.7269945,0.2727046,6.269487e-05,1.6472419e-06,3.3991626e-05,4.210451e-05,0.000160240234,1.77582422e-07,sadness
