Q8,14:24:47,0.00766907074,0.4388925,0.0114789931,0.000539265748,9.083592e-05,0.005916136,4.00090139e-05,0.535373151,happiness
Q8,14:24:52,0.05326706,0.8946424,0.00112727552,0.000189345214,0.0007585844,0.01508911,0.0335934162,0.00133276719,neutral
Q8,14:24:57,0.102763563,0.358903855,0.005535893,0.004738439,0.00345435319,0.306271017,0.116414778,0.101918109,neutral
Q8,14:25:02,0.00352650066,0.324904352,0.006818544,3.356677e-05,1.4160596e-05,0.000687943539,1.17781e-05,0.664003134,happiness
Q8,14:25:07,0.0116900029,0.4323998,0.004570089,0.000168919942,3.452287e-05,0.001252368,2.137723e-05,0.5498629,happiness
Q9,14:25:12,0.000167797145,0.410261422,0.003328776,2.971317e-06,1.42820636e-06,2.33634182e-05,2.85915025e-08,0.5862142,happiness
Q9,14:25:17,0.00043667687,0.44248867,0.00219136151,0.000344992761,0.000387925,0.553496063,0.000457144022,0.000197154077,surprise
Q9,14:25:22,0.06428253,0.8603754,0.00180588162,2.627725e-05,6.113782e-05,0.07277707,0.000621419866,5.0306815e-05,neutral
Q9,14:25:27,0.00260954234,0.9955167,0.000124645056,3.40831275e-06,1.19801571e-05,0.00109934958,2.619798e-05,0.000608182454,neutral
Q11,14:35:56,0.267775357,0.705159068,0.00139004423,4.10350222e-05,5.683939e-05,0.0248031653,0.000494749635,0.000279736472,neutral
Q14,14:35:58,0.04744764,0.6961477,0.000574651058,0.00100929069,5.041119e-05,0.252370238,0.00232440233,7.569218e-05,neutral
Q14,14:36:02,0.121564426,0.865686536,0.0009805944,7.995807e-05,0.000179945462,0.0106898518,0.0007850765,3.362335e-05,neutral
Q14,14:36:22,0.133790448,0.865378141,0.00026048976,1.32968462e-05,1.36384131e-06,0.000370855356,3.38081845e-05,0.000151570668,neutral
Q14,14:36:27,0.08596707,0.9114702,0.00148169778,6.09781819e-05,2.15702348e-05,0.000934528944,1.64223875e-05,4.758161e-05,neutral
Q14,14:36:37,0.00216964958,0.5144259,0.000540872046,5.72838e-05,0.000641487248,0.472476721,0.0050733746,0.004614724,neutral
Q14,14:36:42,0.0495137,0.819836259,0.00452080462,0.000432245637,0.000290299242,0.108808205,0.0129087986,0.00368968514,neutral
Q14,14:36:47,0.009620222,0.8935108,0.00256563118,0.000327078946,0.000367303845,0.0858015344,0.007295975,0.0005114529,neutral
Q14,14:36:52,0.180804059,0.7449961,0.008089262,0.005848015,0.0007972227,0.0422500335,0.0152512481,0.00196406618,neutral
Q14,14:36:56,0.213559911,0.6890361,0.0003274338,2.07736466e-05,3.23221029e-05,0.09275305,0.004188304,8.213222e-05,neutral
Q14,14:37:27,0.408109367,0.5180121,0.00118347,0.0006022553,0.000466822152,0.06235736,0.0035047608,0.00576387672,neutral
Q15,14:37:42,0.113797829,0.875759,0.00103086687,0.000113608759,0.00012454798,0.00592332,0.0006684504,0.00258234725,neutral
Q15,14:38:02,0.5379224,0.4585456,0.000477662776,5.97424741e-06,3.1941147e-06,0.00247610337,0.000202428811,0.000366646331,sadness
Q15,14:38:07,0.08654326,0.7274949,0.00459990231,0.000516380765,0.00102842366,0.121091753,0.0309782233,0.0277471785,neutral
Q15,14:38:22,0.01650755,0.6396611,0.000211889361,5.848129e-05,0.000301102642,0.336233944,0.004050278,0.00297567318,neutral
Q15,14:38:57,0.03934683,0.9593184,0.000371686183,1.86310681e-05,1.34980583e-05,0.0008040428,3.21251719e-05,9.47867e-05,neutral
Q15,14:39:02,0.05969369,0.889555156,0.0008997744,9.173997e-05,0.000107910695,0.0455627926,0.0008799359,0.00320898648,neutral
Q15,14:39:07,0.248837918,0.7142838,0.0037452234,0.002073584,0.000352835341,0.00953086652,0.0006460039,0.0205297172,neutral
Q15,14:39:12,0.1315297,0.68278116,0.00219168188,0.00199786643,0.000803148956,0.111130171,0.00403181557,0.06553448,neutral
Q15,14:39:17,0.0214996226,0.579364061,0.0008535471,0.0004442174,0.0004008427,0.3816511,0.004279535,0.0115070408,neutral
Q15,14:39:22,0.00835057,0.247278273,0.000643939653,0.00138604874,0.00254947483,0.722924948,0.0135828713,0.0032838902,surprise
Q15,14:39:27,0.05917904,0.9398922,0.0006619507,3.48460926e-05,2.48437427e-05,0.0001153675,2.43284285e-06,8.931623e-05,neutral
Q15,14:40:57,0.3418479,0.6383813,0.0020237905,0.000218541871,1.21437906e-05,0.0140224732,0.00334708835,0.000146773,neutral
Q16,14:42:17,0.0392469466,0.940035939,0.000208045531,1.91435738e-05,2.27537275e-05,0.019058641,0.00134729256,6.125569e-05,neutral
Q16,14:42:47,0.299784243,0.6970046,0.00165226287,1.26526538e-05,7.46921751e-06,0.00122286985,6.38514539e-05,0.000252057158,neutral
Q16,14:43:02,0.3872719,0.6041402,0.00403086329,0.00018712203,0.000311039126,0.00276518241,0.00123058492,6.31135e-05,neutral
Q16,14:43:32,0.0101772519,0.910397053,0.0005689037,0.000110561239,0.000215138061,0.0180728361,0.001195813,0.0592624471,neutral
Q16,14:44:57,0.177944809,0.819291949,0.00224869931,1.89000257e-05,1.72262389e-05,0.000126264509,4.352062e-06,0.000347832451,neutral
Q16,14:45:22,0.009826003,0.9062573,0.002018561,0.00167670788,0.000342601881,0.07750923,7.202986e-05,0.002297609,neutral
Q16,14:45:27,0.07493931,0.917545855,0.00309066148,0.000328205555,0.00286550727,0.00048165262,8.47245537e-05,0.0006640945,neutral
Q16,14:45:31,0.0211607125,0.9744261,0.0008050592,0.00013312322,9.656187e-06,0.00276368973,0.000104669736,0.0005969777,neutral
Q16,14:45:37,0.07235779,0.5842256,0.00555608934,0.00375361671,0.00249174237,0.327646166,0.002039304,0.001929712,neutral
Q16,14:45:42,0.0190552734,0.122614332,0.00058739,0.000390323781,0.000233901315,0.855632246,0.0009600815,0.0005264637,surprise
Q16,14:45:47,0.0330005065,0.95262605,0.000357774959,9.259705e-06,4.28671e-05,0.0139056025,5.19187852e-05,6.05117975e-06,neutral
Q16,14:45:57,0.00397265656,0.7620743,0.000145874132,0.000369948684,0.0007181149,0.228311792,0.00382806361,0.0005792622,neutral
Q16,14:46:02,0.04707228,0.8112836,0.0011332162,0.000676585245,0.0001528184,0.133523986,0.00588089041,0.0002766603,neutral
Q16,14:46:07,0.110440336,0.859928548,0.0009068361,0.000210870538,0.000245885516,0.004573915,0.000705493439,0.022988094,neutral
Q16,14:46:12,0.0208120588,0.772435963,0.0006112484,0.00107196136,0.00223292829,0.187648788,0.0144314161,0.000755640271,neutral
Q16,14:46:17,0.00775737874,0.364299864,0.00532451551,6.222247e-05,8.312192e-06,0.0002363588,1.11189479e-06,0.6223102,happiness
Q16,14:46:22,0.0190487783,0.862865865,0.0223166272,0.00116625614,0.00125423982,0.07734639,0.00254336861,0.0134584624,neutral
Q16,14:46:52,0.5050409,0.2704127,0.01098962,0.01888888,0.00628777547,0.0662844256,0.1180268,0.00406889059,sadness
Q16,14:46:57,0.377972215,0.6007177,0.00216610078,0.00287448731,0.00330120884,0.00735481456,0.00451794034,0.0010955031,neutral
Q16,14:47:02,0.142984182,0.8416359,0.0027197306,0.000353261858,5.97239e-05,0.00196992676,0.000233762315,0.0100435177,neutral
Q16,14:47:07,0.0377580076,0.9606211,0.000375286443,1.778776e-05,8.387803e-06,0.00111683528,3.39700528e-05,6.858436e-05,neutral
Q16,14:47:12,0.03550896,0.951242447,0.0005353288,8.797079e-06,2.96036e-05,0.0107170679,4.90846069e-05,0.0019086909,neutral
Q17,14:47:57,0.144372642,0.815001369,0.002618475,0.002536778,0.0003356465,0.020294331,0.0021194322,0.0127213234,neutral
Q17,14:48:07,0.03780809,0.58859235,0.000484462333,0.00113336963,0.000163938923,0.345948279,0.0254154168,0.000454121735,neutral
Q17,14:48:12,0.148940086,0.7794932,0.002016376,0.000127721883,0.00017713767,0.06264828,0.004879954,0.00171723834,neutral
Q17,14:48:22,0.513036251,0.4447693,0.0160054564,0.000957957353,0.000305869879,0.008436447,0.0162071027,0.000281649962,sadness
Q15,14:48:32,0.316177338,0.6755139,0.00106185465,7.846694e-05,2.26676784e-05,0.003767791,0.00251973723,0.0008582431,neutral
Q15,14:48:37,0.22637701,0.3542235,0.000121187,8.966996e-05,1.46566854e-05,0.413809448,0.005239364,0.000125151273,surprise
Q17,14:48:42,0.351633459,0.3893887,0.00135895167,0.000421533157,0.000527016469,0.209576219,0.04656581,0.0005283042,neutral
Q16,14:48:48,0.292221069,0.699341238,0.002069596,8.169369e-05,0.000104629013,0.0020788773,0.0003418791,0.00376104866,neutral
Q16,14:48:52,0.6515605,0.341200739,0.00279480545,0.000124749262,7.894625e-05,0.00253127818,0.00110791088,0.000601113134,sadness
Q16,14:49:01,0.615904868,0.359225363,0.00583624933,0.000315251382,6.43364e-05,0.0063237315,0.0119927945,0.00033740417,sadness
Q17,14:49:12,0.354859322,0.5577596,0.0008775957,0.0003611,4.834797e-05,0.07686874,0.00780925434,0.00141601986,neutral
Q17,14:49:17,0.6161107,0.3738094,0.0008126229,0.000255325431,5.152492e-05,0.005958846,0.001962543,0.0010390731,sadness
Q17,14:49:22,0.00407613534,0.9736073,0.0005711864,0.000141844212,0.000177836511,0.0166859888,0.000165261488,0.004574425,neutral
Q17,14:49:27,0.002235938,0.9027415,0.0006868798,0.000207461373,0.000650963862,0.023113044,0.000815595035,0.0695486441,neutral
Q17,14:49:32,0.0291505475,0.7915153,0.0015590156,0.000230000849,0.0003206918,0.1674669,0.006847825,0.00290974,neutral
Q17,14:49:37,0.06571704,0.8250074,0.001051067,0.000896670565,5.01330323e-05,0.104347952,0.002547871,0.00038189374,neutral
Q17,14:49:42,0.0176763386,0.770095944,0.06345583,0.001068015,0.0007269275,0.1271014,0.00228026649,0.0175953042,neutral
Q17,14:49:47,0.03948073,0.544254243,0.0007611764,5.09988531e-05,0.000125632272,0.403438777,0.01138639,0.0005020276,neutral
Q17,14:49:52,0.021034766,0.8502098,0.00115929113,0.00120334025,0.000254445185,0.0154476808,0.000454456662,0.110236265,neutral
Q17,14:49:57,0.018442113,0.8483166,0.000439939467,0.000366948516,0.000408625026,0.06621655,0.002009147,0.0638000742,neutral
Q17,14:50:02,0.00358056417,0.01218791,0.000410307635,0.000345911947,0.000229438068,0.0164811853,0.0005099878,0.9662547,happiness
Q17,14:50:12,0.234309256,0.7583313,0.00382097368,0.0003934105,0.000400554331,0.00174306764,0.000429063744,0.000572365243,neutral
Q17,14:50:27,0.03729852,0.955505669,0.002290171,0.000129160719,0.0005024816,0.00387996924,0.000253388,0.000140670061,neutral
Q17,14:50:32,0.09033404,0.241736755,0.002557955,0.009542528,0.000384274957,0.629794538,0.02561733,3.257238e-05,surprise
Q17,14:50:42,0.5613625,0.39859134,0.00133516337,0.000337680685,0.0006265374,0.0175116956,0.0199569557,0.000278137,sadness
Q18,14:50:47,0.0122127179,0.0121568013,9.648684e-06,1.57034465e-05,2.66240932e-06,0.9623281,0.0126846926,0.000589677831,surprise
Q18,14:50:52,0.273273468,0.70555526,0.0006692098,0.000201529663,3.76356729e-05,0.0174011327,0.00276824273,9.3482915e-05,neutral
Q18,14:51:22,0.01907946,0.9698405,0.000567895069,6.670308e-05,6.07411175e-06,0.005894757,0.00012346181,0.004421129,neutral
Q18,14:51:27,0.08268461,0.7467258,0.02580203,0.0007066611,0.0003074308,0.133590147,0.00609977264,0.0040835836,neutral
Q18,14:51:32,0.163603753,0.8164733,0.0119455187,0.0005244157,0.0005077579,0.00608395226,0.000407787185,0.0004535307,neutral
Q19,14:51:39,0.053772904,0.926854432,0.000865498732,4.65753037e-05,2.89045947e-05,0.0177080855,0.000257674954,0.000465954945,neutral
Q19,14:51:42,0.009961589,0.9554484,0.00139355322,0.000182475662,5.97007966e-05,0.0304814726,0.0009825877,0.00149025291,neutral
Q19,14:51:47,0.0226018466,0.9514095,0.00341499248,9.852897e-05,0.000153090645,0.0203461722,0.0007197835,0.00125606114,neutral
Q19,14:51:52,0.170233086,0.774391353,0.04624889,0.0005590483,0.0001048743,0.00769888423,0.000462645054,0.000301208551,neutral
Q19,14:51:57,0.0187905263,0.9687573,0.00214081374,7.48132152e-05,1.57468021e-05,0.008652412,0.000285781483,0.001282627,neutral
Q19,14:52:02,0.435632378,0.547553,0.00299864355,0.000154225025,3.06900765e-05,0.0114926854,0.00204349752,9.486643e-05,neutral
Q19,14:52:07,0.0459619127,0.9129462,0.000144858437,6.18953854e-05,2.01715875e-06,0.0398139879,0.0009980306,7.106459e-05,neutral
Q19,14:52:12,0.0130008347,0.9838819,0.000105715488,2.03302079e-05,1.3136131e-06,0.00286316383,6.081438e-05,6.594681e-05,neutral
Q19,14:52:17,0.0903034657,0.8905275,3.227815e-05,5.80581836e-05,1.46962941e-06,0.0181768443,0.0008955159,4.91281435e-06,neutral
Q19,14:52:22,0.03903981,0.949559,0.00019209845,9.89840046e-05,2.2859851e-05,0.0106761474,0.000382135418,2.89818472e-05,neutral
Q19,14:52:27,0.0254638512,0.968758762,2.51314141e-05,3.13716664e-05,1.4174658e-06,0.005576313,0.0001377199,5.405245e-06,neutral
Q19,14:52:32,0.019002784,0.972501,3.1078016e-05,1.91395629e-05,7.38193933e-07,0.008346697,9.609986e-05,2.46345235e-06,neutral
Q19,14:52:37,0.159804836,0.7088257,0.00136966119,0.00048880477,4.001738e-05,0.124240652,0.00512935454,0.000100941783,neutral
Q19,14:52:42,0.107164033,0.7757668,0.00240627024,0.000189984115,0.000113997805,0.106248379,0.007956858,0.000153719477,neutral
Q19,14:52:52,0.129511669,0.8665049,0.0007260354,0.0001108859,8.613787e-06,0.00284620281,0.000217898909,7.3813826e-05,neutral
Q20,14:53:22,0.154110953,0.655823767,0.00126071228,0.000158543626,6.145249e-05,0.1848843,0.00348505052,0.000215213571,neutral
Q20,14:53:27,0.073558785,0.8983739,0.009003363,0.00037928205,5.80792039e-05,0.00667858636,0.000366058084,0.0115819545,neutral
Q20,14:53:32,0.2911466,0.6633209,0.0145540675,0.0008011504,5.952443e-05,0.0254265,0.003650393,0.00104082935,neutral
Q20,14:53:37,0.122262217,0.8455561,0.0246309489,0.000193327025,1.53406581e-05,0.0006305246,0.000197384623,0.00651418976,neutral
Q20,14:53:42,0.164604947,0.8300116,0.00171082583,0.000105734107,1.64483154e-05,0.00254234462,0.000442474644,0.0005656153,neutral
Q20,14:53:47,0.01400096,0.960922956,0.008807183,0.00346290367,0.00190189527,0.00625709165,0.00028202933,0.00436499342,neutral
Q20,14:53:52,0.00392977661,0.993634939,0.000100504454,2.33152168e-05,0.000141975353,0.000896704441,3.504003e-05,0.00123771769,neutral
Q20,14:53:57,0.04655541,0.9126985,0.0399010479,1.54505542e-05,4.371576e-05,0.0004183253,0.000112076508,0.0002554646,neutral
Q20,14:54:02,0.103282824,0.796096742,0.0988309,8.962141e-05,8.07042452e-05,0.000474415225,0.00038777772,0.000756989233,neutral
Q20,14:54:07,0.0131843742,0.9724312,0.0002865683,0.000117572861,0.0002897456,0.0110309059,0.000315270241,0.00234437035,neutral
Q20,14:54:17,0.0243072342,0.9069006,0.00136848656,0.0014636172,0.000253933045,0.0479364842,0.000454005,0.017315641,neutral
Q20,14:54:22,0.21378693,0.4391131,0.004568375,0.0007335853,0.000757497852,0.0224878732,0.0222555771,0.296297073,neutral
Q20,14:54:27,0.188787654,0.254915357,0.00312432647,0.007175011,0.00759823062,0.140137359,0.0341811962,0.364080846,happiness
Q20,14:54:32,0.0120481346,0.965419352,0.000186073812,0.000115608382,0.000115059745,0.0188997388,0.00124535616,0.00197068858,neutral
Q20,14:54:47,0.245843709,0.1609801,0.00113655883,0.0008295955,0.00173651124,0.006589548,0.002760844,0.5801231,happiness
Q22,14:55:43,0.05218715,0.9275933,0.00117677916,3.977755e-05,1.08176046e-05,0.0003773766,1.36620893e-05,0.0186011586,neutral
Q22,14:55:47,0.182919472,0.8106508,0.00334672956,7.288343e-05,0.000175609952,0.00130063959,0.000225060969,0.00130875956,neutral
Q21,14:56:17,0.127535224,0.8582794,0.00539820641,0.0003625351,0.000173527384,0.00778747071,0.000400585443,6.305854e-05,neutral
Q21,14:56:22,0.0171450768,0.7457997,0.00101753161,0.0003580118,7.483481e-05,0.234760463,0.000644147862,0.000200214112,neutral
Q21,14:56:27,0.102376781,0.845564365,0.0216672849,0.000649674854,0.00107734511,0.0129046943,0.00163010636,0.0141297672,neutral
Q21,14:56:32,0.1165148,0.817615449,0.0009813148,0.000130784712,4.2535692e-05,0.06357957,0.000458745,0.0006767886,neutral
Q21,14:56:37,0.0613015331,0.3434013,0.0002857866,0.000277708546,0.000324243476,0.59106034,0.002667191,0.0006818784,surprise
Q21,14:56:42,0.05136294,0.909109354,0.02583171,0.0008657933,0.000873586338,0.00983209349,0.001408708,0.000715830538,neutral
Q21,14:56:47,0.102417074,0.7737909,0.000217964756,0.000722244557,0.000424856262,0.1153182,0.007014894,9.3841e-05,neutral
Q22,14:57:02,0.169405043,0.728770554,0.008748583,0.000528758,0.00010813705,0.0714184642,0.0196661111,0.00135436037,neutral
Q22,14:57:12,0.1407249,0.5839475,0.00257803686,0.000100220779,3.32263444e-05,0.2675797,0.00408250466,0.000953911,neutral
Q22,14:57:17,0.295821458,0.587561,0.00036004142,0.000175496622,6.521495e-05,0.111787111,0.0021907296,0.00203896826,neutral
Q22,14:58:12,0.0448846854,0.588073254,0.000901627936,0.00255822181,0.000177843714,0.360739946,0.00200577988,0.000658666948,neutral
Q22,14:58:17,0.703920066,0.295111567,0.00026383347,0.000125645733,9.244254e-05,0.000167794264,0.000210065336,0.000108557651,sadness
Q23,14:58:22,0.07287126,0.734137058,0.00101421052,0.000244517054,0.0005063328,0.182856381,0.006078454,0.00229180767,neutral
Q23,14:58:37,0.420486152,0.5583791,0.002108204,2.91520373e-05,9.455512e-06,0.0180817712,0.0008058633,0.00010031632,neutral
Q23,14:58:42,0.176163852,0.752408743,0.0009554726,0.000118583368,0.0003197479,0.06187124,0.007644732,0.000517610169,neutral
Q23,14:58:47,0.325653851,0.517000437,0.0006602425,0.000318416453,0.000453858549,0.125007376,0.02504856,0.005857254,neutral
Q23,14:58:52,0.5150294,0.242520049,0.00100171356,0.006890211,0.0175825413,0.0928138644,0.10791669,0.0162455831,sadness
Q23,14:58:57,0.324190319,0.657372236,0.0017752155,0.00124711334,0.00142446824,0.00602206262,0.00464115525,0.00332745,neutral
Q23,14:59:17,0.230128825,0.298307836,0.00722352229,0.00667667249,0.00150188967,0.411758244,0.0425083153,0.00189469568,surprise
Q24,14:59:42,0.6194431,0.371517926,0.00165766268,8.971629e-05,7.410384e-05,0.00313081662,0.0039291936,0.000157430259,sadness
Q24,14:59:47,0.4107393,0.5874217,0.00114389218,2.4717403e-05,2.90741555e-05,0.000209986145,7.8760575e-05,0.000352580741,neutral
Q24,15:00:16,0.161174729,0.7957447,0.0007934338,2.766418e-05,2.37231179e-05,0.04133692,0.000486540521,0.00041224403,neutral
Q24,15:00:18,0.187625483,0.8054821,0.00153600855,2.8373157e-05,3.9993567e-05,0.004551386,0.0001429422,0.000593721052,neutral
Q25,15:00:27,0.01669158,0.6473556,0.0007789265,7.080187e-05,0.00013651661,0.333099842,0.00184438447,2.23069455e-05,neutral
Q25,15:00:32,0.008633267,0.985451,0.000323366,4.665631e-06,2.416564e-05,0.005432506,0.000103332095,2.76965839e-05,neutral
Q25,15:00:37,0.0358262621,0.936414659,0.002168343,0.000638892059,0.000270097022,0.02396074,0.0006440725,7.69129256e-05,neutral
Q25,15:00:42,0.0398906954,0.845741332,0.00716566853,0.000364451756,0.000186388163,0.09586425,0.0107558863,3.134897e-05,neutral
Q25,15:00:47,0.1324584,0.8461414,0.0008906399,3.54674157e-05,9.3200164e-05,0.0199100263,0.000436235277,3.462712e-05,neutral
Q25,15:00:52,0.103505477,0.88406074,0.000358534919,3.62121573e-05,3.36505254e-05,0.0118660722,0.000133956826,5.328137e-06,neutral
Q25,15:00:57,0.5566805,0.436566144,0.003636452,0.000382395316,0.0007514391,0.001097738,0.0005675525,0.000317780854,sadness
Q25,15:01:02,0.6312997,0.343301743,0.02293217,0.0005156152,0.000528013858,0.0008036138,0.0005334061,8.57842242e-05,sadness
Q25,15:01:07,0.6147543,0.383456945,0.0009846091,1.9719535e-05,4.95559034e-05,0.00026614673,0.0003620655,0.000106631269,sadness
Q25,15:01:12,0.473670185,0.442875922,0.00270671933,0.000789856131,0.000142994119,0.07005397,0.009684006,7.634416e-05,sadness
Q25,15:01:17,0.168541536,0.822783768,0.00689207,2.0721136e-05,2.749627e-05,0.00151272258,7.527281e-05,0.00014641849,neutral
Q25,15:01:22,0.377627432,0.612550139,0.00654399162,0.0002380155,0.00033900392,0.00140573271,0.00127369491,2.198924e-05,neutral
Q26,15:01:37,0.455820441,0.539232552,0.00332219433,8.563399e-05,0.0001484196,0.0008342152,0.0005260406,3.05036447e-05,neutral
Q26,15:01:57,0.7050324,0.267552376,0.000303231063,0.0001364584,0.0001952854,0.01924985,0.00745416433,7.623762e-05,sadness
Q26,15:02:02,0.529998958,0.4673292,0.00091003225,0.000176309492,0.000154914756,0.0006221217,0.000291122415,0.000517303764,sadness
Q26,15:02:07,0.0143832406,0.9805189,2.223463e-05,8.746927e-05,0.00017647924,0.00449939445,0.000175740934,0.0001365428,neutral
Q26,15:02:17,0.477415919,0.497604758,0.00121090352,0.000233269238,0.000149713756,0.0164888818,0.005834674,0.00106188422,neutral
Q26,15:02:22,0.05183837,0.8112574,0.0012899806,0.005398746,0.0007870009,0.126074255,0.00287816417,0.000476034562,neutral
Q26,15:02:37,0.255361259,0.7144511,0.000969953951,0.000391350768,0.000201752351,0.018664917,0.009398028,0.000561680063,neutral
Q26,15:02:42,0.223066837,0.7601126,0.000533840037,0.000176103553,6.86688654e-05,0.009703637,0.005942172,0.000396177085,neutral
Q26,15:02:52,0.0488149635,0.06328721,0.0037904596,0.00306853652,0.000117765841,0.02422245,0.006305187,0.8503934,happiness
Q26,15:02:57,0.0286061279,0.0433357768,0.00289576431,0.00191932986,9.396657e-05,0.0579627529,0.03701054,0.8281757,happiness
Q26,15:03:02,0.000617852,0.0009409643,3.028015e-05,0.006088283,0.000139458833,0.002297342,0.00146482093,0.988421,happiness
Q26,15:03:12,0.0221642032,0.595181644,0.000194578286,0.000313759665,0.0002447691,0.351083845,0.030544363,0.000272845675,neutral
Q26,15:03:37,0.3534022,0.6232452,7.092152e-05,6.416287e-05,0.000107326821,0.0209385362,0.0014229787,0.000748665247,neutral
Q27,15:03:42,0.07011315,0.537439346,0.009102897,0.00288447435,0.00154532515,0.170703739,0.0133928386,0.194818214,neutral
Q27,15:04:07,0.006101255,0.7212569,6.535405e-05,0.000208416168,9.101834e-05,0.269740045,0.00233408483,0.000202890456,neutral
Q27,15:04:42,0.167117029,0.7985857,0.00190786831,0.00183159718,8.208234e-05,0.0280709956,0.00229421118,0.000110535206,neutral
Q27,15:05:12,0.381198,0.6126938,0.00190456246,0.000633945747,0.000326641137,0.00238567381,0.000767128542,9.02728e-05,neutral
Q27,15:05:22,0.0114241187,0.5029832,0.005650432,0.000105356274,0.00011455614,0.4786678,0.000721329241,0.000333189382,neutral
Q27,15:05:27,0.00467911456,0.9919478,0.00125701958,1.7097811e-05,4.828255e-06,0.00105068192,7.216466e-06,0.00103619345,neutral
Q27,15:05:32,0.106751546,0.8913639,0.000362827152,6.34001044e-05,1.19897559e-05,0.00121735863,0.000126699219,0.00010226712,neutral
Q27,15:05:37,0.40343076,0.5854481,0.0009913668,0.000135365757,0.003584237,0.0033152157,0.00305410242,4.084452e-05,neutral
Q27,15:05:47,0.131566167,0.79748863,0.00588493748,0.0017293056,0.00742035359,0.03925438,0.009994771,0.00666147145,neutral
Q28,15:05:52,0.111798823,0.880773365,0.00130438583,0.000101211968,6.95092458e-05,0.00587799633,4.20304641e-05,3.266089e-05,neutral
Q28,15:05:57,0.401846319,0.3791355,0.00113645883,0.000314970443,5.853702e-05,0.201520443,0.0159652755,2.24960477e-05,sadness
Q28,15:06:07,0.13215372,0.8656573,0.0003160261,9.622817e-06,3.30616749e-05,0.001727643,2.698338e-05,7.56246664e-05,neutral
Q28,15:06:12,0.6370665,0.361361,0.0005481666,0.000103797742,0.000426796934,0.000152189,0.000186675461,0.000154877212,sadness
Q28,15:06:17,0.08885021,0.8918354,0.00273500988,0.0005729886,8.667548e-05,0.0140763484,0.000673797331,0.00116958353,neutral
Q29,15:06:47,0.08663841,0.450371146,0.00218440685,0.000224580333,0.000290637981,0.446980566,0.00976759,0.0035426442,neutral
Q29,15:07:12,0.234857962,0.7522812,0.00414225832,2.73512269e-05,5.55369e-05,0.008449579,0.000170152591,1.59723713e-05,neutral
Q31,15:07:33,0.152136967,0.7948929,0.00408311561,0.000387085,0.000187610625,0.044131685,0.0030410348,0.00113962381,neutral
Q30,15:07:38,0.152380288,0.56964606,0.00103607168,5.31994847e-05,5.80988162e-05,0.273846984,0.00296157622,1.773398e-05,neutral
Q30,15:08:07,0.0006913975,0.124439105,0.871802866,0.0007686955,0.0005108081,0.0002669401,1.99005717e-06,0.0015182175,contempt
Q30,15:08:12,0.05873744,0.8499669,0.0009661722,0.000115201707,6.961795e-05,0.08645223,0.00276303547,0.0009294033,neutral
Q30,15:08:17,0.4381836,0.547162533,0.00229030941,0.0002833458,0.0002732811,0.004812129,0.00514240563,0.00185241038,neutral
Q30,15:08:22,0.171471223,0.823767841,0.00038774655,3.0139081e-05,7.98981e-06,0.00186796731,0.0005558367,0.00191128394,neutral
Q30,15:08:27,0.5989059,0.381894648,0.00267534051,0.00013200524,0.000104125218,0.009924164,0.00574182533,0.0006219419,sadness
Q30,15:08:32,0.0611914322,0.887982547,0.0006025096,1.23613381e-05,1.63236273e-05,0.04945528,0.000589852745,0.0001497047,neutral
Q30,15:08:37,0.08416942,0.913865268,0.000507072138,7.17008952e-05,1.73402022e-05,0.000715371454,0.0001007241,0.000553115737,neutral
Q30,15:08:42,0.0403087772,0.9356064,0.00402290327,0.000114602823,0.000170014129,0.0184479281,0.000507853169,0.0008215112,neutral
Q31,15:08:47,0.346530944,0.646601,0.000163854143,8.862747e-06,2.18006189e-05,0.006105727,0.0003488871,0.000218904635,neutral
Q31,15:08:57,0.03662028,0.217250109,0.00241872785,0.004291071,0.00227496,0.6402983,0.08542221,0.01142433,surprise
Q31,15:09:07,0.5075891,0.404898763,8.83986359e-05,6.20531546e-06,8.108492e-06,0.0773509741,0.009998124,6.0344868e-05,sadness
Q31,15:09:12,0.571917653,0.418641448,0.00137031474,4.83840231e-05,9.295896e-05,0.004445226,0.00306941057,0.000414609967,sadness
Q31,15:09:17,0.5649076,0.431007624,0.000335674,3.01873315e-05,4.87945363e-05,0.00170099386,0.00104518316,0.0009239592,sadness
Q31,15:09:27,0.3848043,0.5929211,0.002228315,8.247514e-05,0.0003422414,0.0142765725,0.005231846,0.0001131718,neutral
Q31,15:09:32,0.004757187,0.7954589,0.000606973539,0.0007247306,0.00013332651,0.186905056,0.00117360847,0.010240199,neutral
Q31,15:09:37,0.04044421,0.8319664,0.00167987857,0.00108396588,0.00120771385,0.0284514148,0.00367758586,0.09148885,neutral
Q31,15:09:57,0.0720593855,0.360059917,1.756007e-05,9.992491e-07,1.78484356e-06,0.567164063,0.00068385544,1.24152675e-05,surprise
Q31,15:10:07,0.13419418,0.505515158,0.0002850216,4.39728028e-05,2.93665471e-05,0.357351184,0.00249734358,8.38028354e-05,neutral
Q31,15:10:12,0.0144829014,0.9745344,0.0004170429,6.323301e-06,2.46692634e-05,0.0103088124,7.453132e-05,0.000151324362,neutral
Q33,15:10:18,0.490831733,0.495993227,0.00925302,0.000357381854,0.000416790164,0.00156615092,0.00110632833,0.0004753669,neutral
Q32,15:10:42,0.219950765,0.7457028,0.00175642548,3.19819264e-05,7.448655e-05,0.0291235857,0.003246386,0.000113558708,neutral
Q33,15:11:57,0.0239999276,0.9734086,0.00156096579,3.42172643e-05,1.0262761e-05,0.000844590366,4.928207e-05,9.219949e-05,neutral
Q33,15:12:02,0.002976073,0.221121222,0.00327750086,0.00180932449,0.00162511156,0.0113223931,0.000261237,0.757607162,happiness
Q33,15:12:07,0.0225716,0.9266441,0.00135549763,0.000530552235,8.745534e-06,0.0223175474,0.000210017155,0.026361933,neutral
Q33,15:12:12,0.115443014,0.8615847,0.008213939,0.000178077447,0.000117398427,0.006277398,0.00197263178,0.00621281425,neutral
Q33,15:12:17,0.05857013,0.921258748,0.000438931136,4.308256e-05,5.718013e-06,0.0163044371,0.00218097679,0.00119797967,neutral
Q33,15:12:22,2.225408e-09,8.694149e-07,1.23646453e-08,4.75553975e-07,2.61921365e-08,9.87336753e-05,4.8247724e-08,0.9998998,happiness
Q33,15:12:27,0.118897475,0.8597099,0.00441976357,0.000160695214,0.000269827258,0.0152766332,0.000807224133,0.000458475377,neutral
Q33,15:12:32,0.302627742,0.433137178,2.20088041e-05,2.23226584e-06,8.78951141e-07,0.262346447,0.00186166179,1.83273028e-06,neutral
Q33,15:12:37,0.320487469,0.675543964,0.000310068717,1.96557357e-05,1.25017641e-05,0.00321247545,0.000151189233,0.000262696063,neutral
Q33,15:12:42,0.046649497,0.941798151,0.000528368633,2.2491382e-05,5.50116329e-06,0.0109763369,5.756665e-06,1.38719288e-05,neutral
Q33,15:12:47,0.322494119,0.6732562,0.00145530782,7.01715253e-05,0.000289306481,0.00181355549,0.0004743809,0.000146925522,neutral
Q33,15:12:52,0.428444117,0.4924291,0.01138806,0.00396937039,0.0212297067,0.018169038,0.0239738245,0.000396756281,neutral
Q33,15:13:02,0.00730662,0.6574168,0.000143746613,0.0004109521,2.15797354e-05,0.333918422,0.000743567769,3.827725e-05,neutral
Q33,15:13:12,0.05905997,0.910177648,0.0142538138,0.000801595452,0.00139907969,0.0107644238,0.0004982824,0.0030452,neutral
Q33,15:13:22,0.07492531,0.923896968,0.0007633323,7.081145e-06,8.37828557e-05,0.00027938516,3.55848679e-05,8.559839e-06,neutral
Q33,15:13:27,0.0135157993,0.9709679,0.000359446771,1.31793877e-05,6.388376e-05,0.0147492886,0.000322542939,7.98718e-06,neutral
Q34,15:13:32,0.00320667378,0.950078,0.00537704537,6.243069e-05,1.66928185e-05,0.000961137353,4.03970853e-06,0.0402939729,neutral
Q34,15:13:37,0.1696039,0.829708934,0.000472949352,1.730272e-05,2.998871e-05,0.000134141679,2.23247735e-05,1.04575247e-05,neutral
Q34,15:13:42,0.335668534,0.642476559,0.01555411,0.00289166,0.00166037108,0.0004730397,0.000335125224,0.0009406342,neutral
Q34,15:13:47,0.322344035,0.674129248,0.001147049,0.000391861482,0.000226682183,0.00104195671,0.000638435,8.073604e-05,neutral
Q34,15:13:57,0.221314579,0.7736198,0.002328108,0.0004008974,0.0002817993,0.00134613656,0.000471503939,0.0002372196,neutral
Q34,15:14:02,0.5442138,0.4505787,0.00278021325,0.0008475081,0.000218032874,0.000929767557,0.000397182681,3.48331632e-05,sadness
Q34,15:14:07,0.547974348,0.445555657,0.004874742,0.000158238341,0.000152534631,0.00084284757,0.0004042793,3.73262155e-05,sadness
Q34,15:14:17,0.078497164,0.905487239,0.00147860148,0.0006612273,0.000431281078,0.0127191478,0.0005284015,0.000196926441,neutral
Q34,15:14:22,0.0495666042,0.941938758,0.00121412764,0.00033085898,0.000309006224,0.00600174442,0.000225899217,0.000412985275,neutral
Q35,15:14:27,0.118294008,0.8782246,0.0014016967,0.000217294466,0.000102497666,0.00154521968,3.877993e-05,0.000175908,neutral
Q35,15:14:42,0.09698675,0.8906198,0.004118728,0.0007393661,0.00230879127,0.00325864181,0.000451166154,0.001516738,neutral
Q35,15:14:47,0.196727142,0.604081869,0.009064403,0.00148340676,0.00220495369,0.062988,0.10623727,0.0172129646,neutral
Q35,15:15:32,0.07564613,0.8427062,0.00144870859,0.000769729959,0.00175910373,0.0617712028,0.0141606,0.00173833093,neutral
Q11,15:15:39,0.03982083,0.6678329,0.00471209176,0.002326066,0.00339089637,0.258501947,0.02113691,0.0022783624,neutral
Q36,15:15:43,0.277183115,0.720513,0.0005370781,9.361453e-05,0.00019456353,0.0006698683,4.30409e-05,0.0007657479,neutral
Q36,15:15:57,0.353762239,0.634369969,0.00176508457,0.000381046149,0.000895492267,0.00617652247,0.0018677942,0.000781847746,neutral
Q36,15:16:07,0.2506395,0.7105425,0.00199932046,0.000159081639,5.185966e-05,0.0282891132,0.00806728,0.000251343066,neutral
Q36,15:16:12,0.027107,0.92157644,0.00127736619,6.297011e-05,0.000116462616,0.0490291826,0.000146633756,0.0006839361,neutral
Q36,15:16:17,0.1048502,0.679475665,0.0015009346,0.000231005717,0.000344269734,0.206317142,0.00178084592,0.005499922,neutral
Q36,15:16:22,0.146859482,0.83392936,0.01306313,5.74518745e-05,7.898887e-05,0.00585741224,7.89747137e-05,7.522235e-05,neutral
Q36,15:16:27,0.372712553,0.6132527,0.000778082642,0.000200998242,0.000867246068,0.0102010565,0.00171767629,0.0002696547,neutral
Q36,15:16:32,0.04653276,0.5401915,0.00105732225,0.000333881064,0.0005190471,0.405329674,0.005117069,0.000918797043,neutral
Q36,15:16:37,0.0102983713,0.898230553,0.00314594922,0.0008984314,0.000211503415,0.0153602241,0.000287396455,0.07156754,neutral
Q37,15:16:42,0.213257581,0.769812,0.0027118877,4.3439657e-05,4.15507e-05,0.0132857924,0.000691974943,0.000155759932,neutral
Q37,15:16:47,0.6328131,0.3407675,0.000198506954,1.08362565e-05,1.613837e-05,0.0218006447,0.00434507336,4.81811e-05,sadness
Q37,15:16:52,0.5937069,0.402622342,0.000641265768,2.53577855e-05,9.41578946e-06,0.0006687456,0.00228611217,3.98704251e-05,sadness
Q37,15:17:02,0.321867853,0.602486134,0.0005561825,4.92617655e-05,4.771692e-05,0.07051374,0.004282031,0.000197092362,neutral
Q37,15:17:07,0.296871662,0.697137356,0.0004508465,6.62329876e-06,1.60959135e-05,0.005174014,0.000317389262,2.60383422e-05,neutral
Q37,15:17:22,0.13442862,0.728007257,0.116843626,0.00107874768,0.001305743,0.0157751385,0.0013706102,0.00119028566,neutral
Q37,15:17:27,0.295003772,0.6832954,5.75680533e-05,9.22886443e-07,2.244284e-06,0.0211093742,0.000432792265,9.789891e-05,neutral
Q37,15:17:32,0.06444562,0.7539981,0.00075953023,5.180097e-05,6.304006e-05,0.178593248,0.00140757614,0.0006810788,neutral
Q37,15:17:37,0.203022,0.7313844,0.00358679052,0.00122829538,0.001234921,0.0476153977,0.003420076,0.00850815,neutral
Q37,15:17:42,0.290323526,0.696921647,0.001182035,1.48321906e-05,1.82811418e-05,0.0108649405,0.0006292929,4.544597e-05,neutral
Q37,15:17:47,0.5170525,0.4815687,0.000161511474,2.37264339e-06,2.15409932e-06,0.00100212719,0.0001677616,4.29187348e-05,sadness
Q37,15:17:57,0.438900977,0.5513085,0.004375452,0.000114928189,0.000159067888,0.004835071,0.0002825294,2.3469318e-05,neutral
Q37,15:18:17,0.07621789,0.918801844,0.00234769844,4.245675e-05,5.735366e-05,0.00179340143,2.70852852e-05,0.0007122591,neutral
Q38,15:18:22,0.342848629,0.630578935,0.000101430895,3.34756578e-06,6.852664e-06,0.0256683454,0.000778792,1.36770786e-05,neutral
Q40,15:18:37,0.549985051,0.44891426,0.0005577254,2.6869955e-05,4.19665339e-05,0.000276894629,9.503922e-05,0.000102166407,sadness
Q39,15:18:43,0.188982353,0.8066004,0.0005526846,5.730553e-06,1.1762324e-05,0.003429971,9.45304637e-05,0.0003225712,neutral
Q38,15:18:48,0.138394669,0.8586612,0.000373765535,2.3720288e-06,8.635098e-06,0.00243660668,8.425423e-05,3.85064741e-05,neutral
Q39,15:18:53,0.473682225,0.5153318,0.009989615,8.22014e-05,8.64055037e-05,0.0005294524,0.000209040023,8.92718454e-05,neutral
Q39,15:18:57,0.489187151,0.4780867,0.00082605693,5.7662648e-05,4.282134e-05,0.0258086938,0.00579481572,0.0001960718,sadness
Q39,15:19:37,0.0126843862,0.985408068,0.000906954461,6.3446e-06,5.79070474e-05,0.0009147672,9.342168e-06,1.22521369e-05,neutral
Q39,15:19:42,0.431631178,0.560749352,0.0008467042,3.55659067e-05,5.49855176e-05,0.004832067,0.00184094661,9.17931447e-06,neutral
Q39,15:19:47,0.0377668738,0.958695769,0.00130338036,0.00017233743,6.380823e-05,0.00163630256,3.009216e-05,0.0003314619,neutral
Q39,15:19:52,0.220654875,0.778095245,0.0008225792,0.000100810408,7.33927e-05,0.00017841853,2.14182182e-05,5.324691e-05,neutral
Q39,15:19:57,0.314103484,0.6848524,0.0008229157,5.67631e-05,3.2556105e-05,0.000112643858,1.0228262e-05,8.98707e-06,neutral
Q39,15:20:02,0.1491682,0.847267,0.00249198661,0.000213898937,0.000273693644,0.00045451746,8.689919e-05,4.38558855e-05,neutral
Q39,15:20:07,0.5518315,0.4465583,0.00108108332,0.000132237168,7.513995e-05,0.000234021514,8.12651851e-05,6.471352e-06,sadness
Q39,15:20:12,0.3085702,0.6881039,0.00255234423,0.000208957252,0.000108894041,0.000338112441,6.85281339e-05,4.901559e-05,neutral
Q39,15:20:17,0.572909534,0.397150636,0.00172817754,0.000265036244,0.000197408022,0.0137293544,0.0135389222,0.00048093943,sadness
Q39,15:20:22,0.448841751,0.5067375,0.0031844615,0.000234149251,0.0001118436,0.0193846468,0.01988509,0.00162062037,neutral
Q39,15:20:27,0.3127161,0.686099231,0.000384113431,5.433027e-05,4.876213e-05,0.000400637073,0.000183645214,0.000113149814,neutral
Q39,15:20:32,0.6918962,0.302931964,0.00166772725,0.000120534714,3.300866e-05,0.00164131739,0.00150747376,0.000201796458,sadness
Q39,15:20:37,0.201166332,0.5935771,0.0006224483,0.000104883991,0.000137126539,0.191377744,0.008751844,0.00426251,neutral
Q39,15:20:42,0.4515392,0.499951363,0.009195661,0.0005592958,0.000104211715,0.03087553,0.007451811,0.000322938926,neutral
Q39,15:20:47,0.426668972,0.5693427,0.00166201859,5.75950035e-05,1.44942678e-05,0.00163583644,0.00048786102,0.000130538392,neutral
Q39,15:20:52,0.4037552,0.5518474,0.008743247,0.000402079255,0.000232648366,0.0273514427,0.00424136966,0.00342662237,neutral
Q39,15:20:57,0.19837147,0.7628267,0.0033599392,5.67324823e-05,3.23910463e-05,0.0339495279,0.000679866236,0.000723395031,neutral
Q39,15:21:02,0.0198502187,0.969977736,0.00419359328,4.438624e-05,6.207732e-05,0.0054722107,8.058785e-05,0.000319216022,neutral
Q40,15:21:07,0.5998481,0.398951352,6.69339e-05,4.30765067e-06,1.75253463e-05,0.000615796831,0.000485155731,1.08652257e-05,sadness
Q40,15:21:12,0.1280022,0.8691831,0.000344572385,1.70247e-05,3.279513e-05,0.00117164047,5.4483924e-05,0.0011941453,neutral
Q40,15:21:17,0.222004592,0.7610364,0.0101974271,7.246204e-05,6.404298e-05,0.00530251861,0.000384788145,0.0009377504,neutral
Q40,15:21:21,0.227323472,0.770308435,0.0001888216,6.537768e-06,8.142396e-05,0.00182125694,0.000221063674,4.89914273e-05,neutral
Q40,15:21:27,0.0200823564,0.357863516,0.000165239748,0.0007324701,3.02589e-05,0.615234,0.005791622,0.0001005059,surprise
Q40,15:21:42,0.0965734646,0.8263096,0.000165407517,2.3553077e-05,7.287005e-05,0.07279528,0.00393143063,0.0001283474,neutral
Q9,15:22:22,0.157708034,0.6793818,0.000151826593,3.11449949e-05,0.000112728136,0.158381775,0.003928519,0.0003042087,neutral
Q22,15:22:32,0.3093929,0.605049431,0.000372671057,3.98914053e-05,4.048986e-05,0.07868896,0.00600780128,0.000407885382,neutral
