3,Q6,8:57:58,0.00040184008,0.9958313,0.00180882623,2.98994041e-06,5.650205e-06,9.217362e-06,3.014917e-08,0.00194010616,neutral
3,Q6,8:58:00,0.0293156169,0.9651384,0.0022281108,0.0003547792,0.000139668962,0.000968853361,1.80936077e-05,0.00183650677,neutral
3,Q6,8:58:03,0.00532147661,0.993391454,0.0006063628,2.00387422e-05,7.836739e-06,0.0002536133,2.079704e-06,0.000397158379,neutral
3,Q6,9:06:26,0.00341691426,0.9963756,0.000173821856,3.25517431e-06,1.96273481e-06,1.10286555e-05,2.15825793e-07,1.7161492e-05,neutral
3,Q6,9:06:28,0.0160932355,0.9837214,0.000128707077,1.18608687e-05,1.84598889e-06,2.67840987e-05,5.0899223e-07,1.5682499e-05,neutral
3,Q6,9:06:30,0.0258639436,0.973618865,0.0003473533,3.60371923e-05,5.49684728e-06,6.357707e-05,2.50850758e-06,6.223771e-05,neutral
3,Q6,9:11:36,0.0632789,0.935111,0.00103331043,9.339683e-05,4.474021e-05,0.000198082707,1.5625601e-05,0.000224936259,neutral
3,Q6,9:11:38,0.0960952,0.90322125,0.0003145587,6.37669436e-05,2.00660015e-05,0.000105592917,2.06094614e-06,0.000177512411,neutral
3,Q6,9:11:41,0.1357462,0.710214,0.0006458323,0.0003141603,0.000438968476,0.0316833667,0.00747384131,0.1134836,neutral
3,Q6,9:11:42,0.03167082,0.6403087,0.0005201888,7.98364053e-05,0.000207177058,0.00463018427,0.0006457957,0.321937323,neutral
3,Q6,9:11:44,0.194777429,0.7725698,0.014973,0.000637061952,0.00119640538,0.00022847802,7.059219e-05,0.015547229,neutral
3,Q6,9:11:46,0.0312535577,0.9578599,0.00289740181,0.0009509954,0.000447525148,0.003667696,0.000115221061,0.00280773849,neutral
3,Q6,9:11:48,0.018650474,0.980155468,0.0009942797,2.16885237e-05,1.945393e-05,6.663305e-05,3.72264731e-06,8.826822e-05,neutral
3,Q6,9:11:50,0.0158901382,0.9551917,4.71312123e-05,2.3636856e-05,3.40746155e-05,0.0281101689,0.00067973655,2.34127765e-05,neutral
3,Q6,9:11:52,0.0004194869,0.07035174,2.251921e-05,0.008349422,0.004361884,0.915666759,2.76191768e-05,0.0008005731,surprise
3,Q6,9:11:54,0.00423866929,0.07625142,0.000515586755,0.0209133215,0.017035732,0.8788818,0.0008476222,0.00131581118,surprise
3,Q6,9:12:00,0.143038854,0.8467053,0.004838379,0.0003615961,0.0007075833,0.000149146435,2.2798e-05,0.0041763247,neutral
3,Q6,9:12:02,0.003725909,0.996087134,9.625943e-05,8.788571e-06,2.9017308e-06,2.29836387e-05,1.52377311e-07,5.58992942e-05,neutral
3,Q6,9:12:04,0.013307468,0.985565,0.00102827966,6.368612e-06,5.341614e-06,6.60351543e-06,1.658182e-07,8.079327e-05,neutral
3,Q6,9:12:06,0.0816541538,0.9181294,0.000133719324,1.14787663e-05,1.92092411e-05,3.570931e-05,2.185398e-06,1.41867722e-05,neutral
3,Q6,9:12:08,0.0134279337,0.9780245,0.00410367455,0.0003018906,0.000191137937,0.0008741161,2.07845333e-05,0.00305599114,neutral
3,Q6,9:12:10,0.0266438834,0.970386446,0.00114269741,7.6916e-05,3.446628e-05,6.98827062e-05,2.36534834e-06,0.001643364,neutral
3,Q6,9:12:12,0.0112395873,0.988265336,0.0003845315,1.39221265e-05,1.59729134e-05,4.0863717e-05,5.407954e-07,3.9270155e-05,neutral
3,Q6,9:12:14,0.02950709,0.968324065,0.00112072716,9.970117e-05,0.00010371751,0.000306548172,1.82181248e-05,0.000519940455,neutral
3,Q6,9:12:16,0.441915423,0.479993224,0.0577193052,0.009360726,0.004482972,0.00402756874,0.00109062938,0.00141015765,neutral
3,Q6,9:12:18,0.424334556,0.52654,0.04369403,0.00392271671,0.00114832574,0.000135700437,1.992265e-05,0.000204788812,neutral
3,Q6,9:12:20,0.004058151,0.9828227,0.000118536904,2.87898565e-05,0.000180752017,0.011678678,0.000808678742,0.00030371474,neutral
3,Q6,9:12:22,0.00561200269,0.9913954,0.000144247431,2.3360888e-05,7.23368139e-05,0.002613849,0.00011905891,1.97407353e-05,neutral
3,Q6,9:12:24,0.02330393,0.968907058,0.00371640921,0.0005130848,0.0005252503,0.00181486423,0.000179161318,0.00104025844,neutral
3,Q6,9:12:26,0.0216032229,0.978123844,0.000153461908,2.57711963e-05,1.12183025e-05,2.73137848e-05,5.690765e-07,5.46031151e-05,neutral
3,Q6,9:12:28,0.07530167,0.924123347,0.000432663219,3.21445659e-05,1.23333166e-05,6.464686e-05,3.89464276e-06,2.92805234e-05,neutral
3,Q6,9:12:30,0.03411596,0.9639574,0.000802642666,0.000329937116,0.000282712281,0.0003497342,3.51025847e-05,0.000126478961,neutral
3,Q6,9:12:32,0.0389761776,0.959918261,0.000528387143,8.23745359e-05,6.331519e-05,0.000342473271,2.6086549e-05,6.294948e-05,neutral
3,Q6,9:12:34,0.08760358,0.907402039,0.00212374516,0.000357283163,0.000329270872,0.00147160853,0.0003815444,0.000330916664,neutral
3,Q6,9:12:36,0.05029067,0.9471406,0.00145343749,0.0005936883,0.000120814715,0.000233046187,1.625066e-05,0.000151548025,neutral
3,Q6,9:12:38,0.0356636755,0.9635224,0.0004327805,5.618032e-05,2.914958e-05,0.00015013371,1.30525959e-05,0.000132638175,neutral
3,Q6,9:12:42,0.03535379,0.9568634,0.00178802514,0.000485515571,0.0001481674,0.00160965009,0.00011987707,0.00363159762,neutral
3,Q6,9:12:44,0.23915264,0.7533483,0.00321654254,0.0007768986,0.0004682794,0.0009697378,0.000162680386,0.00190490438,neutral
3,Q6,9:12:46,0.0165531542,0.959207,0.00179992255,0.0008099327,0.0002831696,0.0161433071,0.0002017917,0.005001736,neutral
3,Q6,9:12:48,0.0207123756,0.975918531,0.0009838378,0.000108029679,5.5303015e-05,0.0015171651,4.869502e-05,0.000656045042,neutral
3,Q6,9:12:50,0.0155267,0.9818049,0.00127653568,5.35593972e-05,6.13523e-05,0.000148002437,5.21879065e-06,0.00112371473,neutral
3,Q6,9:12:52,0.00723188138,0.981419265,0.007829154,3.8819453e-05,1.62483248e-05,5.86055066e-05,8.88229351e-07,0.00340513117,neutral
3,Q6,9:12:54,0.7419199,0.255730569,0.0011906306,0.000320465479,7.468087e-05,2.30734913e-05,2.28555382e-05,0.0007178624,sadness
3,Q6,9:12:56,0.1783731,0.812678754,0.00445725443,0.0009296518,0.00031054084,0.00074931077,0.000109736262,0.002391651,neutral
3,Q6,9:12:58,0.01384996,0.9799116,0.002526531,0.0002271039,0.0002974386,0.0008070259,1.500406e-05,0.00236528553,neutral
3,Q6,9:13:00,0.06029258,0.930975854,0.00193822745,0.0002573764,0.000149406478,0.000292135053,1.841618e-05,0.0060759983,neutral
3,Q6,9:13:02,0.02559636,0.9706281,0.00207144045,0.0002459163,0.000277569081,0.000392736372,2.4858633e-05,0.0007630133,neutral
3,Q6,9:13:04,0.0119935181,0.986591,0.0006061831,4.08928754e-05,1.11934442e-05,7.893773e-05,1.07872336e-06,0.0006772322,neutral
3,Q6,9:13:06,0.0351348631,0.9589933,0.004678786,0.000124863189,0.0001709789,4.5960016e-05,2.60314914e-06,0.0008486463,neutral
3,Q6,9:13:08,0.0520740636,0.938860834,0.003237093,0.000606718531,0.0005791315,0.00246359967,0.000282822759,0.00189576147,neutral
3,Q6,9:13:10,0.03092318,0.9662619,0.00143949315,0.0001198884,0.000151707864,0.0002891881,1.90606024e-05,0.000795585569,neutral
3,Q6,9:13:12,0.022828009,0.9748035,0.00145794638,5.924933e-05,8.04893e-05,0.000140217817,5.3371e-06,0.00062525156,neutral
3,Q6,9:13:14,0.014030844,0.983980536,0.00107147719,6.49790454e-05,4.95703571e-05,7.36776856e-05,1.91793879e-06,0.000726975035,neutral
3,Q6,9:13:16,0.043229755,0.9485818,0.00263174856,0.000198252339,0.000204820375,0.000388288056,3.74047231e-05,0.00472792657,neutral
3,Q6,9:13:20,0.350607127,0.62985903,0.01074453,0.00050544,0.0003364812,4.11233232e-05,1.36383578e-05,0.007892649,neutral
3,Q6,9:13:22,0.06482392,0.869943857,0.0387939773,0.00220384379,0.00117877568,0.0007711756,0.000163879726,0.0221205484,neutral
3,Q6,9:13:24,0.0259639081,0.972277045,0.000956040458,3.228828e-05,1.9842706e-05,4.02501537e-05,1.59940362e-06,0.000709015061,neutral
3,Q6,9:13:26,0.03663706,0.9610379,0.00161470787,6.487067e-05,3.278462e-05,0.000122332582,1.02097492e-05,0.000480185845,neutral
4,Q6,10:00:01,0.00182572159,0.996700466,0.000771300634,5.75706872e-06,0.000246643816,0.0003690682,6.77225034e-06,7.427404e-05,neutral
4,Q6,10:00:03,0.00246360432,0.995434165,0.0010351938,4.38528059e-06,0.0005670285,0.000399812852,1.38656533e-05,8.19270863e-05,neutral
4,Q6,10:00:05,0.00157619477,0.997262836,0.000502728159,6.762434e-07,7.264816e-05,0.00010262576,5.414662e-06,0.000476874,neutral
4,Q6,10:00:07,0.00294087,0.995990455,0.000541042653,2.2441177e-06,0.000224385891,0.000232949547,1.60460113e-05,5.20160538e-05,neutral
4,Q6,10:00:09,0.0111947814,0.985138059,0.00162552809,2.30530768e-05,0.0007212907,0.000782108866,7.32927147e-05,0.000441894459,neutral
4,Q6,10:00:11,0.00152387691,0.997797847,3.359024e-05,3.434694e-06,9.448436e-05,0.000499161542,5.677042e-06,4.19579e-05,neutral
4,Q6,10:00:13,0.00201537483,0.9831473,0.008183664,4.277047e-05,0.0006229304,0.00123617309,9.168402e-06,0.00474256976,neutral
4,Q6,10:00:15,0.00175740465,0.9929399,0.002534532,3.748958e-05,0.0007691867,0.001194523,1.51693348e-05,0.000751797168,neutral
4,Q6,10:00:17,0.0007532494,0.997032,0.00033952,7.967994e-06,0.000169604231,0.00116759713,5.05003527e-06,0.000524995,neutral
4,Q6,10:00:23,0.00469130324,0.9897923,0.002870007,4.0343908e-05,0.0007763084,0.000474822125,6.801315e-05,0.00128689024,neutral
4,Q6,10:00:25,0.00107619551,0.9901193,0.00262959651,1.3776109e-05,0.000408900232,0.00215610233,2.45220144e-05,0.00357161229,neutral
4,Q6,10:00:27,0.000437703828,0.9979086,0.00110855885,4.361042e-06,0.000291460165,6.21739237e-05,5.2443994e-07,0.000186634512,neutral
4,Q6,10:00:29,0.000184468168,0.999089,0.0001822874,4.759568e-06,4.170219e-05,0.00025126338,4.854513e-07,0.000246060663,neutral
4,Q6,10:00:31,0.00121429772,0.98050046,0.000574740232,0.000315975572,0.00330593856,0.0136581147,8.485847e-05,0.000345590641,neutral
4,Q6,10:00:33,0.009239256,0.9562307,0.00155375572,0.000266681076,0.00168916129,0.02909509,0.000632616866,0.00129273348,neutral
4,Q6,10:00:35,0.002347845,0.9917118,0.00159995863,2.17009529e-05,0.000139261771,0.0001808348,5.11460848e-06,0.00399346836,neutral
4,Q6,10:00:37,0.0003734491,0.998778045,0.000371150469,5.272954e-06,3.75226737e-05,0.0001694005,7.98234737e-07,0.000264355825,neutral
4,Q6,10:00:39,0.001011305,0.9973639,0.000749605359,7.45929174e-06,0.000213627733,0.000483053853,8.903728e-06,0.000162118173,neutral
4,Q6,10:00:41,0.000727986568,0.9985489,0.000120147859,5.70539e-06,3.767526e-05,0.000437440351,1.39340318e-06,0.000120729273,neutral
4,Q6,10:00:43,0.00155388366,0.9919173,0.0009832876,7.663312e-05,0.00141704443,0.003776105,3.762169e-05,0.000238119945,neutral
4,Q6,10:00:45,0.0009029389,0.99648577,0.000389612658,2.12865871e-05,0.0003684707,0.00162381353,1.01421338e-05,0.000197989517,neutral
4,Q6,10:00:47,0.0008395454,0.996495843,0.0002371753,2.46720574e-05,0.000294772239,0.00187138363,1.38853e-05,0.000222709568,neutral
4,Q6,10:00:49,0.0005456256,0.9953074,0.000294935249,1.623752e-05,0.000157452479,0.00333966641,1.23344425e-05,0.0003263428,neutral
4,Q6,10:00:51,0.00112300355,0.9906527,0.00376521028,0.000104514191,0.002187799,0.00169802958,2.52298942e-05,0.0004435112,neutral
4,Q6,10:00:53,0.0009688843,0.9922029,0.00496943528,3.16282567e-05,0.00100179494,0.000241971036,2.84199677e-06,0.000580595632,neutral
4,Q6,10:00:55,0.002174191,0.988857865,0.00445858948,0.000122165642,0.002263761,0.0019019196,2.27578948e-05,0.0001987556,neutral
4,Q6,10:00:57,0.0006872791,0.997936547,0.0002909662,1.70363437e-05,0.000375641568,0.0006267387,7.350126e-06,5.84689369e-05,neutral
4,Q6,10:00:59,0.000404713617,0.99825,0.000407955522,3.89909565e-06,0.00018491011,0.0005298999,5.37549477e-06,0.000213238178,neutral
4,Q6,10:01:01,0.000450616673,0.9973072,0.00058992405,1.20164323e-05,0.000310245581,0.00126726157,9.768675e-06,5.30137258e-05,neutral
4,Q6,10:01:03,0.000752217951,0.982393146,0.008095501,0.000151962566,0.006034119,0.002382737,1.75707573e-05,0.000172725078,neutral
4,Q6,10:01:05,0.0002759297,0.995566249,0.00230436353,2.058717e-05,0.00058347726,0.0011303724,5.19882224e-06,0.000113822527,neutral
4,Q6,10:01:07,0.0008592429,0.982075036,0.008434087,7.93445652e-05,0.007587382,0.0006229956,7.42985367e-06,0.000334478333,neutral
4,Q6,10:01:09,0.0008812421,0.9943176,0.00305088819,1.82229487e-05,0.000386824075,0.000327702146,2.620702e-06,0.00101489178,neutral
4,Q6,10:01:11,0.000573658443,0.998008668,0.000316753547,6.011092e-06,0.000258105458,0.0006504644,9.127997e-06,0.000177231457,neutral
4,Q6,10:01:13,0.000239470435,0.999370158,0.000146049,3.82508631e-07,3.269041e-05,0.000138296469,3.869055e-06,6.9055015e-05,neutral
4,Q6,10:01:15,0.00174272177,0.997342,0.000199081536,1.44160754e-06,7.37451555e-05,0.000416211959,1.1766715e-05,0.00021303122,neutral
4,Q6,10:01:17,0.000362239865,0.9920188,0.006149536,1.43710231e-05,0.000350903458,0.0004817681,2.97787142e-06,0.0006194124,neutral
4,Q6,10:01:19,0.00147951907,0.9931227,0.0007134645,5.933979e-05,0.00123583782,0.00312852953,2.57661868e-05,0.000234855077,neutral
4,Q6,10:01:21,0.00138291623,0.9876827,0.0030458488,0.000135598908,0.00287624262,0.004459045,3.11502044e-05,0.000386493921,neutral
4,Q6,10:01:23,0.000482498144,0.994849443,0.00243182038,2.17268644e-05,0.000193674918,0.001963014,4.831211e-06,5.29947574e-05,neutral
4,Q6,10:01:25,0.00149770733,0.981704056,0.00197408744,0.000248320051,0.002853692,0.0112647843,5.34524079e-05,0.000403889,neutral
4,Q6,10:01:27,0.00265871221,0.990314066,0.002805515,2.068505e-05,0.000694162038,0.00281228684,5.812064e-05,0.0006364281,neutral
4,Q6,10:01:29,0.000817931956,0.9946925,0.00362637686,4.55621648e-06,0.000120429089,0.000259009656,1.0194045e-05,0.000468982675,neutral
4,Q6,10:01:31,0.00104109279,0.997110546,0.000504611467,2.98619329e-06,0.000153430039,0.000725120364,3.376916e-05,0.0004284682,neutral
4,Q6,10:01:33,0.004168334,0.9888881,0.000136503892,4.6535306e-06,0.00015062587,0.0003387576,6.852806e-05,0.00624448666,neutral
4,Q6,10:01:39,0.000899054867,0.990773439,6.108583e-05,3.32346681e-05,0.0007275424,0.0073559247,4.04822276e-05,0.0001092372,neutral
4,Q6,10:01:41,0.00043891216,0.9982586,0.0006237914,7.682759e-06,0.000194287088,0.0001750854,1.58286787e-06,0.000300045445,neutral
4,Q6,10:01:43,0.00106323313,0.9969238,0.000412886817,5.55037223e-05,0.0006611808,0.0006476508,9.613969e-06,0.00022613976,neutral
4,Q6,10:01:45,0.00134258752,0.9970459,0.000215784559,3.705324e-05,0.00048592384,0.0005059482,4.77969343e-06,0.000362053455,neutral
4,Q6,10:01:47,0.002526118,0.9917865,0.0007293504,6.858866e-05,0.000605668465,0.00327624287,4.307267e-05,0.0009644794,neutral
4,Q6,10:01:49,0.002018053,0.99460876,0.000256998144,2.83790723e-05,0.000298385858,0.0023896643,2.69074353e-05,0.000372840441,neutral
4,Q6,10:01:51,0.00142632716,0.995570242,0.000426952029,6.906531e-05,0.0007675461,0.00152133207,1.576235e-05,0.0002027667,neutral
4,Q6,10:01:53,0.001731139,0.99475497,0.00159326766,0.000123700462,0.000711457455,0.000734634,7.420973e-06,0.0003434011,neutral
4,Q6,10:01:55,0.00264283339,0.9935416,0.000791000435,0.00016006123,0.0013444135,0.00126515119,1.53129877e-05,0.000239646,neutral
4,Q6,10:01:57,0.003418894,0.98630923,0.0007427475,9.259696e-05,0.001676197,0.00681135431,9.500895e-05,0.0008539422,neutral
4,Q6,10:01:59,0.00205467851,0.981715143,0.00453996938,0.000253953622,0.007233041,0.003561635,7.512398e-05,0.000566428062,neutral
4,Q6,9:57:27,0.002011082,0.9890136,0.000259575521,4.452399e-05,0.000714384,0.003991101,4.14320348e-05,0.00392427435,neutral
4,Q6,9:57:29,0.003739347,0.987356663,0.00117666693,0.00039282217,0.00221915659,0.003990503,5.244321e-05,0.00107236917,neutral
4,Q6,9:57:31,0.00106251042,0.9938358,0.000116885007,1.17131549e-05,0.000306440459,0.00423477637,2.33532464e-05,0.0004085177,neutral
4,Q6,9:57:33,0.0006120118,0.996552646,0.0007970394,2.94273741e-05,0.000274872669,0.0015488707,8.074959e-06,0.000177084308,neutral
4,Q6,9:57:35,0.0024819735,0.991230369,0.000378187135,8.511495e-05,0.00143412361,0.003250133,5.3281663e-05,0.00108681375,neutral
4,Q6,9:57:37,0.00130709959,0.997833133,4.671445e-05,3.56421856e-06,6.723648e-05,0.000655033335,7.965116e-06,7.923239e-05,neutral
4,Q6,9:57:39,0.0010891339,0.9971393,0.00101837667,1.06278758e-05,0.000169794526,0.000419427874,5.52654637e-06,0.000147851868,neutral
4,Q6,9:57:41,0.001256424,0.9966664,0.0006973526,2.36006072e-05,0.0005438513,0.000392515678,6.00628846e-06,0.0004138989,neutral
4,Q6,9:57:43,0.00135319878,0.993361354,9.10787858e-05,1.42140179e-05,0.000118546493,0.004640387,2.43755621e-05,0.000396841962,neutral
4,Q6,9:57:45,0.00372088375,0.9931095,0.0004632382,4.94214946e-05,0.0003383123,0.0006926363,1.2421523e-05,0.00161358831,neutral
4,Q6,9:57:47,0.00108047086,0.9895769,0.00319064641,0.000189256272,0.00420758268,0.001654386,1.09616258e-05,8.98354047e-05,neutral
4,Q6,9:57:49,0.00107401086,0.994059145,0.00174130767,3.236465e-05,0.0009081415,0.000197958638,1.94048857e-06,0.00198512268,neutral
4,Q6,9:57:51,0.00231603463,0.989579558,0.0021748296,0.000132271292,0.0036640258,0.00192335912,2.83172558e-05,0.000181617739,neutral
4,Q6,9:57:53,0.001238819,0.9955667,0.002383286,3.65191663e-05,0.000252580125,0.000313544064,3.45304238e-06,0.0002050996,neutral
4,Q6,9:57:55,0.0007088208,0.997583032,0.0002355322,1.47991386e-05,8.07462857e-05,0.00109077583,5.528758e-06,0.0002807458,neutral
4,Q6,9:57:57,0.0005511139,0.993469238,0.00151207461,1.69042414e-05,0.002797597,0.0006085028,5.417026e-06,0.00103914144,neutral
4,Q6,9:57:59,0.002652991,0.9813246,0.000424192433,0.000153554385,0.0009166673,0.0140886195,0.00017328751,0.000266053,neutral
4,Q6,9:58:01,0.00671670353,0.9715282,0.001186632,0.00108189241,0.006499476,0.008997891,0.00156454323,0.00242470764,neutral
4,Q6,9:58:03,0.00488243345,0.9432702,0.00401110062,0.00019349478,0.0008888664,0.00331619848,0.000107109161,0.04333059,neutral
4,Q6,9:58:05,0.00918827,0.9842508,0.001305104,7.250733e-05,0.00214383,0.00206490862,0.000346024,0.000628573471,neutral
4,Q6,9:58:07,0.003631488,0.9853989,0.006980597,5.58486063e-05,0.00122316636,0.00093051634,8.65439142e-05,0.00169294619,neutral
4,Q6,9:58:09,0.00129864994,0.9964538,0.00109496294,2.47480257e-05,0.000217986992,0.000786579563,1.29680957e-05,0.000110282854,neutral
4,Q6,9:58:11,0.00727856,0.98987,0.00190692092,0.000239148954,0.000337723352,0.00029526843,9.276349e-06,6.31137736e-05,neutral
4,Q6,9:58:13,0.0102121541,0.9884593,0.000290851982,9.37578443e-05,0.0003829702,0.0005347689,2.38658431e-05,2.338758e-06,neutral
4,Q6,9:58:15,0.00310286763,0.9961158,0.0002419826,3.8420716e-05,0.000261217763,0.000218412184,8.364206e-06,1.29182426e-05,neutral
4,Q6,9:58:17,0.0111246044,0.98638463,0.001005716,0.000255214341,0.0008744464,0.000287661416,1.73622211e-05,5.034333e-05,neutral
4,Q6,9:58:19,0.00152619707,0.9966844,0.00145637686,2.18045643e-05,0.00012703125,0.000169173451,2.9066623e-06,1.21294261e-05,neutral
4,Q6,9:58:21,0.0022084,0.995521247,0.00105840818,0.000130384171,0.000248088676,0.000672234164,7.008732e-06,0.0001542308,neutral
4,Q6,9:58:23,0.00118232309,0.9963298,0.0009382194,4.36970258e-05,0.000406549982,0.00102508673,9.044383e-06,6.528745e-05,neutral
4,Q6,9:58:25,0.0007576455,0.9954985,0.0001445567,5.16511427e-05,0.0002371769,0.00316823879,1.35604269e-05,0.000128696774,neutral
4,Q6,9:58:27,0.00164892431,0.990903258,0.000973150251,0.00011036847,0.000745126163,0.00546737341,3.92789261e-05,0.000112536494,neutral
4,Q6,9:58:29,0.0021632656,0.9926738,0.000521083537,4.715854e-05,0.0009307692,0.00329319853,2.14482843e-05,0.00034926887,neutral
4,Q6,9:58:31,0.0034754,0.980142832,0.0130430264,6.260816e-05,0.00109303254,0.000139883879,5.80336336e-06,0.00203743181,neutral
4,Q6,9:58:33,0.00141056126,0.9948366,0.000433137,1.7294642e-05,0.0004365533,0.00166352524,1.6143671e-05,0.00118614081,neutral
4,Q6,9:58:35,0.000820213754,0.9977224,0.000255990919,9.090626e-06,0.00013264938,0.0009109155,8.806182e-06,0.000139939817,neutral
4,Q6,9:58:37,0.0009993389,0.9959135,0.0006356487,3.36657322e-05,0.00159604079,0.0005274278,3.71134638e-06,0.00029066173,neutral
4,Q6,9:58:39,0.00142032793,0.9938488,0.000446509337,3.896201e-05,0.0009955965,0.00194261,2.15736582e-05,0.00128561887,neutral
4,Q6,9:58:41,0.00108853413,0.996281266,0.0002472585,2.0924952e-05,0.000492751831,0.00143238844,9.620499e-06,0.000427252875,neutral
4,Q6,9:58:43,0.000275975442,0.99889946,0.000288680225,1.98098064e-06,5.56165323e-05,0.000245121249,7.020303e-07,0.000232449151,neutral
4,Q6,9:58:45,0.00234607351,0.991249,0.0003647959,0.000117513613,0.001424853,0.00396708166,6.448949e-05,0.0004661959,neutral
4,Q6,9:58:47,0.00128399057,0.997438967,0.000216580025,1.03266921e-05,0.000321996864,0.000468972925,4.31473563e-06,0.000254836632,neutral
4,Q6,9:58:49,0.0009654544,0.996665239,0.000924774562,1.35761775e-05,0.0005340957,0.0007708057,6.24189443e-06,0.00011983249,neutral
4,Q6,9:58:51,0.00262067374,0.988733053,0.000721531862,0.000125747945,0.00250724074,0.004334719,7.75756052e-05,0.0008794715,neutral
4,Q6,9:58:53,0.001963258,0.993726,0.000826573058,0.000116675314,0.00137123128,0.00148956222,1.70812527e-05,0.000489606,neutral
4,Q6,9:58:55,0.00151722319,0.990090966,0.000714181457,0.000108456639,0.00272037787,0.004046916,2.56963267e-05,0.0007761525,neutral
4,Q6,9:58:57,0.0025110594,0.99285537,0.00018654122,3.952218e-05,0.0009971154,0.00314390822,2.40584886e-05,0.000242401191,neutral
4,Q6,9:58:59,0.00103124452,0.991265953,0.000366191874,6.246466e-05,0.000888230745,0.00509214774,3.648253e-05,0.00125728559,neutral
4,Q6,9:59:01,0.00097361207,0.99415797,0.000375845178,2.14714019e-05,0.000539989,0.00278759049,2.23129318e-05,0.00112122565,neutral
4,Q6,9:59:03,0.0004981546,0.9944867,0.000229652,1.57961058e-05,0.0004945118,0.00334456842,1.27782978e-05,0.000917831261,neutral
4,Q6,9:59:05,0.00231859251,0.9921237,0.000239034867,6.824041e-05,0.000953146955,0.00340363127,3.26518057e-05,0.0008609717,neutral
4,Q6,9:59:07,0.00142733241,0.9947301,0.00100430544,5.839518e-05,0.000586537353,0.00134471175,9.949942e-06,0.0008386566,neutral
4,Q6,9:59:09,0.0009334031,0.981632948,0.0110649019,0.000140729651,0.00222063763,0.00307558523,1.62169181e-05,0.0009155939,neutral
4,Q6,9:59:11,0.000775168766,0.9978556,0.0005391645,7.723433e-06,0.000267658761,0.000471600622,2.89860827e-06,8.020663e-05,neutral
4,Q6,9:59:13,0.0007497056,0.9981072,0.000299925276,7.345174e-06,0.000130701665,0.0005879054,5.9774984e-06,0.0001112573,neutral
4,Q6,9:59:15,0.0006131772,0.993538558,0.00387109956,8.523842e-05,0.000855973747,0.000870575139,7.718438e-06,0.000157660252,neutral
4,Q6,9:59:17,0.0009606835,0.9978479,0.000530692632,1.35564806e-05,0.000157216011,0.000473259977,5.51753556e-06,1.11456429e-05,neutral
4,Q6,9:59:19,0.0006804008,0.996663,0.000427547435,3.95145144e-05,0.00124335929,0.0007320703,4.847469e-06,0.000209262536,neutral
4,Q6,9:59:21,0.000651636,0.9971952,7.972791e-05,8.95396352e-06,0.000221173264,0.00174203655,1.76502181e-05,8.364566e-05,neutral
4,Q6,9:59:23,0.0005218438,0.9980407,0.0006681744,3.085476e-05,0.0004002703,0.000285077142,3.17379022e-06,4.99568559e-05,neutral
4,Q6,9:59:25,0.00261881226,0.989804745,0.00261250115,4.721384e-05,5.38813474e-05,0.000115129755,1.50905873e-06,0.00474621,neutral
4,Q6,9:59:27,0.000305853173,0.04821903,4.79410664e-06,0.000371440838,0.00165135285,0.9483587,3.75362033e-05,0.00105125655,surprise
4,Q6,9:59:29,0.00164786261,0.1467473,0.000267776282,0.007375846,0.02159012,0.8085794,0.00106902851,0.0127226794,surprise
4,Q6,9:59:31,0.000456468377,0.8965615,0.00624446,1.38198739e-05,5.08187841e-05,0.000150857828,9.034225e-07,0.09652116,neutral
4,Q6,9:59:33,0.00128378684,0.997177064,0.00053786044,4.067467e-06,0.000108491084,0.000458589871,1.32667374e-05,0.000416852941,neutral
4,Q6,9:59:35,0.0008000574,0.9988466,7.460752e-05,4.81648556e-07,3.313392e-05,0.000127101332,1.2190404e-05,0.000105855572,neutral
4,Q6,9:59:37,0.00117126585,0.995277941,0.000441556476,2.54744318e-05,0.000375477452,0.00232712878,3.50891e-05,0.0003460783,neutral
4,Q6,9:59:39,0.00264016,0.9808029,0.00107760436,0.000476465182,0.00328469835,0.0103064943,0.000161695629,0.00125000009,neutral
4,Q6,9:59:41,0.00107666862,0.9938389,0.003106561,4.13545968e-05,0.000308620773,0.00112256454,8.705709e-06,0.0004966465,neutral
4,Q6,9:59:43,0.00061892363,0.997384369,0.000210418759,5.51445146e-06,0.0002657701,0.000992946,1.3402373e-05,0.0005086594,neutral
4,Q6,9:59:45,0.00133766711,0.989904046,0.00342611643,2.14939519e-05,0.000425626349,0.0005066136,1.21917874e-05,0.004366235,neutral
4,Q6,9:59:47,0.00103074161,0.9976652,0.000266919262,5.84597046e-06,0.000147953848,0.0002551683,2.516009e-06,0.000625602261,neutral
4,Q6,9:59:49,0.001810385,0.988724768,0.00504778326,6.260089e-05,0.00273695169,0.0007285669,8.210353e-06,0.00088073907,neutral
4,Q6,9:59:51,0.00095943996,0.9850202,0.004809201,9.589345e-05,0.006861076,0.001742372,1.244449e-05,0.000499358866,neutral
4,Q6,9:59:53,0.00174476113,0.9806138,0.00697730761,0.000155042842,0.007583654,0.00241896743,2.96473336e-05,0.000476780115,neutral
4,Q6,9:59:55,0.000316319725,0.9981104,0.00128170231,2.135321e-06,9.267335e-05,8.630876e-05,6.59688567e-07,0.000109762193,neutral
4,Q6,9:59:57,0.000287331466,0.9981409,0.00120668486,3.66431959e-06,0.000201322546,8.505466e-05,7.103608e-07,7.43510245e-05,neutral
4,Q6,9:59:59,0.0008930701,0.992158234,0.005838797,1.16623123e-05,0.000428735162,0.000161389864,2.28411363e-06,0.000505811768,neutral
4,Q6,10:02:11,0.00317178876,0.9577572,0.0015012892,0.0009427264,0.00382528757,0.0292416755,0.000237535729,0.00332251983,neutral
4,Q6,10:02:13,0.00112309121,0.990603447,0.000418791344,9.484341e-05,0.000835599669,0.0059246365,1.75361711e-05,0.0009820581,neutral
4,Q6,10:02:15,0.00131876534,0.963432252,0.00137897348,0.000615956844,0.008975124,0.0234145857,0.000135631519,0.0007286832,neutral
5,Q6,8:23:48,0.241642445,0.6263342,0.0397459865,0.0133336568,0.0189745482,0.04283143,0.0168419536,0.0002957761,neutral
5,Q6,8:23:50,0.03652359,0.9402613,0.00563093275,0.0008334746,0.005386593,0.009475518,0.00169711129,0.000191480081,neutral
5,Q6,8:23:52,0.04201095,0.8874736,0.0163082145,0.00511477049,0.0289308429,0.0180851482,0.00188782893,0.000188690639,neutral
5,Q6,8:23:54,0.000514183834,0.04455491,0.00341410958,0.002230843,0.000591782446,0.0002836507,3.03845172e-05,0.9483801,happiness
5,Q6,8:23:56,1.288737e-05,0.00143281871,0.000519322639,0.001157816,0.0135908611,0.00235940982,0.0001084572,0.98081845,happiness
5,Q6,8:24:00,0.00267096818,0.803253353,0.01853374,0.00033155235,0.0005880811,0.0004825977,1.09628327e-05,0.174128726,neutral
5,Q6,8:24:08,6.082574e-14,8.263241e-14,1.28587885e-14,5.53576022e-12,3.34120962e-08,9.00365e-11,5.029803e-12,0.99999994,happiness
5,Q6,8:24:18,0.04099364,0.888817132,0.008527824,0.00264650444,0.0125873182,0.03842514,0.00682274,0.00117970107,neutral
5,Q6,8:24:20,0.0007468438,0.9761674,0.000762419833,0.00012296444,3.62846331e-05,0.00118627015,1.77243073e-05,0.02096011,neutral
5,Q6,8:24:26,0.0104756188,0.828217268,0.00294804852,0.00197195937,0.009243176,0.133499458,0.0110949008,0.00254956726,neutral
5,Q6,8:24:28,0.0599182621,0.873377144,0.00281710923,0.00111449487,0.0135927573,0.02902995,0.01988181,0.000268496951,neutral
5,Q6,8:24:36,0.0294560622,0.848274767,0.0108511094,0.00304967351,0.00885388348,0.0591299273,0.0390850678,0.00129952852,neutral
5,Q6,8:24:38,0.09012341,0.802289248,0.0169797577,0.00679412857,0.009899352,0.0520379469,0.0202460866,0.00163005746,neutral
5,Q6,8:24:41,0.06731568,0.762185,0.0169151817,0.00818586,0.06121925,0.04563416,0.03807833,0.0004665748,neutral
5,Q6,8:24:42,0.0387019143,0.9029717,0.00655725971,0.002081143,0.008728529,0.0290806163,0.011063356,0.000815473264,neutral
5,Q6,8:24:44,0.0274808276,0.8363701,0.0110714315,0.006460656,0.05050181,0.0505864024,0.0170792062,0.000449533167,neutral
5,Q6,8:24:48,0.0372096449,0.907933354,0.007773056,0.00270761037,0.005911726,0.02658224,0.008763627,0.00311874482,neutral
5,Q6,8:24:52,0.02765038,0.816135645,0.00831968151,0.00354964938,0.0069982484,0.10560336,0.0304697379,0.001273301,neutral
5,Q6,8:24:54,0.0846459642,0.835881948,0.0171069056,0.00495862029,0.00728181424,0.03002009,0.017101163,0.00300350226,neutral
5,Q6,8:24:58,0.07114555,0.751296,0.0294350218,0.0139632653,0.0164352152,0.07709141,0.03857941,0.002054154,neutral
5,Q6,8:25:12,0.0329890326,0.5999404,0.03634047,0.0299048331,0.275406122,0.0139606036,0.0106234429,0.000835038431,neutral
5,Q6,8:25:14,0.0351899639,0.709447145,0.009638519,0.0144571587,0.08280592,0.107992172,0.03816175,0.00230739918,neutral
5,Q6,8:25:16,0.0042083133,0.958104134,0.008570022,0.004046088,0.0146241188,0.008555568,0.0008848917,0.00100684166,neutral
5,Q6,8:25:18,0.009877285,0.9331866,0.00987677649,0.006057282,0.0244123135,0.0103405016,0.004966265,0.0012829951,neutral
5,Q6,8:25:26,0.03906195,0.91646713,0.002802698,0.000739998359,0.0144164562,0.0150873521,0.01134728,7.714071e-05,neutral
5,Q6,8:25:30,0.0140724378,0.264452368,0.455805928,0.0838454962,0.131336719,0.0363380574,0.0125763863,0.0015726008,contempt
5,Q6,8:25:32,0.024226157,0.953356445,0.00249009719,0.00106061809,0.00167642289,0.013880292,0.00293326261,0.000376703567,neutral
5,Q6,8:25:42,0.008521357,0.841134846,0.09549617,0.005989043,0.04455348,0.00179629133,0.0002945128,0.00221427926,neutral
5,Q6,8:25:48,0.0319366269,0.869644,0.008582169,0.0119864047,0.0326817334,0.0305704046,0.0100782905,0.004520398,neutral
5,Q6,8:25:50,0.0174166858,0.831690848,0.0275723021,0.0165356435,0.08490996,0.01457912,0.00503235357,0.00226308242,neutral
5,Q6,8:25:54,0.0353601128,0.8021531,0.0990970954,0.01606635,0.0313297436,0.00239674235,0.00120828685,0.01238856,neutral
5,Q6,8:25:56,0.0136057083,0.8178375,0.0485898554,0.0230431762,0.08301119,0.00533737848,0.0011730257,0.00740217138,neutral
5,Q6,8:26:00,0.0157897975,0.648339033,0.00504376832,0.009073935,0.196505815,0.06496137,0.0601272471,0.000159011834,neutral
5,Q6,8:26:04,0.03306417,0.6406155,0.0206558947,0.0312834866,0.2507506,0.0117443707,0.009803987,0.00208197185,neutral
5,Q6,8:26:06,0.04940561,0.8163028,0.0543993749,0.03152688,0.03587663,0.002294945,0.000760900264,0.009432895,neutral
5,Q6,8:26:12,0.0481662974,0.752680659,0.0503776222,0.0303234551,0.0730395,0.0111136865,0.006708841,0.027589947,neutral
5,Q6,8:26:14,0.044412028,0.7398099,0.04697121,0.0588391833,0.090531,0.006192668,0.00102034467,0.0122237131,neutral
5,Q6,8:26:18,0.123329528,0.8219354,0.00650547352,0.00275704567,0.00568484,0.01916642,0.0189181753,0.00170312286,neutral
5,Q6,8:26:20,0.0563533567,0.787648141,0.0605393872,0.007962554,0.008952139,0.0320973881,0.0420574024,0.00438963436,neutral
5,Q6,8:26:28,0.0193575155,0.922678947,0.0252534617,0.00463094935,0.0194585,0.0027014357,0.00137599616,0.00454318943,neutral
5,Q6,8:26:30,0.0773877352,0.7965844,0.009083729,0.0151186781,0.05519708,0.0250538,0.0169113148,0.00466322,neutral
5,Q6,8:26:36,0.03755349,0.8960695,0.009813825,0.004622814,0.009951111,0.0157483313,0.0145074343,0.0117334519,neutral
5,Q6,8:26:40,0.0819551349,0.825422049,0.010000607,0.00567822251,0.01232369,0.0276252311,0.03183061,0.00516445236,neutral
5,Q6,8:26:48,0.0377254523,0.9027846,0.008752123,0.00174774579,0.00297685713,0.0144256158,0.00703608431,0.0245515574,neutral
5,Q6,8:26:52,0.009477237,0.9701225,0.002702958,0.000464049052,0.00218180683,0.00527845,0.003792184,0.005980782,neutral
5,Q6,8:26:54,0.0228064973,0.9358019,0.00221670163,0.0006340439,0.00195937464,0.01624062,0.0145192444,0.005821597,neutral
5,Q6,8:27:08,0.113826387,0.8140882,0.0302854478,0.00568986451,0.009049867,0.015697265,0.00573381828,0.00562914554,neutral
5,Q6,8:27:12,0.167777449,0.716449,0.0233499166,0.008017362,0.00714504346,0.0392586,0.0319969244,0.00600566575,neutral
5,Q6,8:27:18,0.0423296578,0.9332031,0.00398234557,0.001215512,0.00446196832,0.00998100452,0.003340359,0.00148607581,neutral
5,Q6,8:27:20,0.0300933346,0.806824267,0.03431965,0.0182434469,0.06178168,0.0173736867,0.0283065457,0.00305739837,neutral
5,Q6,8:27:26,0.0243022386,0.9233771,0.0118068056,0.004188913,0.0117633771,0.00259128446,0.00130352157,0.0206667427,neutral
5,Q6,8:27:34,0.2695308,0.5914663,0.0252445824,0.013756495,0.0134124625,0.0445546,0.0383174755,0.00371731,neutral
5,Q6,8:27:36,0.0344922766,0.9076034,0.006664612,0.0040647164,0.03490129,0.008446016,0.00367178372,0.000155927686,neutral
5,Q6,8:27:38,0.0660568848,0.77836597,0.0123818936,0.00531643,0.125941217,0.010007903,0.0018110231,0.000118660369,neutral
5,Q6,8:27:40,0.02514573,0.911925256,0.01021299,0.003909698,0.00987467,0.0305039976,0.006645637,0.00178202568,neutral
5,Q6,8:27:42,0.010617638,0.9620224,0.00655844575,0.00487833843,0.007887673,0.006249894,0.000511622231,0.001273947,neutral
5,Q6,8:27:46,0.069042556,0.6464998,0.08230406,0.0136722457,0.165057391,0.01757293,0.00564734172,0.000203694479,neutral
5,Q6,8:27:48,0.0113448221,0.7548433,0.176680177,0.008328761,0.0134408176,0.019109413,0.005438324,0.010814419,neutral
5,Q6,8:27:50,0.01282242,0.6994131,0.2554423,0.009549456,0.0132390652,0.003661946,0.000685409468,0.00518630724,neutral
5,Q6,8:27:58,0.06654329,0.662788033,0.0207666755,0.0159930363,0.0654877648,0.128974766,0.0381513126,0.00129509193,neutral
5,Q6,8:28:02,0.0524151139,0.822342634,0.04301381,0.00325313676,0.00343109528,0.05107953,0.0225306079,0.00193407782,neutral
5,Q6,8:28:04,0.0370097,0.935700953,0.00916380249,0.00162746117,0.01023209,0.00236443756,0.00204879255,0.00185274,neutral
5,Q6,8:28:18,0.07288192,0.6204719,0.0438361056,0.0250585023,0.128774464,0.06038601,0.047370974,0.00122012629,neutral
5,Q6,8:28:20,0.0356446356,0.805776656,0.0239567533,0.0125941271,0.0666095242,0.03432563,0.0189278163,0.00216486026,neutral
5,Q6,8:28:26,0.014185315,0.877531469,0.0662729442,0.005115965,0.00645666,0.0225498471,0.002374643,0.00551313348,neutral
5,Q6,8:28:32,0.009944178,0.8333884,0.00317935669,0.00164822082,0.0126162088,0.122532114,0.0165740326,0.000117480755,neutral
5,Q6,8:30:02,0.08831093,0.8274544,0.0169624723,0.005046792,0.0151618253,0.0212054979,0.02470307,0.00115501438,neutral
5,Q6,9:07:18,0.123781539,0.729100943,0.03306758,0.008642737,0.038673304,0.0269411653,0.0391039178,0.000688825443,neutral
5,Q6,9:17:14,0.262943178,0.407152236,0.07772256,0.04417116,0.173551187,0.0183339,0.0156111633,0.0005146255,neutral
7,Q6,15:08:15,0.007481421,0.861549854,0.05884784,0.00166274956,0.00153138919,0.0009283872,1.83414231e-05,0.06798001,neutral
7,Q6,15:08:20,0.009090072,0.9169294,0.06550272,0.0007807029,0.0005404688,0.000866245246,1.635577e-05,0.006273989,neutral
8,Q6,9:49:27,0.0003261846,0.9932495,0.00132015231,4.76469431e-05,0.000114900395,0.00202391786,3.05404774e-06,0.00291468063,neutral
8,Q6,9:49:31,0.00622252934,0.5625626,0.00034150586,0.00256594666,0.00671449257,0.417516351,0.00256652175,0.00151009171,neutral
8,Q6,9:49:33,0.006112715,0.7550277,0.007434589,0.00431825034,0.00147222762,0.0529850349,0.000211038656,0.172438443,neutral
8,Q6,9:49:37,0.009756891,0.9722654,0.00012207657,0.00018713632,0.000139904369,0.0173831247,0.00013193232,1.34998345e-05,neutral
8,Q6,9:49:39,0.00509483647,0.992524564,5.143051e-06,1.19342258e-06,3.47651439e-05,0.00111390348,0.00120039191,2.52138379e-05,neutral
8,Q6,9:49:43,0.00471702637,0.979205251,0.0007647232,0.0003194853,0.00204503839,0.0117678111,0.0008055625,0.0003750875,neutral
8,Q6,9:49:49,0.0168513283,0.9668879,0.000299145759,0.000587736838,5.34581122e-05,0.0150782885,7.47522863e-05,0.000167392558,neutral
8,Q6,9:49:57,0.009394079,0.9853271,0.000217766428,7.28189e-05,0.0007802131,0.00303556956,0.0008039455,0.000368462235,neutral
8,Q6,9:50:25,0.03446047,0.9643654,0.000457768241,0.000317757629,0.000223488125,0.000114566225,8.93576953e-07,5.96134e-05,neutral
8,Q6,9:50:27,0.0270899963,0.9706562,0.0006753063,0.0004880051,0.000556918734,0.000180817442,2.454169e-06,0.0003502982,neutral
8,Q6,9:50:33,0.04594985,0.952655733,0.000239315166,0.000343274878,0.0007230173,5.1694562e-05,1.11276916e-06,3.6024252e-05,neutral
8,Q6,9:50:53,0.002246043,0.987158835,0.0009159119,7.05007551e-05,0.000277376646,0.009127314,0.000126681174,7.736188e-05,neutral
8,Q6,9:50:57,0.002084795,0.994403839,4.15456e-05,1.06701182e-05,0.000137652,0.00325358659,3.391953e-05,3.40129482e-05,neutral
8,Q6,9:50:59,0.000673002,0.9969949,1.49547568e-05,3.43837723e-06,9.527682e-05,0.00220113131,1.28573784e-05,4.454771e-06,neutral
8,Q6,9:51:03,0.0009582845,0.9971194,0.00068456115,1.7194985e-05,0.00026638835,0.0006585006,0.000245016039,5.0634877e-05,neutral
8,Q6,9:51:09,0.009358181,0.9758942,0.000859375461,0.00116912182,0.000398049917,0.0121903848,4.851678e-05,8.218204e-05,neutral
8,Q6,9:51:13,0.0151112117,0.9835436,0.0004074284,8.967358e-05,7.111796e-05,0.000691886235,2.78097978e-05,5.72789977e-05,neutral
8,Q6,9:51:17,0.005555782,0.982594,0.0008713286,0.000167466351,0.0102638472,0.000445737882,2.85209517e-05,7.331051e-05,neutral
8,Q6,9:51:21,0.000890205149,0.984287739,0.008735271,0.000217257228,0.0007829406,0.0006743258,3.50312666e-06,0.004408754,neutral
8,Q6,9:51:27,0.00112132146,0.9977136,0.0003795428,8.070131e-06,0.000117552656,0.000620573235,6.723724e-06,3.25899418e-05,neutral
8,Q6,9:51:29,0.008757329,0.9828829,0.002939162,0.000182278163,0.004208116,0.0009790187,1.75600289e-05,3.35970581e-05,neutral
8,Q6,9:51:31,0.0439470559,0.941153169,0.0004179491,3.81536665e-05,0.0009076727,0.0121629089,0.0011964289,0.0001766585,neutral
8,Q6,9:51:33,0.0255094077,0.963382244,0.000714082737,0.000192326246,0.001825677,0.00207254267,0.000716842,0.0055868593,neutral
8,Q6,9:51:35,0.0127383079,0.97043246,0.000521364855,4.96581342e-05,0.000215460037,0.00807543,0.00649922574,0.0014681227,neutral
8,Q6,9:51:37,0.06304346,0.9324824,0.00346608087,0.000447118364,0.000210783212,0.000311366515,9.793803e-06,2.900632e-05,neutral
8,Q6,11:03:33,0.003693525,0.984442353,0.00151135353,0.000534467632,0.000488401332,0.008806509,4.98206864e-05,0.000473590655,neutral
8,Q6,11:03:41,0.00261360942,0.9313217,0.000365736021,0.0017658174,0.0009535232,0.06235511,3.966256e-05,0.000584837,neutral
8,Q6,11:03:43,0.01018657,0.9424794,0.0397929773,0.00185456907,0.00467526261,0.0006222416,6.843032e-06,0.0003821904,neutral
8,Q6,11:03:49,0.008119301,0.9848661,0.00238222373,0.0003945393,0.00137373,0.0021739807,3.397943e-05,0.000656151329,neutral
8,Q6,11:03:51,0.009137877,0.9865873,1.14367058e-05,3.39549042e-05,0.00416150037,6.271752e-05,4.51519145e-06,7.22541529e-07,neutral
8,Q6,11:03:53,0.000708042935,0.998764932,1.05252375e-05,1.11079157e-06,0.000137845709,0.000241815578,5.45533067e-06,0.0001302466,neutral
8,Q6,11:03:55,0.0100207571,0.95867,0.0268384535,0.000974521565,0.00265548937,0.000197956615,4.851975e-06,0.0006379669,neutral
8,Q6,11:03:57,0.0071782805,0.9911452,0.0001805468,6.486551e-05,0.000323993678,0.0007760709,4.90385755e-05,0.00028201993,neutral
8,Q6,11:03:59,0.007204256,0.9412382,0.0462018065,0.00102976128,0.003988377,0.000235461615,2.43557429e-06,9.970395e-05,neutral
8,Q6,11:04:01,0.001229653,0.9975957,4.592948e-05,5.31567866e-06,0.00046862007,0.0003351735,2.9806256e-06,0.000316614634,neutral
8,Q6,11:04:07,0.0004882887,0.9917653,0.000148846957,4.94593951e-05,0.00152614468,0.005658571,1.42174877e-05,0.000349133974,neutral
8,Q6,11:04:09,0.00554839568,0.987009168,0.00534141,0.000271276,0.0017359585,6.02490363e-05,1.291003e-06,3.22718734e-05,neutral
8,Q6,11:04:11,0.003268249,0.9918039,0.0025442664,0.000458748,0.000368192064,0.00117891142,9.792766e-06,0.000367970933,neutral
8,Q6,11:04:13,0.00553201931,0.979295,0.000270296325,0.0006852687,0.000161017888,0.0139266336,1.784417e-05,0.000111921676,neutral
8,Q6,11:04:15,0.00791032147,0.8929518,0.094355844,0.00151812856,0.003122588,4.50902662e-05,4.87735e-07,9.57599041e-05,neutral
8,Q6,11:04:17,0.00652062567,0.929955959,0.00226911553,0.008111567,0.00351959351,0.04876823,0.0001958464,0.0006590574,neutral
8,Q6,11:04:23,0.0027465336,0.975280046,0.00290969526,0.00255625485,0.00122677116,0.0126969367,2.78946845e-05,0.00255586952,neutral
8,Q6,11:04:25,0.000905637,0.994457543,0.00427774061,3.21458865e-05,0.000268961245,1.91025974e-05,1.72820833e-07,3.866788e-05,neutral
8,Q6,11:04:27,0.00290459255,0.9805844,7.085687e-05,0.000103574879,0.000200870374,0.0160748716,5.12118058e-05,9.66009247e-06,neutral
8,Q6,11:04:29,0.01315681,0.9830015,0.00132442964,0.000827173935,0.00130846293,0.000335761724,8.680281e-06,3.720563e-05,neutral
8,Q6,11:04:31,0.0433688574,0.946041048,0.008637006,0.0008393237,0.000520902453,7.038268e-05,1.37681343e-06,0.000521109148,neutral
8,Q6,11:04:37,0.01053709,0.9740022,0.00960353948,0.0012600203,0.00430946,0.0001434975,1.51681115e-06,0.000142704332,neutral
8,Q6,11:04:39,0.003944911,0.9934374,0.000409887318,9.542857e-05,0.00153349689,0.000336876139,1.02624244e-05,0.000231699218,neutral
8,Q6,11:04:51,0.00119840866,0.9950306,9.174189e-05,2.0863019e-05,0.000365503074,0.00327977,1.04016826e-05,2.727222e-06,neutral
8,Q6,11:05:03,0.002694954,0.9654031,0.0283819977,0.000202117692,0.003070727,0.0001530307,1.11904035e-06,9.300194e-05,neutral
8,Q6,11:05:05,0.00346344453,0.9560105,0.03775848,0.0007095146,0.00120019889,0.000195720539,1.85718636e-06,0.000660248857,neutral
8,Q6,11:05:11,0.00458851969,0.941830933,0.0457249023,0.00108483538,0.006503515,0.000178837538,1.90814512e-06,8.65655e-05,neutral
8,Q6,11:05:13,0.00229851645,0.9914948,0.00547467172,0.000100389225,0.000508999452,0.000103212857,8.6781165e-07,1.855318e-05,neutral
9,Q6,15:10:22,0.12560232,0.8118189,0.0417891145,0.005576262,0.00881869253,0.00175457331,0.0005980268,0.00404208759,neutral
10,Q6,8:29:28,0.0003987673,0.9963605,0.0009837598,6.20219653e-05,0.000193809872,0.001979502,2.18479136e-06,1.94982549e-05,neutral
10,Q6,8:38:40,0.005610384,0.993935764,0.000379047968,1.57470481e-06,9.815539e-06,5.68059477e-05,6.021374e-06,5.577829e-07,neutral
10,Q6,8:39:20,0.0102294814,0.9795002,0.00115090772,0.00197748141,0.000145675454,0.006579076,9.433271e-05,0.000322896871,neutral
10,Q6,8:39:22,0.002050029,0.997380853,0.000204255761,1.43994066e-06,2.5039235e-06,0.000288065465,2.683211e-05,4.60201554e-05,neutral
10,Q6,8:39:26,0.000852325466,0.9988534,0.0001385956,7.85201246e-06,1.12788473e-06,0.000139183438,6.37127869e-07,6.88920863e-06,neutral
10,Q6,8:39:30,0.00339007867,0.9956255,0.000548891665,2.677038e-05,1.19386823e-05,0.0003764043,7.27423367e-06,1.31588531e-05,neutral
10,Q6,8:39:33,0.00137684087,0.957761765,0.000195598128,2.93279845e-05,1.44627957e-05,0.0400645733,0.000495627231,6.18259437e-05,neutral
10,Q6,8:39:34,0.00162510492,0.9920875,0.0005274756,2.50091089e-05,1.2329835e-05,0.00561822951,4.4516175e-05,5.983546e-05,neutral
10,Q6,8:39:36,0.0008365932,0.9968516,0.000692220055,1.65718138e-05,0.000127824809,0.00144282612,1.56720216e-05,1.66652571e-05,neutral
10,Q6,8:39:42,0.00153715676,0.971166551,0.00146700023,5.541699e-05,0.0001241872,0.0255947858,2.96466824e-05,2.52387745e-05,neutral
10,Q6,8:39:44,0.00185809948,0.991912544,0.000775231747,1.79526414e-05,4.57561473e-05,0.00533132,4.188182e-05,1.71957745e-05,neutral
10,Q6,8:39:48,0.00327627151,0.9590063,0.00355794,0.0008268053,0.0009157366,0.0317613333,0.0005294582,0.000126150859,neutral
10,Q6,8:39:54,0.008705691,0.9747839,0.00128451816,0.000185817073,0.00020738368,0.0143358577,0.000351914,0.000144897043,neutral
10,Q6,8:40:00,0.00161669124,0.9963581,0.00154599489,1.6367203e-05,1.18946027e-05,0.000378923753,1.61097262e-06,7.042095e-05,neutral
10,Q6,8:40:02,0.0008089032,0.996291161,0.00189834391,2.900556e-05,4.39352661e-05,0.000361979241,2.46808122e-06,0.000564189744,neutral
10,Q6,8:40:08,0.00498145865,0.957844436,0.0008448502,5.50209479e-05,8.860606e-05,0.0357956327,0.000281409069,0.000108609216,neutral
10,Q6,8:40:20,0.004785022,0.9822359,0.001484988,0.001048081,0.000158953175,0.01011545,4.25591534e-05,0.000129009568,neutral
10,Q6,8:40:26,0.00540568866,0.9681349,0.004477517,0.000427289022,0.000783699856,0.020237172,0.000142449309,0.000391285866,neutral
10,Q6,8:40:37,0.0150539391,0.8924703,0.00408889959,0.00126467831,0.002224029,0.08291472,0.00192463771,5.878101e-05,neutral
10,Q6,8:40:38,0.0142337047,0.8617262,0.005098712,0.00176926644,0.00300508621,0.11073149,0.003359566,7.59631948e-05,neutral
10,Q6,8:40:42,0.02408547,0.8588431,0.009908233,0.00358017674,0.004011677,0.096345,0.0030494004,0.000176972244,neutral
10,Q6,8:40:56,0.0047297026,0.977550149,0.0153776724,0.00014076948,0.0005017905,0.00164944271,7.79078346e-06,4.26949628e-05,neutral
10,Q6,8:40:58,0.00341211841,0.9831509,0.008505841,8.91454547e-05,0.000227130426,0.004528348,2.97180559e-05,5.68176547e-05,neutral
10,Q6,8:41:00,0.00265946821,0.9796639,0.0159647856,0.000169773353,0.000209145262,0.00026243052,3.32333184e-06,0.00106718158,neutral
10,Q6,8:41:05,0.01903519,0.9090622,0.00288138143,0.000358170044,0.000282050925,0.0664321855,0.0014719168,0.000476904446,neutral
10,Q6,8:41:06,0.003313145,0.994158268,0.0008313972,2.48333636e-05,7.20254661e-07,0.0015714498,1.29694934e-06,9.889157e-05,neutral
10,Q6,8:41:08,0.00601289328,0.9340748,0.00120686635,0.000616943347,0.00129822583,0.05580294,0.000948719564,3.860827e-05,neutral
10,Q6,8:41:12,0.008530707,0.988485336,0.00257848017,3.12152952e-05,8.164104e-05,0.0002546568,5.91375237e-06,3.206171e-05,neutral
10,Q6,8:41:17,0.00442805048,0.988897562,0.00102013035,0.000484884746,9.52544651e-05,0.004707481,5.47460659e-05,0.000311911223,neutral
10,Q6,8:41:24,0.0170796644,0.945601046,0.0009734711,0.00410591532,0.00117387867,0.02886954,0.001436139,0.00076036586,neutral
10,Q6,8:41:28,0.00237441,0.9950366,0.002037991,5.30855177e-05,3.35554141e-05,0.000396301475,1.36608651e-06,6.667718e-05,neutral
10,Q6,8:41:30,0.00971907,0.9778106,0.008524305,0.000219025314,0.000831494865,0.0013375968,5.76248349e-05,0.00150027627,neutral
10,Q6,8:41:32,0.0006046186,0.6261062,0.00192070438,0.0009461285,0.00178607425,0.3669746,0.000641650753,0.00102003163,neutral
10,Q6,8:41:36,0.00238110451,0.9607958,0.02965149,0.000233467465,0.00196217676,0.0045716837,4.365448e-05,0.00036060554,neutral
10,Q6,8:41:40,0.00283294357,0.969675064,0.002256372,5.98604456e-05,0.000293443241,0.0246122088,0.000194937325,7.514715e-05,neutral
10,Q6,8:41:46,0.004289187,0.9515007,0.0132470159,0.00156161911,0.00146876357,0.0242345668,0.0002523647,0.0034457685,neutral
10,Q6,8:41:50,0.00208166917,0.99476105,0.00229818886,2.9698911e-05,0.0001064464,0.0006563745,6.76695436e-06,5.979285e-05,neutral
10,Q6,8:41:52,0.00298852078,0.9125429,0.001875559,0.00139765721,0.00320507749,0.0770864338,0.0007864844,0.000117403673,neutral
10,Q6,8:41:56,0.00184887124,0.988599062,0.00168415834,0.000110750778,0.0003493961,0.00724447332,0.000132211455,3.110343e-05,neutral
10,Q6,8:41:58,0.0178187583,0.9757647,0.00146594562,0.000263727416,0.000135038863,0.00436621625,7.17123039e-05,0.000113924048,neutral
10,Q6,8:42:00,0.00131577812,0.941611,0.000471621519,9.282971e-05,0.000109418106,0.0555224456,0.000835340761,4.15918621e-05,neutral
10,Q6,8:42:02,0.0170818139,0.935810745,0.0148256868,0.00192889967,0.00151655555,0.0251721982,0.0003092689,0.00335484976,neutral
10,Q6,8:42:08,0.0112522934,0.910175443,0.0101946183,0.00149808812,0.00299776974,0.0616190657,0.00155246176,0.000710257853,neutral
10,Q6,8:42:10,0.0139493709,0.943742931,0.0114281792,0.0007673837,0.00141988881,0.0274858512,0.001015378,0.000191032581,neutral
10,Q6,8:42:14,0.0126000289,0.8716207,0.007568851,0.00328302919,0.002645695,0.0975523442,0.001965615,0.00276373373,neutral
10,Q6,8:42:16,0.0171367563,0.934189856,0.0126751242,0.00155541277,0.002389719,0.03082249,0.0007107968,0.0005198347,neutral
10,Q6,8:42:20,0.015173275,0.896824658,0.01329406,0.00294994051,0.00555027742,0.06258108,0.00317665352,0.0004500467,neutral
11,Q6,10:31:15,7.25957943e-05,0.998696,5.932005e-05,9.361658e-06,0.000644004263,0.000313875178,1.153477e-06,0.000203671,neutral
16,Q6,9:56:54,0.00369148236,0.9726856,0.000334227225,0.0004674896,0.000446001737,0.0218391586,0.000244392984,0.000291688368,neutral
16,Q6,9:57:22,0.0290375929,0.9323946,0.00106140971,0.00172192149,0.00122884975,0.0322606526,0.00205184915,0.000243080431,neutral
16,Q6,9:57:24,0.0147591438,0.8973567,0.00039664848,0.00158528564,0.00113119057,0.08256378,0.00209895684,0.000108281,neutral
16,Q6,9:57:27,0.00308326934,0.920237064,4.45031474e-05,0.000139513169,5.91924727e-05,0.07605507,0.000341885374,3.94744056e-05,neutral
16,Q6,9:57:36,0.0135289216,0.9528086,0.000472668,0.000456720882,0.000192966632,0.03172623,0.0006405941,0.000173280292,neutral
18,Q6,13:45:00,0.225884989,0.773846865,5.14154672e-05,3.12946358e-05,0.000160576921,5.17843137e-06,3.15170183e-07,1.93736978e-05,neutral
19,Q6,15:08:04,0.0119438944,0.9870639,0.000487876969,1.23165064e-05,0.000347559777,0.00012978322,1.26038476e-05,2.077388e-06,neutral
19,Q6,15:08:09,0.00748486631,0.9892008,0.00194568129,3.6727386e-05,0.00113765616,0.000177643116,9.407775e-06,7.252343e-06,neutral
19,Q6,15:08:14,0.007881622,0.9906183,0.0005670045,1.40384072e-05,0.000834343664,7.734686e-05,6.285086e-06,1.085824e-06,neutral
19,Q6,15:08:19,0.000908142945,0.7869257,0.202575266,0.00044081,0.000330693438,0.000190649967,9.792756e-07,0.00862779,neutral
19,Q6,15:08:24,0.003936215,0.9865744,0.008962419,3.57597164e-05,0.000266933,0.0001732321,4.975397e-06,4.60641022e-05,neutral
19,Q6,15:08:29,0.003143467,0.971586049,0.0234895777,0.000216038767,0.0009456816,0.000417698378,6.72064334e-06,0.000194792068,neutral
19,Q6,15:08:34,7.029813e-07,0.189294949,0.0005007772,4.78909044e-07,2.99411369e-07,6.698232e-06,1.67132153e-09,0.8101961,happiness
19,Q6,15:08:39,9.08182358e-07,0.009424278,3.604375e-05,1.37675188e-05,1.23266034e-06,2.39209967e-05,1.40566412e-08,0.990499854,happiness
19,Q6,15:08:49,0.04677699,0.865614235,0.00190396991,0.000393675669,0.00129746017,0.004245482,0.00302737742,0.07674079,neutral
19,Q6,15:08:54,0.00168797665,0.35692814,0.08283033,0.000339311169,0.00018354354,0.000206202632,5.63591948e-06,0.55781883,happiness
19,Q6,15:08:59,0.000844256,0.956501067,0.0260049552,0.000120316283,0.000340026134,0.000344599684,2.477813e-06,0.01584233,neutral
19,Q6,15:09:04,0.0003738629,0.996467352,0.00277225347,1.32802625e-05,0.000205059725,0.000152475826,1.76211859e-06,1.39806507e-05,neutral
19,Q6,15:11:29,0.135111958,0.861175656,0.0021398305,0.000252365426,0.00119453261,9.101762e-05,2.12916566e-05,1.33399981e-05,neutral
20,Q6,15:09:20,0.0518606044,0.939887345,0.00656374265,0.000144166683,5.63974e-05,0.00111593143,6.68865e-05,0.000304943125,neutral
20,Q6,15:09:25,0.00281022745,0.9942089,0.00168977689,0.0001606569,0.000112411879,0.000533015642,8.054531e-06,0.000476986315,neutral
20,Q6,15:09:30,0.008849593,0.92634666,0.0184943527,0.0010779181,0.000555492647,0.04238538,0.000563590729,0.00172703818,neutral
20,Q6,15:09:35,0.0129671479,0.977087259,0.008161946,0.0002062946,0.000437905925,0.000455988047,1.71105385e-05,0.000666326,neutral
20,Q6,15:09:40,0.0118949395,0.986493945,0.00103313045,7.88895559e-05,3.21146981e-05,0.00024913883,3.056308e-06,0.000214791173,neutral
20,Q6,15:09:45,0.0110750776,0.981835961,0.006097555,0.0001234001,8.40280554e-05,0.0001980046,3.285498e-06,0.000582707638,neutral
20,Q6,15:09:50,0.00144212728,0.97590524,0.009791112,0.000149004874,0.00018609612,0.000393785944,8.933737e-06,0.0121236844,neutral
20,Q6,15:10:10,0.00382517278,0.9847725,0.00961089,9.779189e-05,5.0462193e-05,0.000415261136,4.937018e-06,0.00122297881,neutral
20,Q6,15:10:20,0.00333659025,0.9885755,0.00332969241,0.00026171506,0.000123722391,0.0032621217,3.2891523e-05,0.00107776059,neutral
20,Q6,15:10:25,0.03151197,0.9360631,0.0298076011,0.000456174777,0.000423221732,0.001566855,5.412229e-05,0.00011696024,neutral
24,Q6,14:36:20,0.0189403277,0.9630454,0.00648867059,0.0003166736,8.0190046e-05,0.00349116069,7.55792644e-05,0.007561957,neutral
24,Q6,14:36:22,0.187948033,0.8008069,0.006891855,0.00117641559,0.000287730538,0.000807331235,9.847105e-05,0.00198330055,neutral
24,Q6,14:36:24,0.0203954522,0.9723461,0.00272770249,9.834878e-05,2.893399e-05,0.00241162814,7.721556e-06,0.001984107,neutral
24,Q6,14:36:26,0.09397167,0.902970254,0.001453313,9.819284e-05,6.877543e-05,0.0008272961,8.009739e-06,0.0006025191,neutral
24,Q6,14:41:22,0.0206565335,0.9567106,0.00687798671,0.0003102182,0.00014324869,0.001369828,3.6894995e-05,0.0138946837,neutral
24,Q6,14:41:24,0.0468841381,0.949619353,0.00116238161,0.000125491482,0.000108759705,0.00153250981,1.3803503e-05,0.000553569756,neutral
27,Q6,8:25:13,0.386490673,0.6116422,0.000105904845,8.278517e-05,5.87910981e-05,0.00159671309,1.69516443e-05,6.00933754e-06,neutral
27,Q6,8:25:25,0.28532353,0.714029968,0.000499110844,7.329143e-05,1.75425321e-05,5.14347448e-05,1.32943535e-06,3.80153142e-06,neutral
27,Q6,8:25:27,0.225531787,0.773664653,0.000474242581,0.000108589738,5.577654e-05,0.000151481654,2.1391877e-06,1.13206306e-05,neutral
27,Q6,8:25:33,0.220059514,0.7782838,0.0007369404,0.00018182928,0.000110458284,0.0005922612,6.46377339e-06,2.876463e-05,neutral
27,Q6,8:25:35,0.209549457,0.7879849,0.00142142293,0.00033850866,0.000220996444,0.000432258617,5.786902e-06,4.664103e-05,neutral
27,Q6,8:25:37,0.160333589,0.8376751,0.00100159144,0.000295481441,0.000207309145,0.000440392876,4.69461929e-06,4.18733434e-05,neutral
27,Q6,8:25:41,0.403237939,0.5903458,0.00462254137,0.000115958588,0.001283364,0.000196292909,0.000193347,4.753177e-06,neutral
27,Q6,8:25:47,0.84564054,0.101830855,6.12771555e-06,3.61678161e-07,6.334345e-07,0.0391165279,0.0134026511,2.28029353e-06,sadness
27,Q6,8:25:49,0.788614452,0.197830886,0.000125770952,9.516474e-06,1.08284685e-05,0.009423881,0.00377788884,0.00020680434,sadness
27,Q6,8:25:53,0.249023557,0.749593854,0.000853778038,2.14210122e-05,3.84508567e-05,0.0003762943,7.819178e-05,1.44401811e-05,neutral
27,Q6,8:25:55,0.005598005,0.9940058,0.000225658339,1.301657e-06,0.000104774474,6.08520022e-05,2.83650456e-06,7.743177e-07,neutral
27,Q6,8:25:59,5.8265472e-05,0.472623765,0.0143819349,5.35955132e-06,1.64102876e-05,0.000141952652,3.99612645e-07,0.5127719,happiness
27,Q6,8:26:01,1.40137718e-05,0.162659079,0.00136935443,8.99678753e-07,1.21618382e-06,4.20573379e-05,5.29620934e-08,0.8359133,happiness
27,Q6,8:26:03,2.90301061e-10,3.195313e-08,5.90081664e-11,9.212179e-09,1.76902659e-09,4.316383e-06,2.15738472e-09,0.999995649,happiness
27,Q6,8:26:05,0.755342066,0.226883069,2.03103355e-05,1.85196939e-06,8.077244e-06,0.0114591168,0.00452196039,0.00176356465,sadness
27,Q6,8:26:07,0.7413219,0.238404036,2.49204186e-05,1.14065858e-06,7.173344e-06,0.0121466964,0.00555201666,0.00254209712,sadness
27,Q6,8:26:09,0.0489670038,0.9499434,0.000855150458,8.787948e-06,0.000106806423,9.621571e-05,1.37958541e-05,8.80204e-06,neutral
27,Q6,8:26:15,0.01904211,0.98057884,0.000307619775,2.12410623e-06,2.441333e-05,3.849887e-05,3.18391471e-06,3.20361482e-06,neutral
27,Q6,8:26:23,0.3159149,0.6830514,0.000614253338,8.142452e-05,0.000136873219,0.000178248913,1.724322e-05,5.65627943e-06,neutral
27,Q6,8:26:29,0.009611528,0.9880835,0.0005420127,1.12195012e-05,0.0002339863,0.0013345069,0.000167074541,1.6164804e-05,neutral
27,Q6,8:26:33,0.0966363,0.800631,0.07688619,0.00178132323,0.008392285,0.00020563697,1.8458255e-05,0.0154488077,neutral
27,Q6,8:26:39,0.178750545,0.819382,0.000940304832,0.000117779629,0.000172046624,0.0004943457,6.30785e-05,7.991302e-05,neutral
27,Q6,8:26:53,0.205972046,0.7927442,0.0005843058,0.000136974428,9.197256e-05,0.00037907454,1.57631566e-05,7.564417e-05,neutral
27,Q6,8:26:56,0.176965252,0.821346939,0.001168243,3.679973e-05,0.000142813718,0.0002202621,9.598178e-05,2.371962e-05,neutral
27,Q6,8:26:58,0.176965252,0.821346939,0.001168243,3.679973e-05,0.000142813718,0.0002202621,9.598178e-05,2.371962e-05,neutral
27,Q6,8:27:04,0.176965252,0.821346939,0.001168243,3.679973e-05,0.000142813718,0.0002202621,9.598178e-05,2.371962e-05,neutral
27,Q6,8:27:08,0.176965252,0.821346939,0.001168243,3.679973e-05,0.000142813718,0.0002202621,9.598178e-05,2.371962e-05,neutral
27,Q6,8:27:11,0.1864542,0.7982644,0.011279189,0.0004387365,0.0028802047,0.000440024567,0.000148082952,9.51812253e-05,neutral
27,Q6,8:27:13,0.156878814,0.836971462,0.004459001,0.000303246168,0.000341183681,0.0006422355,6.283829e-05,0.00034119474,neutral
27,Q6,8:27:21,0.16735591,0.8249669,0.005436275,0.0002259505,0.000935953052,0.0007365377,0.000233909959,0.000108534921,neutral
27,Q6,8:27:23,0.0130562652,0.9865307,0.000208703583,1.65817812e-06,5.5415614e-05,0.000135920811,1.07526466e-05,5.352029e-07,neutral
27,Q6,8:27:25,0.0119381463,0.987594247,0.000217713023,2.7479357e-06,7.13732e-05,0.000153449277,2.14088359e-05,9.365265e-07,neutral
27,Q6,8:27:27,0.09218665,0.907069445,0.0003856999,1.67107155e-05,7.03233454e-05,0.000244539056,2.34034651e-05,3.21494144e-06,neutral
27,Q6,8:27:31,0.0306661222,0.968892634,0.0001811017,5.082403e-06,0.000114551469,0.000126012877,1.32968162e-05,1.19792617e-06,neutral
27,Q6,8:27:40,0.0120448768,0.775493145,0.026429262,0.000154242414,0.000221786075,0.000225205673,1.36168246e-05,0.185417846,neutral
27,Q6,8:27:49,0.0605395921,0.938156,0.000815894,4.3135442e-05,8.518488e-05,0.000302046974,3.97301956e-05,1.83800548e-05,neutral
27,Q6,8:27:51,0.07905722,0.920377254,0.000260385219,7.165953e-06,5.458866e-05,0.000145856029,9.447109e-05,3.02915532e-06,neutral
27,Q6,8:27:57,0.226579711,0.76932,0.00168935291,9.816216e-05,8.157542e-05,0.000813548162,0.0002671823,0.00115045544,neutral
27,Q6,8:28:09,0.26490742,0.696342468,4.29401953e-05,1.83669654e-05,6.354761e-05,0.03188959,0.00647880649,0.000256887462,neutral
27,Q6,8:28:11,0.249270663,0.746424437,4.81713178e-05,1.53132441e-05,3.34303622e-05,0.00372554827,0.00044754846,3.490732e-05,neutral
27,Q6,8:28:19,0.604688644,0.3933805,1.42222352e-05,5.54793132e-06,8.000565e-06,0.000888713053,0.00101278408,1.60538616e-06,sadness
27,Q6,8:28:21,0.6362956,0.360755473,3.62117476e-06,2.46708669e-06,9.873773e-07,0.002409458,0.0005309692,1.385339e-06,sadness
27,Q6,8:28:23,0.6291751,0.368317842,4.633442e-06,2.10366e-06,1.29446846e-06,0.00213280087,0.000365145126,1.076159e-06,sadness
27,Q6,8:28:25,0.655172944,0.34194234,1.03125612e-05,3.84177338e-06,2.59185936e-06,0.001960853,0.0009058297,1.26453335e-06,sadness
27,Q6,8:28:31,0.696449935,0.298548073,2.086328e-06,2.52177165e-06,1.01294108e-06,0.00296839257,0.002025782,2.16503963e-06,sadness
27,Q6,8:28:33,0.772900045,0.226154059,3.622459e-06,1.99556143e-06,3.31035562e-06,0.000472639367,0.00046306118,1.26350835e-06,sadness
27,Q6,8:28:45,0.6005294,0.3931429,1.27901649e-05,1.958315e-05,8.220267e-06,0.004006046,0.00226693926,1.41228738e-05,sadness
27,Q6,8:28:47,0.488472521,0.510421157,7.210303e-06,5.32314971e-06,1.93273372e-05,0.000537644955,0.000535266,1.56299393e-06,neutral
27,Q6,8:28:53,0.0161552913,0.941283464,0.0008999902,0.000133650974,0.000439098978,0.0370769054,0.00392002659,9.159148e-05,neutral
27,Q6,8:28:59,0.6090453,0.378404737,0.000135041817,0.000504731142,0.00025927223,0.00340889674,0.00244689058,0.005795135,sadness
27,Q6,8:29:05,0.5730801,0.4208391,0.0006525923,2.83859736e-05,0.000173797293,0.00232540444,0.00214968785,0.0007509343,sadness
27,Q6,8:29:09,0.0324429758,0.9553338,9.054515e-05,1.23792115e-05,0.000109619628,0.00556286052,0.00574474549,0.0007030327,neutral
27,Q6,8:29:13,0.312572658,0.6845757,1.33894764e-06,3.537668e-07,1.07961232e-05,0.002456869,0.0003697937,1.25230536e-05,neutral
27,Q6,8:29:15,0.325779378,0.6715318,4.53748635e-06,4.467614e-07,1.50446667e-05,0.00201568683,0.000561248744,9.185598e-05,neutral
27,Q6,8:29:21,0.265842378,0.72881633,0.00123960513,1.00867546e-05,0.004010067,3.142154e-05,4.77256071e-05,2.35651669e-06,neutral
27,Q6,8:29:25,0.2868019,0.710499167,0.00188223668,2.47112785e-05,0.000271142781,0.0003279833,0.000182820586,1.00516327e-05,neutral
27,Q6,8:29:27,0.228698626,0.765036643,9.846374e-05,2.0133808e-05,4.02806181e-05,0.004611194,0.000685077859,0.000809595047,neutral
27,Q6,8:29:37,0.06724081,0.932066441,0.000190278661,7.402967e-06,1.038631e-05,0.000351424853,7.77436362e-05,5.55182851e-05,neutral
27,Q6,8:29:39,0.0563022532,0.9423572,0.000445945479,2.37148488e-05,2.24654887e-05,0.0005728599,0.000117222771,0.000158365714,neutral
27,Q6,8:29:45,0.421378255,0.5699106,0.00574797951,0.000192746214,5.85145681e-05,0.00201156316,0.0006133716,8.698165e-05,neutral
27,Q6,8:29:51,0.197379664,0.801584,0.0003842696,0.000152304769,2.741252e-05,0.0004459349,6.65793959e-06,1.97666159e-05,neutral
27,Q6,8:29:59,0.2676459,0.731611431,0.000196580761,7.55745641e-05,1.9792833e-05,0.000440027245,3.24872167e-06,7.436426e-06,neutral
27,Q6,8:30:01,0.3544268,0.644538,0.000183990735,6.99993e-05,2.33421924e-05,0.0007454333,5.799016e-06,6.63253149e-06,neutral
27,Q6,8:30:03,0.358497828,0.640925,0.000104450912,2.12291525e-05,1.12770622e-05,0.0004360996,1.48190861e-06,2.640095e-06,neutral
27,Q6,8:30:11,0.3031004,0.6964754,0.000182825344,7.22703262e-05,0.000115652751,5.0238963e-05,1.12560144e-06,2.070843e-06,neutral
27,Q6,8:30:19,0.3238484,0.6755447,0.000236834152,0.000101202284,0.000133911512,0.000129231732,2.61879381e-06,3.09485858e-06,neutral
27,Q6,8:30:23,0.239809081,0.7585579,0.000310756674,0.000204380383,3.62530336e-05,0.00105797872,7.519935e-06,1.61409116e-05,neutral
27,Q6,8:30:31,0.0441559143,0.953329861,0.000410176726,1.86213838e-05,6.88403743e-05,0.00180062919,0.0002081527,7.783437e-06,neutral
27,Q6,8:30:33,0.1178351,0.8815393,0.000220142509,7.075055e-05,3.07482223e-05,0.000282595778,7.186468e-06,1.41720975e-05,neutral
27,Q6,8:30:41,0.04056552,0.9585107,0.000224513642,1.48967149e-06,6.53155148e-05,0.00038814533,0.000243396018,9.25946551e-07,neutral
27,Q6,8:30:45,0.3355733,0.6634265,0.0005194757,4.840437e-05,7.08554653e-05,0.0003026823,3.90366258e-05,1.97290283e-05,neutral
27,Q6,8:30:49,0.0109713236,0.429786265,0.0007715533,0.0008371698,0.0005098022,0.5535585,0.0033293122,0.000236076492,surprise
27,Q6,8:30:55,0.047201924,0.9474586,0.0005580032,5.738324e-05,0.00132152,0.00199567736,0.000962799764,0.000444038,neutral
27,Q6,8:30:57,0.028344715,0.969629645,0.00137034128,3.88160952e-05,0.000131206252,0.0001646254,9.885825e-06,0.0003107751,neutral
27,Q6,8:31:03,0.08491697,0.9121611,0.00232078019,7.15813148e-05,9.69776156e-05,0.000327642076,2.20598176e-05,8.28649063e-05,neutral
27,Q6,8:31:05,0.04084861,0.9569845,0.00160802947,2.82585024e-05,0.000416723517,7.209898e-05,9.257299e-06,3.24949542e-05,neutral
27,Q6,8:31:07,0.0226750914,0.975025952,0.00171980227,1.37738825e-05,0.000169698891,0.000234152089,0.000144522128,1.69810519e-05,neutral
27,Q6,8:31:11,0.519714355,0.4788582,9.278916e-05,4.163652e-06,1.45795775e-05,0.0009999358,0.000305626425,1.03188277e-05,sadness
27,Q6,8:31:13,0.6640629,0.3354221,0.000372211653,1.17032153e-06,9.477503e-06,5.47905438e-05,7.70037e-05,3.300735e-07,sadness
27,Q6,8:31:17,0.7001206,0.298064739,0.00018416559,5.98349561e-06,4.16408548e-05,0.000710512337,0.00085043197,2.19001231e-05,sadness
27,Q6,8:31:21,0.214415,0.777235031,0.005580607,0.000271702127,0.000165928912,0.000399480254,0.000102811668,0.00182946061,neutral
27,Q6,8:31:24,0.16073364,0.8364458,0.00167967437,0.000139800162,0.000238656445,0.000491290062,0.000120053905,0.000151103814,neutral
27,Q6,8:31:25,0.259243518,0.7387358,0.0008329527,0.00039622435,0.00016343352,0.00050591043,3.5694964e-05,8.648688e-05,neutral
27,Q6,8:31:27,0.116178855,0.8826827,0.0007456173,3.884379e-05,5.165506e-05,0.000240509587,1.81172472e-05,4.37433628e-05,neutral
27,Q6,8:31:33,0.189666271,0.8010174,0.00694109173,0.000353082782,0.000352254749,0.00100060587,0.000360866921,0.00030841984,neutral
27,Q6,8:31:35,0.2253925,0.764915466,0.008301106,0.000286395953,0.00023729114,0.000649357,0.000117947857,9.994861e-05,neutral
27,Q6,8:31:37,0.1493939,0.84857893,0.0009600937,0.000160239491,8.095597e-05,0.0005991542,9.465362e-05,0.000132101355,neutral
27,Q6,8:31:39,0.128381252,0.867906332,0.00266222,6.06420472e-05,0.000433489418,0.000328087423,0.000136678253,9.13271942e-05,neutral
27,Q6,8:31:41,0.235589489,0.754997969,0.007953595,0.00027798285,0.00082737,0.000150743392,3.948814e-05,0.000163351317,neutral
27,Q6,8:31:43,0.0255449358,0.972691059,0.00161223544,2.7850474e-05,6.13730663e-05,4.16516341e-05,2.380709e-06,1.84878081e-05,neutral
27,Q6,8:31:45,0.0994270146,0.882446468,0.005853003,0.000319100363,0.0114332717,0.00031379686,0.000169820443,3.75162381e-05,neutral
27,Q6,8:31:47,0.2794328,0.719959438,0.0001288808,5.883769e-05,8.56427941e-05,0.000318414677,5.571934e-06,1.04078972e-05,neutral
27,Q6,8:31:55,0.09294004,0.8884938,0.0103410883,0.000699809461,0.006116623,0.0009637525,0.0001678201,0.000277069863,neutral
27,Q6,8:31:57,0.01662646,0.1242584,0.0009255268,0.004900161,0.00172887428,0.842863739,0.00747945346,0.001217363,surprise
27,Q6,8:32:04,0.0213660784,0.974438548,0.00227048341,0.0001314137,0.000920371,0.0002194051,3.40553e-05,0.00061964395,neutral
27,Q6,8:32:09,0.735806942,0.262310266,0.00125812588,3.51261042e-05,0.000166384838,0.000123636579,0.0002881207,1.13742326e-05,sadness
27,Q6,8:32:23,0.2097036,0.778373241,0.0103300475,0.000288340118,0.000716562034,0.000262029876,0.000202119059,0.000124060141,neutral
27,Q6,8:32:25,0.337166458,0.655897141,0.00424586236,0.00020892109,0.00178566214,0.000205878314,0.0004713276,1.87270925e-05,neutral
