timestamp,sadness,neutral,contempt,disgust,anger,surprise,fear,happiness,emotion
13:36:05,0.10800451,0.251013845,0.00301374914,0.00203798572,0.000384617073,0.00671169627,0.00375529937,0.625078261,happiness
13:36:07,0.0034960364,0.9884549,0.00210980675,0.000114983057,7.421071e-06,0.0002331381,1.51000734e-06,0.00558224041,neutral
13:36:13,0.002250634,0.9881178,0.00173921487,3.309366e-05,5.22902155e-06,0.000127789885,5.745583e-07,0.007725676,neutral
13:36:17,0.008720486,0.7324208,0.252947032,0.000153034547,9.546761e-06,2.17381421e-05,1.04873351e-07,0.005727243,neutral
13:36:19,0.005302364,0.990508139,0.00222845934,3.440834e-05,4.325635e-06,0.000378555473,2.21061646e-06,0.00154151092,neutral
13:36:51,2.1227228e-08,5.95294068e-07,6.041699e-09,2.336529e-07,5.37704326e-09,6.36067554e-08,5.15558762e-10,0.999999046,happiness
13:37:33,0.008988062,0.318674058,0.0101716649,0.00606872374,0.007606994,0.00925557,0.00150679611,0.637728155,happiness
13:37:35,0.0001885558,0.04611125,0.000201451068,0.00047753207,1.320193e-05,0.000254860643,1.411107e-06,0.952751756,happiness
13:38:01,0.00726327859,0.481919736,0.006065213,0.00130270736,0.000211944789,0.000131933266,1.51091754e-05,0.5030901,happiness
13:38:03,0.00219795,0.994394362,0.000606644,4.00241879e-05,2.82256929e-06,0.0007244297,4.04636876e-06,0.00202972628,neutral
13:38:07,0.000572341669,0.9953171,0.0006856111,1.73269218e-05,2.18582818e-06,0.000283682777,8.81878464e-07,0.00312084565,neutral
13:38:09,0.159500331,0.8341995,0.00344792171,0.000216228393,4.33355126e-05,0.00169198029,0.000103564438,0.000797175,neutral
13:38:11,0.00583966,0.985182,0.00508620963,0.000103755985,9.486738e-06,0.00362609327,5.4290962e-05,9.853237e-05,neutral
13:38:13,0.00462223776,0.969614565,0.00365260825,1.18823154e-05,9.239442e-06,0.000386279571,6.948206e-06,0.0216962155,neutral
13:38:15,0.00576089555,0.968729258,0.004856678,3.797518e-05,1.4366351e-05,0.006862208,0.00015813639,0.0135805132,neutral
13:38:17,0.0401210077,0.8103353,0.0324035026,0.000507229764,0.000416540046,0.0124250324,0.00213702465,0.101654418,neutral
13:38:19,0.0536951162,0.8875962,0.0188564174,0.0003563743,0.000255519582,0.0117633706,0.00130347733,0.0261735264,neutral
13:38:21,0.09204011,0.853693962,0.0162794366,0.000508075638,0.000468336715,0.008261574,0.00146233779,0.0272861533,neutral
13:38:23,0.2766562,0.323328853,0.000380229118,4.672785e-05,6.590978e-05,0.0812177956,0.317836225,0.000468027982,neutral
13:38:25,0.00210500252,0.968103647,0.0021449402,6.080481e-05,6.302709e-06,0.000153469169,7.29119961e-07,0.0274251141,neutral
13:38:27,0.0012158741,0.8783706,0.00507262,7.15969e-05,1.58874591e-05,0.000222495248,1.100074e-06,0.115029842,neutral
13:38:31,0.00572922546,0.532973,0.0109305875,0.000108876295,5.706764e-05,0.00443408126,0.000198006266,0.4455692,neutral
13:38:33,0.0130774286,0.9110478,0.03635097,9.234392e-05,9.347041e-05,0.00301280082,0.0003127329,0.0360124372,neutral
13:38:35,0.00562229147,0.9884147,0.00315359118,6.861726e-05,2.57362826e-05,0.00113013678,7.323307e-06,0.00157760107,neutral
13:38:37,0.00403121626,0.9566486,0.0132041415,6.945093e-05,2.098714e-05,0.0004353157,6.271063e-06,0.0255840346,neutral
13:38:39,0.003561373,0.8659442,0.009356617,6.466457e-05,2.48549222e-05,0.0001823921,8.11867449e-06,0.1208578,neutral
13:38:41,0.00621351926,0.7859293,0.0135905873,0.00026548293,9.695023e-05,0.004099181,0.000110032219,0.189694941,neutral
13:38:43,0.0192512,0.7407948,0.176644534,0.00164399284,0.000479830167,0.0280259345,0.00420381175,0.02895589,neutral
13:38:45,0.00343326665,0.8467567,0.0225357749,2.7985905e-05,1.06968064e-05,0.00335454778,9.538452e-05,0.123785637,neutral
13:38:47,0.00329877529,0.8084194,0.152472526,0.000362248626,0.000124287108,0.005357383,2.355528e-05,0.029941842,neutral
13:38:49,0.000960646837,0.7052774,0.00141865318,1.7625629e-05,7.989488e-06,0.00190707762,1.00583848e-05,0.290400535,neutral
13:38:51,0.0112171443,0.563488543,0.0192816388,0.000206157492,6.450282e-05,0.0196610335,0.00188054808,0.3842004,neutral
13:38:53,0.002852134,0.5077172,0.0151404571,8.182523e-05,7.580989e-05,0.00305817486,0.00015843111,0.470915973,neutral
13:38:55,0.00228600926,0.9776069,0.00169510534,0.0001471073,8.75537444e-05,0.0173024777,7.99967238e-05,0.000794874,neutral
13:38:57,0.004959296,0.9365866,0.01965936,0.000111345085,0.000426055834,0.008818384,0.0008462787,0.0285926368,neutral
13:39:01,0.00729408953,0.910867,0.04688064,0.000100799545,0.000380926125,0.00253658462,0.0003877508,0.03155222,neutral
13:39:05,0.0362331457,0.8887838,0.0215872,0.000144528924,0.000428621366,0.00602681,0.0120879654,0.0347079374,neutral
13:39:19,0.00284260674,0.524512,0.004285206,0.0003199052,1.70813018e-05,0.000388615153,1.96230576e-06,0.467632651,neutral
13:39:21,0.00571366725,0.431424767,0.010705987,0.0008916718,0.000321905274,0.0234009586,0.00011556298,0.527425468,happiness
13:39:23,0.00405477,0.291214764,0.02309575,0.000303229084,0.000267104857,0.0211935677,0.00234998157,0.657520831,happiness
13:39:25,0.00313787,0.718796,0.016321674,0.000120084427,0.000173521577,0.022924168,0.000433722249,0.238092929,neutral
13:39:27,0.0122755719,0.706461251,0.06328044,8.472046e-05,0.000182198986,0.0118742576,0.000883889967,0.204957664,neutral
13:39:35,0.000402068283,0.998535335,0.000737479946,1.24122071e-05,1.84215662e-06,0.0001568608,1.06840332e-07,0.000153891975,neutral
13:39:37,0.233263642,0.7296535,0.0110443318,0.00222721,0.000763706747,0.00440209,0.0014880345,0.01715749,neutral
13:39:39,0.06116575,0.7907635,0.0587358661,0.000174757224,0.000163752033,0.00360086374,0.000576119462,0.0848193839,neutral
13:39:43,0.356559515,0.577776551,0.03174871,0.0008118233,0.0009964906,0.00376491831,0.00151407847,0.0268278811,neutral
13:39:45,0.1820934,0.737461448,0.0589759573,0.00017001036,0.000594008248,0.00411312934,0.00199987041,0.0145921865,neutral
13:39:47,0.189257324,0.723183334,0.04713396,0.000178768139,0.000358428515,0.0114228232,0.00508785155,0.0233775266,neutral
13:39:53,0.0146238049,0.9602259,0.009462607,2.433545e-05,9.468989e-05,0.00719730975,0.002480156,0.005891244,neutral
13:40:03,0.104505278,0.584230959,0.1316888,0.00251817238,0.00294505269,0.000970688241,0.000219032183,0.172921985,neutral
13:40:09,0.238974974,0.7308646,0.0265382919,4.95669337e-05,0.000178400034,0.000311877578,0.0002303122,0.00285200356,neutral
13:40:11,0.277143776,0.6763097,0.0318907052,0.000214612039,0.0003522913,0.00195262965,0.00123604864,0.0109002348,neutral
13:40:15,0.122967586,0.8509966,0.0197061151,8.801235e-05,0.000286839058,0.000490639766,0.0003184723,0.005145739,neutral
13:40:19,0.119212709,0.574442565,0.164405555,0.004214638,0.00198914227,0.00238170661,0.000524612435,0.132829085,neutral
13:40:23,0.06795089,0.6088651,0.07057141,0.00117997685,0.000521868235,0.005175254,0.0005447514,0.245190755,neutral
13:40:25,0.0754571259,0.9000164,0.0153257763,6.393097e-05,0.000183708064,0.00394711131,0.0006383864,0.004367517,neutral
13:40:27,0.24832122,0.7000405,0.0390076824,0.000171664477,0.000300033862,0.00112835981,0.0006543019,0.0103762131,neutral
13:40:29,0.0371851772,0.9282466,0.01809974,0.0001605845,0.000366185559,0.00594183151,0.00087844854,0.009121411,neutral
13:40:33,0.00280218315,0.5569348,0.005342058,0.0004992633,0.00013790933,0.01782611,8.315502e-05,0.416374534,neutral
13:40:35,0.00140711141,0.8834056,0.007393691,1.72379368e-05,8.030833e-06,0.00017121197,7.88319255e-07,0.1075963,neutral
13:40:37,0.008244579,0.9700287,0.003943686,3.394476e-05,2.0067273e-05,0.00416989345,8.73978352e-05,0.0134717142,neutral
13:40:39,0.011254034,0.966580749,0.0036907047,6.15835e-05,6.621655e-05,0.00717767654,0.0003048978,0.01086415,neutral
13:40:41,0.0112824943,0.9628247,0.004724187,8.35845858e-05,9.716994e-05,0.006870565,0.000365375046,0.0137519259,neutral
13:40:43,0.1288822,0.8304268,0.0136576071,0.000317903381,3.91627727e-05,0.0005720542,2.54243751e-05,0.0260788426,neutral
13:40:45,0.0201904047,0.9510969,0.009505726,9.81437552e-05,0.000118438846,0.009360782,0.000510203536,0.009119433,neutral
13:40:49,0.03117145,0.9363233,0.0171791334,0.000260549539,0.0003929932,0.00950671,0.00102982437,0.004136071,neutral
13:40:51,0.00738283666,0.935549557,0.0268858019,0.000496692432,0.000382668746,0.0137785329,0.00118209794,0.0143418154,neutral
13:40:53,0.05242293,0.918949246,0.0158982016,0.000347292662,0.000171228559,0.00557940453,0.000474734436,0.006156937,neutral
13:40:57,0.169880986,0.786474466,0.0146509912,0.0010441927,0.001190844,0.0111486828,0.0008905818,0.0147192366,neutral
13:40:59,0.259703517,0.632660449,0.00757956132,0.000863060646,0.001421079,0.0137923211,0.00491296127,0.07906706,neutral
13:41:01,0.321074158,0.566230655,0.05054658,0.00169248239,0.002488068,0.006353026,0.00275173783,0.0488632955,neutral
13:41:03,0.09044243,0.902372539,0.006079721,0.0001890059,6.029181e-05,0.0005785826,2.09732552e-05,0.0002564606,neutral
13:41:05,0.284027517,0.5716647,0.008783151,0.00300080818,0.00172892783,0.0165379271,0.0358433723,0.07841361,neutral
13:41:07,0.0314436331,0.8411075,0.0717396,0.0005396572,0.0003732443,0.008791861,0.00111683155,0.0448877141,neutral
13:41:09,0.269409239,0.68753165,0.0297205634,0.0001689684,0.000112002977,0.00120114861,0.000163605248,0.0116927866,neutral
13:41:11,0.140271366,0.6661187,0.06711149,0.000292086275,0.000230597638,0.0006699133,0.000151233951,0.125154629,neutral
13:41:15,0.1900667,0.771384656,0.022054188,0.00233002077,0.00129878637,0.000912222138,0.000140437842,0.011813,neutral
13:41:17,0.3016063,0.6435691,0.0401598252,0.00101420551,0.000828173943,0.002904303,0.000305310969,0.009612811,neutral
13:41:19,0.349201858,0.5818813,0.0454658046,0.00149850186,0.00179643,0.000837497937,0.000306111382,0.0190125089,neutral
13:41:21,0.2623096,0.7019582,0.0218793955,0.001492164,0.0004859918,0.00332338177,0.0004072663,0.008143999,neutral
13:41:23,0.3548608,0.5801024,0.0307906,0.00138167315,0.00133266859,0.00143086456,0.000485300232,0.0296157189,neutral
13:41:25,0.0329181664,0.9241461,0.0155869285,0.000110939931,0.000456388836,0.008642352,0.00118930009,0.0169498287,neutral
13:41:27,0.0127485236,0.968729734,0.006754218,2.66395818e-05,1.05421841e-05,0.000964103441,1.44964033e-05,0.0107517466,neutral
13:41:29,0.009259372,0.885403,0.03198094,0.000310151721,0.000392039365,0.0182784777,0.0008889281,0.053487096,neutral
13:41:31,0.0133058745,0.6256407,0.0288963821,0.000312361226,0.000830424367,0.00528287748,0.00457714964,0.3211542,neutral
13:42:23,0.196395,0.743037343,0.0433497876,0.0007471885,0.001285826,0.00484278146,0.00157081673,0.008771278,neutral
13:42:27,0.148955151,0.765042961,0.0703035444,0.000415978953,0.00128876371,0.00209127367,0.000684542756,0.0112177571,neutral
13:42:29,0.00729768863,0.573809564,0.06395023,0.000153639077,0.000261149922,0.0111194253,0.000368617038,0.343039662,neutral
13:42:31,0.334407032,0.648005366,0.01054466,0.000545729,0.000253968174,0.00392704643,0.000320410269,0.00199580938,neutral
13:42:39,0.04304546,0.9248919,0.0186325274,0.00139977771,0.0007114955,0.00723313959,0.000257503329,0.00382822682,neutral
13:43:05,0.306596637,0.677627742,0.00315985014,0.000255023828,0.0003445119,0.006090486,0.000916245859,0.00500951475,neutral
13:43:07,0.0557729229,0.913153231,0.0154685108,0.001329073,0.002082698,0.00616094563,0.001401718,0.004630876,neutral
13:45:53,0.0113882078,0.97045964,0.0132235857,4.23581259e-05,9.806085e-05,0.003618811,0.000212149243,0.000957210141,neutral
13:45:55,0.0166955777,0.9697055,0.007852165,9.15720157e-05,0.000128933956,0.001803124,0.000134734568,0.00358834863,neutral
13:45:57,0.213301167,0.7543657,0.0005171472,5.33287166e-05,1.7362805e-05,0.00369239831,0.0278862678,0.000166659651,neutral
13:45:59,0.120527938,0.769310355,0.00189223606,0.00041306924,0.000119555814,0.0177204888,0.08879269,0.0012236865,neutral
13:46:01,0.036845576,0.937939465,0.0029604428,0.00146833039,0.00041226772,0.016721487,0.00268409122,0.0009683161,neutral
13:46:03,0.0161080509,0.9639035,0.009881706,0.0007055724,0.000199499642,0.00157834752,0.000116988907,0.007506329,neutral
13:46:41,0.009532246,0.9557734,0.0288519766,2.99563762e-05,3.47655841e-05,0.004358191,0.000324649271,0.00109482126,neutral
13:46:43,0.033238,0.81934315,0.134210512,0.000215750624,8.84061737e-05,0.00294212555,0.0004777625,0.0094843,neutral
13:46:45,0.0216831844,0.9746775,0.00105493888,7.172681e-05,2.86075137e-05,0.00237754569,5.54651e-05,5.101894e-05,neutral
13:46:47,0.0107270479,0.9851178,0.00174445508,3.16163e-05,6.918828e-06,0.0005634487,7.756335e-06,0.00180095981,neutral
13:46:49,0.00479281,0.9180417,0.00760344,4.19013777e-05,2.9355444e-05,0.00107160315,1.332105e-05,0.0684058443,neutral
13:46:53,0.09259533,0.87650156,0.0192928836,0.000608998351,0.000444460748,0.00444166455,0.0008270269,0.00528807053,neutral
13:46:59,0.08399236,0.8860501,0.0223638,0.000130759639,0.000132960486,0.00264761271,0.000630761147,0.00405166438,neutral
13:47:01,0.08235435,0.872279644,0.0291813817,0.0006108982,0.000594822865,0.006356951,0.004549694,0.004072237,neutral
13:47:05,0.114462867,0.850056648,0.0272490662,0.0007183336,0.0005511827,0.000976175535,0.000140488657,0.00584522355,neutral
13:47:07,0.046680063,0.843054056,0.0509023368,0.00120603945,0.00101586117,0.0344326533,0.0139951669,0.008713829,neutral
13:47:09,0.0966463,0.826895,0.0274723377,0.00106119784,0.00234734174,0.01136366,0.007032083,0.0271820966,neutral
13:47:11,0.199984491,0.6845897,0.0445583574,0.00096474227,0.00122422,0.00377507322,0.002827116,0.0620763227,neutral
13:47:13,0.0541092269,0.8588564,0.03416772,0.0002931139,0.000230068385,0.008503087,0.00176710635,0.042073328,neutral
13:47:15,0.202998623,0.48503378,0.261784762,0.009802788,0.00245112483,0.0278992448,0.00460381666,0.005425843,neutral
13:47:21,0.077424176,0.7669345,0.0652797,0.000501634961,0.0005799461,0.00238607684,0.0003865201,0.08650745,neutral
13:47:23,0.1194941,0.7870176,0.0483979061,0.00046006075,0.00078940636,0.00373104564,0.000880572537,0.0392293446,neutral
13:47:25,0.00438039145,0.993142962,0.000544591167,0.000114388342,2.12255618e-05,0.00175992446,9.545821e-06,2.69602333e-05,neutral
13:47:27,0.0204986911,0.973036647,0.00328785437,2.95358659e-05,1.59544179e-05,0.00166942284,0.000137221316,0.00132469891,neutral
13:47:29,0.0157984812,0.976649642,0.004378227,1.14182267e-05,1.098671e-05,0.0008433907,4.20827164e-05,0.00226579956,neutral
13:47:31,0.0268207788,0.9631395,0.00333918445,2.11587958e-05,3.04984933e-05,0.004721938,0.000521924463,0.001405071,neutral
13:47:33,0.02195392,0.9718776,0.004009362,2.32461116e-05,5.87293471e-05,0.0009906449,0.000116985429,0.000969560759,neutral
13:47:37,0.0219748411,0.9616078,0.0119654043,2.67246123e-05,0.000118731259,0.0007158568,9.101341e-05,0.00349963922,neutral
13:47:41,0.0291437451,0.95988816,0.008073369,1.674056e-05,8.009876e-05,0.0007652811,7.116377e-05,0.00196144334,neutral
13:47:43,0.0266417842,0.955046237,0.0124290949,5.777266e-05,0.0002075345,0.00113802252,0.000146161983,0.0043333983,neutral
13:48:37,0.00726750446,0.9824151,0.006573838,2.96114285e-05,1.30652425e-05,0.00126773457,1.96822439e-05,0.00241347239,neutral
13:48:41,0.006358105,0.978287041,0.00545433164,2.88607716e-05,4.997244e-05,0.00753231253,0.00053809426,0.00175128761,neutral
13:48:45,0.008554676,0.9735325,0.006294428,2.99473686e-05,9.527316e-05,0.008042738,0.000511731138,0.00293871039,neutral
13:48:51,0.00642650342,0.973069847,0.008387386,3.323179e-05,0.000111905472,0.005506576,0.000345669483,0.00611888152,neutral
13:48:53,0.006539687,0.9820155,0.00305013079,4.552754e-05,0.000137772251,0.00488804141,0.0002960191,0.00302732387,neutral
13:48:55,0.0068806503,0.9832925,0.00412147259,2.38412667e-05,8.526689e-05,0.00308357435,0.000160338692,0.00235231617,neutral
13:48:57,0.0179169979,0.9565844,0.00541519048,9.143377e-05,7.939208e-05,0.0137657654,0.000698351534,0.00544850435,neutral
13:48:59,0.02584379,0.955383539,0.008349932,0.00013556637,8.86255439e-05,0.00303681777,0.000118286393,0.00704341428,neutral
13:49:01,0.0259627178,0.937781036,0.0157136712,0.00022712737,0.0004553245,0.009426004,0.000656037533,0.009778059,neutral
13:49:03,0.0570476726,0.901368558,0.0193781443,0.000286378083,0.000287178875,0.00899536,0.00120637193,0.011430325,neutral
13:49:05,0.0869309157,0.8762087,0.0162794683,0.000279419619,0.000270059885,0.006231919,0.00058236887,0.0132171521,neutral
13:49:07,0.08503281,0.8649978,0.0198769979,0.0005450363,0.0007578389,0.0143027538,0.00249339431,0.0119933728,neutral
13:49:09,0.0368755534,0.917915642,0.0192290824,0.0007166943,0.00109351426,0.0133677628,0.001935093,0.008866648,neutral
13:49:11,0.0222290047,0.956492662,0.009317194,0.000223178358,0.0003893484,0.006074638,0.0007615965,0.004512385,neutral
13:49:13,0.0204026271,0.96440196,0.002950449,5.266033e-05,6.86835847e-05,0.0103859277,0.000958715042,0.000778988353,neutral
13:49:15,0.0110231182,0.9813894,0.00373290665,1.937894e-05,1.43619527e-05,0.001765966,0.000104038932,0.00195082778,neutral
13:49:17,0.00575670647,0.9872803,0.002781007,2.01761468e-05,3.913774e-05,0.00314197317,7.815349e-05,0.0009025354,neutral
13:49:19,0.02167075,0.9649759,0.004705999,4.365798e-05,0.000116560368,0.00289186183,0.000279422384,0.005315834,neutral
13:49:21,0.0537706725,0.8997798,0.0282302033,0.0004886541,0.0007396704,0.008257789,0.00356257753,0.00517061353,neutral
13:49:27,0.10540127,0.838143647,0.0188764948,0.0016826425,0.0009059188,0.01913629,0.00611314736,0.009740575,neutral
13:49:29,0.0152022354,0.955356538,0.0163680334,0.000150127191,0.000417162781,0.0085985,0.00153302739,0.002374347,neutral
13:49:33,0.3008756,0.6020807,0.0459056646,0.00152952643,0.00494044274,0.0218668412,0.0164162554,0.00638495665,neutral
13:49:35,0.0204969477,0.965712845,0.00074966636,9.768795e-06,9.523592e-06,0.011196536,0.00180346379,2.1255204e-05,neutral
13:49:37,0.008966877,0.9888139,0.0009900731,2.10803428e-05,1.677453e-05,0.0006657999,2.108557e-05,0.0005044352,neutral
13:49:39,0.004687838,0.97241956,0.0111472076,3.13180644e-05,6.882347e-05,0.004900346,0.000142920733,0.006601964,neutral
13:49:43,0.0414971076,0.9106365,0.0348843671,9.75223e-05,0.0002721078,0.0028986854,0.0007739457,0.00893975,neutral
13:49:45,0.00587434974,0.9801967,0.008653638,1.31537145e-05,0.000145290222,0.00459309062,0.00019810356,0.000325647154,neutral
13:49:47,0.0433483981,0.9041534,0.037619058,0.0001787644,0.000425329141,0.0103786625,0.00141946715,0.00247694063,neutral
13:49:49,0.01142155,0.922080338,0.04681031,8.588186e-05,0.000300972257,0.007903603,0.000662719249,0.01073464,neutral
13:49:55,0.008851511,0.9898929,0.000440894248,2.53446487e-05,5.76017464e-06,0.000741862634,1.92698317e-05,2.24363484e-05,neutral
13:49:57,0.0039546825,0.9940355,0.0008482532,1.82960066e-05,7.745288e-06,0.001005013,1.17374839e-05,0.0001187809,neutral
13:50:01,0.00192612747,0.9968381,0.0009886622,1.15546536e-05,9.286533e-06,0.000116909294,1.52952214e-06,0.00010785483,neutral
13:50:03,0.007424,0.9911179,0.00127020082,8.361851e-06,4.11019664e-06,0.000100746132,3.573181e-06,7.112184e-05,neutral
13:50:05,0.004111262,0.9917855,0.00188469421,3.601668e-05,3.69807349e-05,0.00184758531,6.620213e-05,0.00023170629,neutral
13:50:07,0.00402960461,0.9249808,0.0247171111,6.875532e-05,5.49427568e-05,0.0005734292,1.19930437e-05,0.0455633327,neutral
13:50:09,0.00533365458,0.9028298,0.026951205,0.000212242812,0.000136992443,0.00186709664,4.277235e-05,0.0626262054,neutral
13:50:13,0.00361869414,0.9845988,0.00011565991,7.619931e-06,1.70238775e-06,0.0114749447,0.000114095477,6.84740953e-05,neutral
13:50:15,0.0113288062,0.958723843,0.0119203981,0.0007383921,0.000467250647,0.008600865,0.0005487913,0.00767165562,neutral
13:50:17,0.0163436849,0.9558532,0.009486652,0.00053088594,0.000425210077,0.0138084749,0.00128912134,0.00226273085,neutral
13:50:23,0.01915537,0.878465831,0.05771158,0.0002482293,9.30456954e-05,0.00136695628,7.971458e-05,0.04287926,neutral
13:50:25,0.0127115035,0.9765489,0.00420300942,9.603646e-06,7.744781e-05,0.00465624873,0.00118879648,0.000604463567,neutral
13:50:27,0.0346099436,0.950123,0.00999179948,1.36530871e-05,2.132339e-05,0.002252111,0.000239367117,0.00274878019,neutral
13:51:05,0.138888374,0.8118593,0.0127905738,5.36080333e-05,8.963643e-05,0.0183954481,0.0167169627,0.00120607787,neutral
13:51:53,0.03346953,0.9272888,0.008293547,8.614873e-05,1.306888e-05,0.00034248078,7.021655e-06,0.0304994173,neutral
13:51:55,0.253521919,0.709514,0.002816484,0.000204467971,0.0003614029,0.00379701937,0.001253436,0.0285312813,neutral
13:52:01,0.1022551,0.850401938,0.0191139076,0.00102856685,0.00045856557,0.0015343033,0.000100580473,0.0251070578,neutral
13:52:31,0.0244009867,0.9610123,0.006056429,8.444045e-05,0.0001711607,0.00220891414,0.000287841161,0.00577791641,neutral
13:52:37,0.00189863425,0.9970786,0.0003120374,1.05022964e-05,4.12333065e-06,0.0006666664,3.50543087e-06,2.59389544e-05,neutral
13:52:39,0.0909170955,0.9061919,0.00233639963,1.61634835e-05,2.422134e-06,0.0004977813,1.87373844e-05,1.95191333e-05,neutral
13:52:41,0.0127495881,0.9855192,0.00139117648,4.07225853e-05,6.56392967e-06,0.000267850963,1.67128894e-06,2.326516e-05,neutral
13:52:43,0.006841152,0.99061656,0.001735835,1.11621976e-05,4.36657356e-05,0.000684780651,1.75111672e-05,4.93464941e-05,neutral
13:52:45,0.01620254,0.9811109,0.00141260342,1.66498212e-05,7.51418747e-06,0.0010362165,6.770778e-05,0.000145905127,neutral
13:52:47,0.00453003868,0.993721068,0.00136243622,4.98731642e-05,2.55923751e-05,0.000231328377,1.43412626e-06,7.820855e-05,neutral
13:52:49,0.0129498821,0.984069943,0.00264808559,7.645484e-06,9.61398e-06,0.000177245616,7.76008e-06,0.00012983034,neutral
13:52:51,0.00924823,0.9703021,0.00447952328,0.000103234241,8.82101958e-05,0.0140934363,0.000764389639,0.0009208735,neutral
13:52:53,0.0306702852,0.953275144,0.00357061112,8.15797e-05,3.813389e-05,0.0111481035,0.000943580351,0.0002725869,neutral
13:52:55,0.0780474842,0.8897001,0.006168652,0.000201368675,6.641613e-05,0.0159982368,0.009242466,0.000575292856,neutral
13:52:57,0.132956132,0.856792331,0.006091673,0.000189697937,0.00010379513,0.0008392646,0.000139799551,0.00288730767,neutral
13:52:59,0.007038258,0.9460477,0.008162436,3.16844562e-05,2.72188481e-05,0.0032021706,5.85153248e-05,0.0354319736,neutral
13:53:01,0.0180636421,0.9587666,0.008063674,0.000310799456,0.0001197752,0.011731525,0.000412678,0.00253133662,neutral
13:53:03,0.0294974614,0.957205057,0.005399931,5.252013e-05,6.52383e-05,0.005137582,0.0005471335,0.00209509,neutral
13:53:05,0.0209754985,0.94899267,0.0145957712,0.000277196785,0.0003686022,0.005488976,6.321238e-05,0.00923804753,neutral
13:53:07,0.05188769,0.944879353,0.000822992,4.047437e-05,1.32564555e-05,0.00191320363,9.84235157e-05,0.000344610715,neutral
13:53:13,0.0306114666,0.9508954,0.00672955345,8.000456e-05,5.30438374e-05,0.00640426064,0.00138516643,0.003841078,neutral
13:53:21,0.401288152,0.5117683,0.07381614,0.00107644452,0.000917108147,0.001724207,0.00040995318,0.008999707,neutral
13:53:23,0.0954537243,0.8736705,0.0187336765,0.000157185554,0.000145008162,0.00414889539,0.00283356733,0.0048574293,neutral
13:53:25,0.2821587,0.5699833,0.12081147,0.00311565725,0.00178032066,0.00130469108,0.00025447362,0.0205913428,neutral
13:53:27,0.369179547,0.516650438,0.101948954,0.00110043609,0.000890045951,0.00167611416,0.000290899945,0.008263565,neutral
13:53:29,0.26735577,0.619499147,0.07784177,0.0010475684,0.000974525639,0.00108912122,0.00114480127,0.0310473237,neutral
13:53:31,0.382812351,0.5705291,0.0325182937,0.0009941254,0.0007623852,0.000428607833,0.000238936875,0.0117162354,neutral
13:53:37,0.3330595,0.6364495,0.0188342445,0.000740885967,0.000240667447,0.002888694,0.00127231143,0.00651420653,neutral
13:53:43,0.0157141145,0.9704231,0.006022512,8.381133e-05,0.000206096913,0.00439748261,0.00033209406,0.00282081356,neutral
13:53:45,0.0274804216,0.9436465,0.008133794,0.000310964853,0.0002242275,0.0109869754,0.002238364,0.00697876653,neutral
13:53:47,0.0147616658,0.95501554,0.0105131883,0.000150186,0.000309102936,0.0100276032,0.00167444837,0.00754825538,neutral
13:53:53,0.012038175,0.9743839,0.004717131,8.36007457e-05,1.89476759e-05,0.0012649626,6.132926e-05,0.00743193971,neutral
13:53:55,0.0330650657,0.9385882,0.0200740341,4.883757e-05,3.116532e-05,0.002301744,0.000319853163,0.005571095,neutral
13:54:03,0.0361604951,0.912480056,0.04262682,0.000139506868,8.95075937e-05,0.006472581,0.0007328777,0.00129816693,neutral
13:54:13,0.01954854,0.957611442,0.01424274,4.99277739e-05,6.878235e-05,0.00431067729,0.000332624448,0.00383529044,neutral
13:54:29,0.0003267546,0.816872656,0.00301813986,1.18359719e-06,2.37091e-06,0.000387552165,1.289784e-06,0.179390058,neutral
13:54:41,0.0208187122,0.968960941,0.00615081331,0.000108102504,0.000157593313,0.00276624574,0.000186961872,0.000850660261,neutral
13:54:59,0.0113687161,0.979428,0.00648060348,2.57199827e-05,1.59531864e-05,0.00139758864,8.947685e-05,0.00119393982,neutral
13:55:11,0.0671840459,0.874384046,0.0111631248,0.000541553949,0.000203036267,0.0313054,0.0118520064,0.0033667807,neutral
13:55:25,0.0247661136,0.967608154,0.00243457523,2.42349524e-05,1.304028e-05,0.00347989937,0.000189269136,0.00148468476,neutral
13:55:29,0.008251457,0.9789246,0.00236790418,4.180107e-05,3.412238e-05,0.00504165748,0.000192120322,0.00514636375,neutral
13:55:33,0.00506265229,0.9906872,8.073069e-05,2.34044746e-05,3.88123453e-06,0.004047631,5.680558e-05,3.773091e-05,neutral
13:56:01,0.00722020073,0.924375653,0.03898743,6.436476e-05,0.000142510224,0.00562668126,0.0001707981,0.0234123543,neutral
13:56:21,0.0135609247,0.9324662,0.0137476008,0.0004349128,0.00059584534,0.0125959,0.0010079348,0.0255907,neutral
13:56:47,0.0117035722,0.9336456,0.03360414,0.000284655,0.000219006484,0.009773899,0.000571325945,0.0101977717,neutral
13:57:11,0.00337837869,0.969195068,0.0052595716,0.000175754962,5.16960645e-05,0.00182815606,1.13995866e-05,0.02009995,neutral
13:57:13,0.005799638,0.9828836,0.004859394,0.00013359185,4.602752e-05,0.0004433709,6.157879e-06,0.0058282367,neutral
13:57:15,0.00332775363,0.9889888,0.003211202,0.00010662865,8.070674e-05,0.000722780649,7.55212068e-06,0.00355454441,neutral
13:57:17,0.0522734523,0.9222951,0.009530358,0.0002830719,3.55920747e-05,0.00177565473,2.03864038e-05,0.0137863792,neutral
13:57:19,0.028299205,0.8866007,0.0269605238,0.00210271636,0.00059600774,0.0184198953,0.000372856884,0.0366480947,neutral
13:57:23,0.00199208222,0.9962074,0.000781455368,2.37257645e-05,5.18026354e-06,0.000497927,1.74133766e-06,0.000490457052,neutral
13:57:29,0.0399326459,0.9151407,0.0010404042,5.548597e-05,2.10138751e-05,0.0368176848,0.00689264946,9.943861e-05,neutral
13:57:39,0.0108906832,0.7142578,0.0283348914,9.33015e-05,7.750384e-05,0.00715974951,0.0005142523,0.238671869,neutral
13:57:41,0.013120628,0.8548364,0.0134038795,4.732755e-05,7.625073e-05,0.00161853735,6.276857e-05,0.1168342,neutral
13:57:43,0.0321832374,0.8384162,0.0188855324,0.000130621411,0.000165568752,0.00573774474,0.000286002149,0.104195066,neutral
13:57:45,0.04766812,0.8709545,0.0210693516,0.00030886085,0.00031916544,0.00604886,0.0004985657,0.0531325676,neutral
13:57:49,0.00408683624,0.780497968,0.09526982,0.000945296837,0.000403918239,0.113866568,0.00129141344,0.00363819161,neutral
13:57:51,0.01939233,0.714318335,0.02285256,0.004856954,0.0005048557,0.221306384,0.008557746,0.008210838,neutral
13:57:57,0.00508951955,0.978488266,0.005127828,3.359219e-05,9.771229e-05,0.00488984957,0.000358751277,0.005914507,neutral
13:57:59,0.004942939,0.9814705,0.00353089534,1.42159233e-05,3.67623434e-05,0.003042719,0.000202723488,0.0067592,neutral
13:58:01,0.009054691,0.978675842,0.00357808429,1.6273676e-05,2.67157557e-05,0.00432971353,0.000376729731,0.00394194061,neutral
13:58:03,0.00410040654,0.9862967,0.00240605371,3.57605277e-05,5.82429129e-05,0.00511533674,0.000219973372,0.00176751637,neutral
13:58:07,0.0191254821,0.951613069,0.00764714,0.000110750931,0.0001648853,0.0159427058,0.00155120192,0.00384478713,neutral
13:58:09,0.00778186973,0.974393845,0.00627717748,4.072657e-05,8.667454e-05,0.00207340159,5.7019548e-05,0.009289258,neutral
13:58:11,0.212515444,0.7440728,0.0255554747,0.000220161863,0.0005048801,0.0038250736,0.002811822,0.010494329,neutral
13:58:13,0.0225338619,0.949231,0.0136826066,0.0003423241,0.000823007838,0.00307023479,0.000485495926,0.009831453,neutral
13:58:15,0.2105726,0.757199049,0.011026009,0.000646899571,0.000400023,0.0125320777,0.005263484,0.00235988945,neutral
13:58:17,0.179339573,0.7903504,0.022779407,0.000789097452,0.000464552752,0.00352597912,0.00100306654,0.00174794323,neutral
13:58:19,0.03961622,0.956119537,0.00345884822,2.63052225e-05,2.05948563e-05,0.000469083781,2.45904921e-05,0.000264827424,neutral
13:58:21,0.0388275646,0.9561833,0.00434079673,1.992054e-05,2.24181222e-05,0.000350479851,2.80474378e-05,0.000227448632,neutral
13:58:23,0.0213170648,0.9717499,0.00384108978,2.292869e-05,4.1395142e-05,0.002082219,0.000166887039,0.000778521236,neutral
13:58:25,0.04498816,0.9360359,0.009536458,8.18313638e-05,0.000106609405,0.006513833,0.0008949208,0.00184229924,neutral
13:58:27,0.05369431,0.932126343,0.008786413,0.000273246958,0.000189564555,0.00116949668,3.78352524e-05,0.00372281112,neutral
13:58:29,0.0300987922,0.9393064,0.01879696,0.0003253875,0.0003852195,0.00300060329,0.0003019836,0.007784702,neutral
13:58:31,0.07828846,0.895934045,0.01743089,0.00015910923,0.000156575858,0.00466141943,0.0007892121,0.002580307,neutral
13:58:33,0.02694563,0.9440908,0.0142333647,0.0002603128,0.000257476437,0.008605649,0.000782973948,0.004823788,neutral
13:58:35,0.0245923586,0.958930254,0.0100395679,6.880269e-05,0.000107096734,0.00302089169,0.000270667428,0.002970389,neutral
13:58:37,0.04575249,0.9090578,0.0173515659,0.000308463146,0.000229411424,0.01768052,0.0022898966,0.007329843,neutral
13:58:39,0.0750413761,0.905730963,0.0123813255,0.000201770134,0.00029836988,0.004117938,0.000786818448,0.00144144229,neutral
13:58:41,0.101292275,0.8707446,0.0183928162,0.000206242752,0.0001698339,0.004306878,0.00126109563,0.00362626021,neutral
13:58:45,0.01389568,0.9677999,0.0109338388,6.165911e-05,0.000126557075,0.001884398,0.000155819958,0.005142162,neutral
13:58:47,0.08755246,0.882460833,0.0142214764,0.000263046153,0.000304124958,0.008623705,0.00255454076,0.00401981873,neutral
13:58:49,0.137984633,0.847061932,0.0103942379,0.000103540391,6.08849768e-05,0.00268699275,0.000815275533,0.00089250633,neutral
13:58:51,0.109894395,0.8615158,0.0248400774,0.000126232961,0.000127734849,0.00131412141,0.000388999964,0.00179262122,neutral
13:58:55,0.2173017,0.7532185,0.0163122751,0.000229723577,0.000433307578,0.007907125,0.00378549914,0.0008118801,neutral
13:59:34,0.005506911,0.992242754,0.00136096217,1.0451281e-05,4.931481e-06,0.000396303629,2.82736664e-06,0.000474845583,neutral
13:59:43,0.0258379318,0.9615941,0.0060376036,7.894181e-05,4.6231864e-05,0.002910648,0.000225488184,0.003269067,neutral
13:59:51,0.004400159,0.982565641,0.00249755615,2.266851e-05,2.733218e-05,0.008776437,0.000273848447,0.00143633923,neutral
14:00:03,0.009613882,0.97036,0.009193012,9.382591e-05,4.71007661e-05,0.00547515042,0.000216416956,0.00500063738,neutral
14:13:34,0.009723195,0.987811267,0.00189926173,6.1560786e-05,6.36314653e-05,0.0002454542,4.313656e-06,0.000191300351,neutral
14:13:36,0.00102330139,0.998753965,0.000159431846,5.937471e-07,1.43576941e-07,6.157464e-05,1.55189213e-07,8.631689e-07,neutral
14:13:38,0.00210525678,0.997452,0.000314216915,3.70481348e-06,3.40784322e-06,0.000102351783,1.16121976e-06,1.78846567e-05,neutral
14:13:40,0.0276411325,0.9699824,0.00189094176,7.893928e-05,1.4316588e-05,0.000294256548,3.5254086e-06,9.453059e-05,neutral
14:13:43,0.0365246162,0.9620042,0.00117930444,1.65392e-05,2.544213e-06,0.000260197266,2.16364833e-06,1.04789424e-05,neutral
14:13:44,0.06785724,0.9294612,0.00228451029,2.12801915e-05,2.83288387e-06,0.0003490031,2.6809596e-06,2.12659488e-05,neutral
14:13:46,0.0289526973,0.9659274,0.003067532,0.000137458745,4.59986732e-05,0.000541906164,1.11604859e-05,0.00131581328,neutral
14:13:48,0.008151692,0.9735674,0.012150134,1.89987913e-05,2.869468e-05,0.00439040968,0.00032400075,0.00136861834,neutral
14:13:50,0.00523606176,0.9103395,0.0121039143,4.174787e-05,4.89976446e-05,0.0665103,0.00344026182,0.00227925647,neutral
14:14:06,0.06502622,0.933304965,0.00102465122,2.41893576e-05,1.37872812e-05,0.00056046003,2.50657886e-05,2.065977e-05,neutral
14:14:09,0.02440176,0.9741729,0.0006221475,1.11079671e-05,6.332377e-06,0.000756828231,1.47462069e-05,1.42160343e-05,neutral
14:14:12,0.007551583,0.973926,0.017933581,4.94921442e-05,4.87928e-06,0.000161836477,1.62347055e-06,0.0003710138,neutral
14:14:14,0.0108125722,0.986258,0.00267234119,1.152535e-05,8.56330757e-07,0.000237283311,1.22113272e-06,6.206441e-06,neutral
14:14:44,0.000106682295,0.06926618,0.00469973451,0.000133955647,1.44992264e-05,4.57721253e-05,7.72435158e-07,0.925732434,happiness
14:14:46,0.00216186978,0.812802732,0.006309164,0.000124829749,1.45789054e-05,0.001382283,5.12343249e-05,0.177153334,neutral
14:14:48,0.00111061928,0.989224553,0.004078408,5.94675475e-05,5.582952e-06,0.000257627369,7.693874e-07,0.00526295369,neutral
14:14:50,0.000249797769,0.997573,0.0008450356,5.781385e-06,1.76138758e-06,0.000587695045,3.38339146e-06,0.0007335246,neutral
14:14:52,0.000396371848,0.9992571,0.000102378515,1.20615834e-06,6.337849e-07,0.000220367292,2.47994171e-06,1.94626227e-05,neutral
14:14:54,0.00404737471,0.9944618,0.000827563868,1.96496821e-05,6.50907259e-06,0.000239640241,7.69922337e-07,0.000396687945,neutral
14:14:56,0.001453607,0.9905911,0.0008238241,3.631088e-05,3.529628e-06,0.00698692165,6.67176937e-05,3.796192e-05,neutral
14:15:00,0.0025408566,0.9963124,0.000427706924,1.98880844e-05,1.9641343e-06,0.000649346446,4.577362e-06,4.3285323e-05,neutral
14:15:02,0.009975007,0.9882997,0.000594733167,2.37832919e-05,2.69547172e-06,0.00107319688,6.124153e-06,2.471053e-05,neutral
14:15:10,0.005191539,0.9809191,0.005796741,0.000126424115,4.258653e-05,0.000481215859,5.285107e-06,0.00743710343,neutral
14:15:14,0.00185383973,0.9957353,0.0022514232,3.24550274e-06,2.85097116e-07,0.000119994096,3.76001765e-07,3.553906e-05,neutral
14:15:16,0.000287169969,0.994229138,0.00511920452,3.15021452e-06,4.31902379e-07,0.000121009369,3.31455468e-08,0.0002398823,neutral
14:15:18,0.00832975749,0.9700128,0.0206905659,4.67999562e-05,3.16746332e-06,0.00059057,1.78735343e-06,0.000324552,neutral
14:15:20,0.00190612313,0.9848833,0.0125668393,6.84702036e-06,1.2002e-06,0.000100504221,1.521576e-07,0.000535031955,neutral
14:15:22,0.000257473177,0.99166733,7.014813e-05,2.90351636e-06,7.69214353e-07,0.007960303,3.66386448e-05,4.424835e-06,neutral
14:15:24,0.00177782064,0.974358261,0.0006044855,8.972339e-05,4.06269755e-05,0.02019541,0.000408285,0.002525405,neutral
14:15:26,0.00251810579,0.9921657,0.00409806939,3.37634128e-06,9.33163662e-08,0.000177809256,1.30363532e-07,0.0010367136,neutral
14:15:28,0.00114457181,0.9874569,0.00122573273,6.63681249e-06,1.363443e-06,0.00013983142,2.26384785e-07,0.0100246966,neutral
14:15:30,0.00227443129,0.951103151,0.0139370989,3.6085894e-05,8.627409e-06,0.0001664034,1.34629249e-06,0.03247285,neutral
14:15:32,0.0046692593,0.9919016,0.00277638761,7.951138e-06,1.03200364e-06,0.000480362,3.32932223e-06,0.000160078911,neutral
14:15:34,0.000548643759,0.99731344,0.00111615483,6.07151333e-06,1.47533842e-06,0.000805306656,2.39485212e-06,0.000206487573,neutral
14:16:02,0.00142280862,0.772692144,0.0170358643,0.00119323772,0.000170692016,0.0213781353,1.24010248e-05,0.1860947,neutral
14:16:04,0.000930611044,0.220560566,0.00507198554,0.0007937212,0.0146833612,0.00382617046,0.000199454444,0.753934145,happiness
14:16:06,0.000363530242,0.398322582,0.00124067289,0.000153182991,0.0021834292,0.0122306356,0.000222355971,0.5852836,happiness
14:16:08,0.000742139237,0.942488253,0.043330688,3.20208273e-05,1.46940756e-05,0.000194045162,3.113582e-07,0.0131978588,neutral
14:16:10,0.000656325,0.9800011,0.0127978083,4.840023e-06,7.331997e-07,0.000127847918,6.309095e-08,0.006411289,neutral
14:16:12,0.0008295571,0.968123853,0.0267217588,1.89686762e-05,2.79034953e-06,0.0005447543,1.42115837e-07,0.00375817018,neutral
14:23:41,0.03177153,0.948358536,0.008580297,0.0006284119,0.00020954186,0.008501363,0.00146957557,0.000480725925,neutral
14:23:43,0.009071536,0.990144253,0.000197239191,1.67844464e-05,2.10008284e-06,0.000508827041,3.07973969e-05,2.84923353e-05,neutral
14:24:08,0.017389236,0.977945,0.000484898046,4.75972738e-05,1.11852742e-05,0.00402340759,5.75317681e-05,4.110967e-05,neutral
14:24:14,0.00309396256,0.996138,0.000455173751,3.15560055e-06,7.373336e-07,0.000152586581,4.417844e-07,0.000155959468,neutral
14:24:23,0.04213705,0.954698443,0.00158408866,1.686876e-05,7.3813585e-06,0.00142348767,7.75451e-05,5.514957e-05,neutral
14:24:27,0.2126975,0.311638325,9.064267e-05,3.72816467e-05,4.87858642e-06,0.203354359,0.2718811,0.0002959213,neutral
14:24:41,0.111427248,0.8649083,0.0194378626,0.0003100337,5.23793969e-05,0.00169532048,0.000150610373,0.00201825635,neutral
14:24:51,0.00188535382,0.995463133,0.00172467483,1.07955284e-05,9.109713e-07,0.000157298651,4.40701e-07,0.000757393951,neutral
14:24:56,0.005890001,0.9934161,0.0005853164,2.225561e-06,1.86362684e-06,9.011043e-05,1.52179075e-06,1.28641159e-05,neutral
14:25:01,0.00371228415,0.9845194,0.004198521,5.319006e-05,9.887695e-05,0.00386372977,8.072534e-05,0.00347322226,neutral
14:25:11,0.009257298,0.982612431,0.00327221327,2.024933e-05,1.73063672e-05,0.00345182442,0.000169618012,0.00119906862,neutral
14:25:16,0.0122937178,0.976536453,0.005670547,4.234728e-05,7.884158e-05,0.00272260117,0.0001420856,0.00251340237,neutral
14:25:21,0.03727486,0.9434786,0.00740255974,0.000106915009,0.000115237686,0.005097729,0.0004561522,0.00606799126,neutral
14:25:26,0.07421221,0.905498862,0.00730290869,0.00020148675,4.55451918e-05,0.0108946245,0.00141144509,0.000432894536,neutral
14:25:41,0.179115757,0.8177444,0.00198189332,5.450428e-05,1.04614383e-05,0.0009812769,7.19029849e-05,3.97945041e-05,neutral
14:35:41,0.02783267,0.9403068,0.009846749,6.299401e-05,0.000116448158,0.0162829068,0.0030276035,0.00252383575,neutral
14:35:51,0.0120095043,0.9696356,0.00523572741,3.769592e-05,0.000117862292,0.008993803,0.00156661018,0.00240320433,neutral
14:35:56,0.0800456554,0.8833615,0.0251077879,0.000306207745,0.000452797831,0.007962997,0.000935414457,0.00182763324,neutral
14:36:01,0.0218900349,0.9713534,0.002861141,2.99581752e-05,4.04763923e-05,0.00338401669,0.000215429958,0.000225546566,neutral
14:36:06,0.00399611471,0.990838,0.00151244679,7.59067643e-06,4.09295972e-05,0.00274915458,0.00023056331,0.000625229266,neutral
14:36:11,0.0209076181,0.965891838,0.008177178,0.000102381848,9.530414e-05,0.00168753183,0.0001856408,0.00295253377,neutral
14:36:16,0.04210149,0.937229633,0.0122929392,0.000114596987,9.089434e-05,0.00256674318,0.000571979268,0.005031721,neutral
14:36:31,0.0162196271,0.8504311,0.096668236,0.000324844674,9.414472e-05,0.005012827,0.000110177018,0.0311390851,neutral
14:36:36,0.01971899,0.9630343,0.0131261367,0.0001298793,0.00023216728,0.00301521621,0.000238174413,0.000505148,neutral
14:36:46,0.263889283,0.718449652,0.0108920634,0.000133716952,1.68197785e-05,0.004045332,0.0023049342,0.0002682197,neutral
14:36:56,0.00393705536,0.895839453,0.0240279473,0.000161499629,4.31020453e-05,0.07524408,0.0007215926,2.52533737e-05,neutral
14:37:01,0.0197126754,0.9203968,0.0275036115,0.000182184158,0.0007096437,0.022998631,0.00777901942,0.000717454357,neutral
14:37:06,0.029449027,0.943696737,0.0100037251,9.581574e-05,0.000242826485,0.01286988,0.00272482773,0.000917136262,neutral
14:37:26,0.0487040244,0.7765873,0.137076646,0.00117224944,0.00384495943,0.0214322545,0.008868622,0.002313944,neutral
14:37:46,0.00258239126,0.9910209,0.00268800347,4.10547946e-05,2.01910716e-05,0.00145177939,3.1880686e-06,0.002192475,neutral
14:37:51,0.032969974,0.9647707,9.74630457e-05,4.33740352e-05,2.63873721e-06,0.00209446321,1.82043514e-05,3.232105e-06,neutral
14:38:01,0.00257492438,0.9927271,0.00437121373,4.503234e-06,4.75216183e-07,6.825392e-05,2.00145138e-07,0.000253351376,neutral
14:38:06,0.00107349688,0.9979727,0.000845487055,9.03927059e-07,1.16111643e-07,5.189713e-05,2.86385244e-08,5.53657228e-05,neutral
14:38:11,0.000393284834,0.9987841,0.000761516741,2.88105241e-07,3.751898e-08,3.31403826e-05,3.427392e-09,2.75873444e-05,neutral
14:38:16,0.0130504388,0.986397147,0.000159860574,6.395032e-06,8.239054e-07,0.000361597864,5.541368e-06,1.81937557e-05,neutral
14:38:21,0.0130202929,0.9866954,9.269356e-05,1.81597534e-06,3.16923973e-07,0.000169276085,5.56159739e-06,1.46633984e-05,neutral
14:38:26,0.0094901,0.990152359,0.000147331753,4.188394e-06,9.01740748e-07,0.000188204547,4.90248567e-06,1.1986117e-05,neutral
14:38:31,0.00838842,0.991041243,0.0001600197,4.045675e-06,9.37262257e-07,0.00038825738,7.318578e-06,9.78184e-06,neutral
14:38:36,0.018050652,0.981639445,0.00019721406,3.857881e-06,9.06434366e-07,9.484515e-05,1.98807652e-06,1.10894252e-05,neutral
14:38:41,0.010711005,0.988928735,0.00027716998,4.47926641e-06,2.79506639e-06,5.9250302e-05,7.213873e-07,1.58288185e-05,neutral
14:38:46,0.0247774068,0.9741869,0.000511396269,6.04951765e-06,7.898833e-07,0.0004825337,3.93800565e-06,3.09896459e-05,neutral
14:38:51,0.08952306,0.907841146,0.001377118,1.283254e-05,1.2462034e-06,0.00114733132,5.307063e-05,4.42176e-05,neutral
14:38:56,0.0198870488,0.9782445,0.001369999,5.890399e-06,1.09640837e-06,0.000372279872,2.58022e-06,0.000116637413,neutral
14:39:01,0.0571524054,0.9385741,0.0026108087,3.08072631e-05,3.80621213e-06,0.00138227793,4.517414e-05,0.000200662267,neutral
14:39:06,0.038458284,0.9542253,0.00348175853,5.725059e-05,8.829488e-06,0.0034808754,0.000116080308,0.000171624954,neutral
14:39:11,0.03442754,0.9629414,0.00171699107,1.455626e-05,2.41209978e-06,0.000739988638,7.86071e-06,0.000149271189,neutral
14:39:16,0.0439374559,0.9510709,0.00407688553,5.34535175e-05,8.061213e-06,0.000654456962,8.616756e-06,0.000190185223,neutral
14:39:21,0.0219968949,0.974606,0.00142506638,2.13111434e-05,7.15112174e-06,0.00188196322,1.9595298e-05,4.20613542e-05,neutral
14:39:26,0.00770017738,0.9910494,0.0009617922,7.93224e-06,1.90436936e-06,0.000195551678,9.538929e-07,8.227645e-05,neutral
14:39:31,0.0117057776,0.9856821,0.00186321675,4.52976528e-05,1.22389947e-05,0.0005632045,3.834715e-06,0.000124333019,neutral
14:39:36,0.0128596826,0.984387934,0.00197414728,2.68342174e-05,7.374816e-06,0.0006411257,9.3180015e-06,9.356867e-05,neutral
14:39:41,0.003583587,0.996056259,0.00013048634,3.185705e-06,6.104578e-07,0.000208750978,3.608782e-06,1.34874326e-05,neutral
14:39:46,0.009045236,0.9901683,0.000342518324,1.11619893e-05,1.23217012e-06,0.000386793137,1.870958e-05,2.60549714e-05,neutral
14:39:51,0.008735011,0.9901058,0.000450349442,1.50427168e-05,3.20872869e-06,0.0006284861,2.99968069e-05,3.20713953e-05,neutral
14:39:56,0.004552313,0.9949437,0.000202119336,7.618605e-06,1.93516735e-06,0.0002598141,8.898629e-06,2.36474e-05,neutral
14:40:01,0.01171716,0.987722337,0.000281555724,3.43907277e-06,7.74551438e-07,0.000258373,1.93642586e-06,1.44204432e-05,neutral
14:40:06,0.002699107,0.9968775,0.000234908832,2.40850181e-06,3.982164e-07,0.0001650399,3.87730978e-07,2.02832161e-05,neutral
14:40:11,0.008101485,0.9913235,0.000438202347,2.78230641e-06,5.061547e-07,0.000107624372,9.21207231e-07,2.50279863e-05,neutral
14:40:16,0.00635769544,0.8455971,0.02866104,8.094725e-05,3.67624743e-05,0.000530458346,2.43231352e-05,0.118711658,neutral
14:40:21,0.0041692364,0.994903266,0.000277277781,4.75004435e-06,1.94608174e-06,0.00060453976,7.35958065e-06,3.16317528e-05,neutral
14:40:26,0.0110135758,0.9829742,0.00389744737,8.352713e-06,9.008418e-06,0.00121263252,8.95125e-05,0.0007953078,neutral
14:40:31,0.005622198,0.9893168,0.002987311,6.66619553e-06,1.11745567e-05,0.0010220774,3.846373e-05,0.0009953151,neutral
14:40:36,0.0287656654,0.957116544,0.00324905431,5.04592463e-05,1.8418672e-05,0.0100067612,0.000480931369,0.000312192657,neutral
14:40:41,0.0628266558,0.9044524,0.00868912,0.000366804132,0.00015749321,0.0178722944,0.00425933627,0.0013759071,neutral
14:40:46,0.07570079,0.870689034,0.0186827481,0.00061763206,0.000304769259,0.0148283867,0.00426870631,0.0149079608,neutral
14:40:51,0.0811114,0.8836285,0.0157107767,0.0001946499,9.734885e-05,0.00171048928,0.000313648343,0.01723319,neutral
14:40:56,0.09144177,0.8640398,0.0199221075,0.000258336921,0.000112071786,0.00232703541,0.0002875368,0.0216113888,neutral
14:41:01,0.008517271,0.991126537,0.00015551204,2.58096361e-06,8.516376e-07,0.000194609485,1.52661164e-06,1.111283e-06,neutral
14:41:06,0.168664321,0.8189663,0.0103544416,9.067438e-05,2.27879191e-05,0.00150874711,0.000223965413,0.000168718441,neutral
14:41:11,0.206807524,0.7592545,0.0191319957,0.0007443274,0.000103653445,0.0107889185,0.00311211939,5.69347176e-05,neutral
14:41:16,0.0134983473,0.97273463,0.00331195281,7.26567e-05,8.53407e-05,0.008689792,0.000922084844,0.0006852091,neutral
14:41:21,0.022094097,0.9685392,0.003405558,0.0001177553,4.810963e-05,0.00529594254,0.000232454579,0.0002669129,neutral
14:41:26,0.0912606046,0.855852246,0.0123845953,0.000567286334,0.000209138088,0.0338639133,0.00438428251,0.00147795165,neutral
14:41:31,0.0801321045,0.8920931,0.0141214859,0.00029149992,8.630126e-05,0.0108825052,0.0008019517,0.00159101572,neutral
14:41:36,0.125884727,0.8424242,0.018615339,0.000567918469,0.000126972809,0.006100967,0.000905775058,0.005374086,neutral
14:41:41,0.08580674,0.843992531,0.0484850667,0.0012604465,0.000143729048,0.01571173,0.002739943,0.00185981218,neutral
14:41:46,0.0812251642,0.916398644,0.0013653459,1.93367723e-05,1.70627536e-05,0.000918534759,3.45698281e-05,2.13369276e-05,neutral
14:42:01,0.0030013416,0.993677139,0.00186471676,8.657616e-06,4.316834e-06,0.000957964454,8.016644e-06,0.0004778678,neutral
14:42:11,0.0464134738,0.9261765,0.010051853,6.158196e-05,2.8580047e-05,0.0144047122,0.0009383006,0.00192503294,neutral
14:42:21,0.00744231837,0.9716023,0.009861783,5.444506e-05,3.721693e-05,0.0017984357,6.15576355e-05,0.009141907,neutral
14:42:26,0.0201194845,0.9026853,0.0137917148,0.0005215139,0.000249131233,0.00253821025,0.000171340871,0.0599233359,neutral
14:43:12,0.0153849,0.98150605,0.0007806907,3.61730345e-05,1.84394e-05,0.002148996,4.801435e-05,7.674823e-05,neutral
14:43:16,0.110979222,0.869309545,0.0122509543,0.000654783,7.281009e-05,0.00577289052,0.000403046317,0.000556771236,neutral
14:43:21,0.03526491,0.7371709,0.002365034,0.000149151936,0.000148306,0.174339131,0.04621629,0.00434628967,neutral
14:43:31,0.148401722,0.8503424,0.0009883074,4.74043845e-05,1.4314802e-06,5.461042e-05,2.00876275e-06,0.000162132026,neutral
14:43:36,0.00166735577,0.9977961,0.0001937241,1.72423574e-06,8.3819e-07,0.000180126968,4.266857e-06,0.000155815855,neutral
14:43:41,0.00469222432,0.9932464,0.000885692949,8.05193e-06,3.512137e-06,0.000142182907,9.951017e-07,0.00102097529,neutral
14:43:46,0.0101911426,0.9884596,0.00109276769,1.04294195e-05,1.21959256e-05,7.120109e-05,2.55976647e-06,0.000160119365,neutral
14:43:51,0.0113455383,0.985381961,0.00241126353,3.41341947e-05,2.55886e-05,0.000613842451,4.567782e-05,0.000142011952,neutral
14:43:56,0.00455280347,0.994874358,0.000302731758,1.957048e-05,4.983626e-06,0.00023465199,1.026403e-06,9.851923e-06,neutral
14:44:36,0.0155361267,0.977363169,0.004356614,5.871915e-05,3.00632e-05,0.002256305,0.000172205066,0.000226772856,neutral
14:44:41,0.0850647762,0.897026062,0.0139313573,0.000103591272,9.250753e-05,0.00238394924,0.000908967166,0.0004887599,neutral
14:44:46,0.218003139,0.7424448,0.0344119519,0.000278738124,0.000169187086,0.00270247413,0.00134552061,0.0006441788,neutral
14:44:51,0.119905718,0.8766372,0.00287298625,4.22425655e-05,8.122098e-06,0.000338562968,1.36500867e-05,0.000181468044,neutral
14:44:56,0.0165916178,0.9776871,0.00407167058,4.58219347e-06,5.470158e-06,0.001124938,4.25166654e-05,0.000472077751,neutral
14:45:01,0.361708969,0.617021739,0.0148006352,9.518861e-05,7.162186e-05,0.00317077735,0.00249077333,0.0006403158,neutral
14:45:06,0.3233312,0.643322051,0.012456324,9.252614e-05,3.709238e-05,0.0147768818,0.00406730641,0.00191661867,neutral
14:45:11,0.212498322,0.5417121,0.008863064,0.003195228,0.00205582962,0.03729209,0.181625247,0.0127581395,neutral
14:45:21,0.5187095,0.4583807,0.0112252254,0.000173957378,8.038734e-05,0.00716170669,0.00298767933,0.00128084584,sadness
14:45:31,0.156878412,0.83590126,0.005483783,0.000266951916,5.260366e-05,0.00130826666,7.67584861e-05,3.19762221e-05,neutral
14:45:36,0.05000343,0.538076341,0.3990937,0.001971266,0.00120965554,0.00324566988,0.000558025436,0.00584191643,neutral
14:45:51,0.0162826385,0.960769236,0.019728167,9.423713e-05,0.000107083666,0.00269182259,0.000182904318,0.000143881232,neutral
14:45:56,0.0466991626,0.691819,0.2378805,0.00353979459,0.00358236767,0.008986253,0.00118184881,0.006311064,neutral
14:46:26,0.013185258,0.9851664,0.001371915,8.715475e-06,9.951354e-06,0.000212113708,4.60661158e-06,4.10755165e-05,neutral
14:46:31,0.0204491,0.97765696,0.001631837,2.95659138e-05,2.11412553e-05,0.00014871532,4.056648e-06,5.86405877e-05,neutral
14:46:36,0.0231287684,0.9729671,0.003740309,2.39543951e-05,1.48408917e-05,5.84817462e-05,1.00189823e-06,6.552581e-05,neutral
14:46:46,0.122185513,0.836973965,0.0201045554,0.0002629355,0.000524376868,0.008406962,0.0104848575,0.00105681946,neutral
14:46:51,0.0007756376,0.9990107,9.994031e-05,2.8839836e-06,3.13838882e-07,8.30162e-05,1.07327558e-07,2.743187e-05,neutral
14:46:56,0.00224171812,0.9973017,0.000251428923,4.1717467e-06,7.1371943e-07,0.000186559788,2.407377e-06,1.1279647e-05,neutral
14:47:01,0.00766488444,0.99092555,0.000569929369,1.19621636e-05,1.20093036e-05,0.000782873831,7.475315e-06,2.53382514e-05,neutral
14:47:06,0.0402497463,0.9477753,0.001964974,2.413511e-05,1.18466305e-05,0.009044502,0.000910617237,1.88826834e-05,neutral
14:47:11,0.032291688,0.8238312,0.136744857,0.0001631181,0.000245502946,0.00546827074,0.0009362463,0.0003191079,neutral
14:47:16,0.09533849,0.6160593,0.257742137,0.002112816,0.00116113445,0.019750461,0.002100769,0.00573486648,neutral
14:47:21,0.07917274,0.8329059,0.06510417,0.00170607981,0.000933709671,0.0166471824,0.00238994323,0.001140269,neutral
14:47:28,0.0158794429,0.97125113,0.00753630325,0.000127582971,6.158071e-05,0.00366025674,0.000187361249,0.00129631977,neutral
14:47:36,0.274746656,0.6391976,0.00165375241,1.64474786e-05,2.71467015e-05,0.0352202,0.0489488356,0.000189395359,neutral
14:47:46,0.243113324,0.5644781,0.00675593037,8.993799e-05,4.56934249e-05,0.14780724,0.03662221,0.00108757382,neutral
14:48:11,0.0430560373,0.946327269,0.000837134256,0.000169393315,2.1912083e-05,0.009233756,0.0003527478,1.75489436e-06,neutral
14:48:26,0.00172076328,0.1882862,0.05196327,0.00115131284,0.000118494427,0.0005242569,1.04857718e-05,0.7562252,happiness
14:48:31,0.007770512,0.9746136,0.00273771887,9.709355e-06,6.78731749e-06,0.000166816,2.981572e-06,0.0146918539,neutral
14:48:56,0.007273791,0.200493366,0.0111350631,0.00245566433,0.000572371355,0.0006471514,0.000160327763,0.7772623,happiness
14:49:06,0.0380016081,0.951048255,0.004870899,3.260535e-05,3.605354e-05,0.00522300135,0.000365290936,0.000422291,neutral
14:49:16,0.0178177357,0.9362248,0.0427463166,3.508055e-05,6.436027e-05,0.00187423965,0.0001603161,0.00107710669,neutral
14:49:21,0.00714974944,0.9874788,0.00393258547,6.71735543e-05,2.95238115e-05,0.0003568202,8.612855e-06,0.0009767698,neutral
14:49:26,0.005608534,0.988138556,0.002988817,8.01473e-05,3.75531781e-05,0.0005871494,2.03152231e-05,0.00253891875,neutral
14:49:56,0.00302012824,0.9919908,0.00422320375,3.04215246e-05,3.714582e-06,0.000536478939,4.00105955e-06,0.00019123638,neutral
14:50:01,0.0028888497,0.97811985,0.0156900939,3.87458458e-05,1.085539e-05,0.002461622,1.72871478e-05,0.0007726831,neutral
14:50:06,0.00163589348,0.9967792,0.00144500425,2.94292772e-06,3.94354231e-07,4.77068133e-05,1.8682843e-07,8.86924e-05,neutral
14:50:41,0.003227597,0.9962741,0.0004136441,5.61125262e-06,1.70315559e-06,7.52658452e-05,3.19644982e-07,1.73723106e-06,neutral
14:51:31,0.00241669128,0.9973374,0.000105558436,3.98540169e-06,5.071956e-07,0.000134412374,2.612991e-07,1.15649573e-06,neutral
14:52:01,0.0229766723,0.9637964,0.00788016,0.0005791796,0.00106905412,0.002424048,0.000538408931,0.0007360876,neutral
14:52:11,0.00222202088,0.9953916,0.0005247969,2.22531835e-05,3.851389e-06,0.00181051565,5.936715e-06,1.902842e-05,neutral
14:54:11,0.003728617,0.9957298,0.000383885985,7.55002429e-06,7.011846e-06,9.8855955e-05,1.64336768e-06,4.260395e-05,neutral
14:54:16,0.00180765439,0.9974875,0.0004746934,4.29486954e-06,1.938824e-06,0.000177396883,1.59795422e-06,4.49431282e-05,neutral
14:54:21,0.028412573,0.9708717,0.0005744223,5.325447e-06,7.241395e-07,0.000124502927,1.29415275e-06,9.489671e-06,neutral
14:54:26,0.00137290033,0.996981561,0.00103019632,7.662043e-06,2.648118e-06,0.000447355,9.11655e-06,0.00014858834,neutral
14:54:31,0.00387110072,0.6196872,0.02219147,0.000126830128,7.824038e-05,5.95877973e-05,2.24237579e-06,0.3539833,neutral
14:54:36,0.00274599856,0.5606134,0.0372557379,0.00013421214,5.817277e-05,0.000255269581,2.92548839e-06,0.3989343,neutral
14:54:41,0.007668933,0.991636157,0.000616681355,4.03770855e-06,2.01728676e-06,5.51382473e-05,9.883552e-07,1.60395666e-05,neutral
14:54:46,0.0164355263,0.9783227,0.002151973,1.983086e-05,1.18024936e-05,0.00271833129,0.000198472175,0.000141368742,neutral
14:54:51,0.008383245,0.9854674,0.00454107439,3.0135272e-05,7.13019253e-05,0.00109357049,5.363951e-05,0.000359647936,neutral
14:54:56,0.00327085564,0.9930806,0.00106392277,1.756293e-05,1.72343389e-05,0.00219790125,2.8943401e-05,0.000322954875,neutral
14:55:01,0.012224718,0.9843881,0.0014304,1.79545332e-05,9.025231e-06,0.00162178313,5.07043878e-05,0.000257295353,neutral
14:55:06,0.0111590084,0.9698,0.0157794934,5.5845423e-05,2.45344381e-05,0.001889876,8.032635e-05,0.00121091714,neutral
14:55:11,0.0346298032,0.954447269,0.00459248153,5.34342471e-05,8.204702e-05,0.00557234557,0.000434113579,0.000188534279,neutral
14:55:16,0.0591706634,0.9345433,0.00340849,4.86070749e-05,5.955486e-05,0.00259110937,0.000138169751,4.01003963e-05,neutral
14:56:01,0.0154322274,0.9796578,0.00358812581,1.39621388e-05,2.45605952e-06,0.000328716327,2.28150088e-06,0.00097438076,neutral
14:56:11,0.183708742,0.722612858,0.07368577,0.000486673351,0.001203528,0.006829123,0.007926864,0.00354642817,neutral
14:56:26,0.245111674,0.743747234,0.00719578657,0.000133629568,2.91043689e-05,0.00301410281,0.000324957335,0.000443532452,neutral
14:56:36,0.009743347,0.9897378,0.000122088837,3.55875773e-06,2.64647468e-07,0.00037960356,9.2351e-06,4.11979136e-06,neutral
14:56:41,0.126448587,0.8020979,0.0638713241,0.00158005557,0.000556960644,0.00422188034,0.000967041,0.0002562257,neutral
14:56:51,0.0028517826,0.9949847,0.0009386673,2.452309e-05,9.516513e-06,0.00105460535,1.36971148e-05,0.000122541111,neutral
14:57:06,0.00153859321,0.5019466,0.00366386469,0.00147027965,8.43213347e-05,0.0501958355,0.000295964273,0.4408045,neutral
14:57:16,0.0101048993,0.9317828,0.00339518231,0.0009906283,0.00023092654,0.0505782068,0.000286984636,0.00263036788,neutral
14:57:21,0.00189412141,0.994627059,0.0014154691,5.066121e-06,8.639832e-06,0.00192802341,4.40264957e-05,7.761498e-05,neutral
14:57:26,0.0025930563,0.987748265,0.00261428626,2.922954e-05,2.03677118e-05,0.0007015458,7.2536377e-06,0.0062859687,neutral
14:57:31,0.00156483322,0.9929697,0.00380943576,6.802698e-06,5.018416e-06,0.0009824617,5.833847e-06,0.000655905169,neutral
14:57:36,0.0009709822,0.9808388,0.004496246,6.41527231e-06,1.62655579e-05,0.0133099118,0.000104864674,0.00025655597,neutral
14:58:02,0.0042828056,0.9954926,0.000101720841,1.01340015e-06,4.874288e-07,0.000109479741,3.23698487e-06,8.68421e-06,neutral
14:58:06,0.0147296162,0.9606671,0.0170450211,4.425295e-05,7.379463e-05,0.00690816343,0.000419030635,0.000113016577,neutral
14:58:11,0.008384525,0.970683455,0.0134514114,1.22406946e-05,2.72698035e-05,0.00695170462,0.000347627327,0.00014177135,neutral
14:58:16,0.005383725,0.988473058,0.00486840261,4.210939e-06,1.63932236e-05,0.00110071816,2.16826429e-05,0.000131795445,neutral
14:58:26,0.01340806,0.975917757,0.007880042,2.258094e-05,3.79221347e-05,0.00237132167,9.53480558e-05,0.0002669694,neutral
14:58:36,0.00648140535,0.9692475,0.0115284007,2.745355e-05,5.519041e-05,0.0119437976,0.0006030981,0.000113109316,neutral
14:58:41,0.0148181506,0.952870965,0.0153225092,6.11199139e-05,8.549604e-05,0.015516853,0.00114292337,0.000181996948,neutral
14:58:46,0.0406446829,0.9547176,0.0012089985,0.000233782586,0.0009643206,0.001859344,0.000277050276,9.422602e-05,neutral
14:58:56,0.110008292,0.8527224,0.008966247,3.23845525e-05,3.217767e-05,0.0227309149,0.00531591335,0.0001916842,neutral
14:59:26,0.009272754,0.9774041,0.006520988,2.30617534e-05,1.5468524e-05,0.00155233964,2.69113643e-05,0.00518432958,neutral
14:59:31,0.221940026,0.7678602,0.003052112,0.000109798137,1.49994339e-05,0.00596173061,0.00100767822,5.35102154e-05,neutral
14:59:36,0.09991108,0.895908535,0.00217889785,3.05191825e-05,6.52891777e-06,0.00168767327,0.000153503788,0.000123273436,neutral
14:59:41,0.0693246946,0.9188906,0.00701843947,0.000656818855,0.0004318868,0.00163547,0.000331743446,0.00171037856,neutral
14:59:46,0.07597794,0.7797916,0.13488549,0.000243478222,0.000225520533,0.00128884881,0.00034375774,0.007243379,neutral
14:59:52,0.00539548276,0.9920169,0.00226940354,6.0108523e-05,3.685357e-06,0.000193515254,1.86519867e-06,5.905181e-05,neutral
15:00:16,0.07790336,0.898537338,0.0115773575,0.00032531895,0.000319710758,0.009165634,0.00102079776,0.00115047873,neutral
15:00:26,0.186865285,0.6613896,0.137633219,0.000247719319,0.000120018165,0.00826071,0.00223918422,0.00324428012,neutral
15:00:31,0.2415423,0.69489485,0.05129243,0.000154124456,0.000128876054,0.005287056,0.00209390768,0.00460646767,neutral
15:00:36,0.283184171,0.673857033,0.0245583523,0.000167938982,0.0002041393,0.010654958,0.00469204364,0.00268133846,neutral
15:00:41,0.0116867758,0.987273455,0.0006440693,7.600644e-06,2.581913e-06,0.000322701,1.58543116e-05,4.694893e-05,neutral
15:00:47,0.00759956334,0.9874263,0.00265753549,7.994507e-05,2.39525943e-05,0.00145856931,1.7568871e-05,0.000736576,neutral
15:00:51,0.170461789,0.8141069,0.01391865,0.0001571916,6.52813251e-05,0.000412346824,5.945985e-05,0.0008183917,neutral
15:01:06,0.0021459756,0.997424841,0.000271107972,6.44468355e-06,2.28607564e-06,0.000136403847,6.8052907e-07,1.22587735e-05,neutral
15:01:11,0.0249744486,0.9413352,0.0311658569,4.32616e-05,5.31911646e-05,0.00203568884,0.000346939953,4.54113324e-05,neutral
15:01:16,0.0277446173,0.9384366,0.0325568058,5.802253e-05,5.73849538e-05,0.000972846639,9.274822e-05,8.0918966e-05,neutral
15:01:21,0.0221032072,0.9015254,0.07460921,5.93381774e-05,8.280099e-05,0.001350304,0.000187332727,8.242518e-05,neutral
15:01:26,0.0393562876,0.810228944,0.145222,0.000264197879,0.000182196512,0.00201680767,0.000559844833,0.00216975249,neutral
15:01:47,0.026375467,0.860252559,0.09080954,0.0006637308,0.0009457189,0.0184020717,0.002176717,0.00037418303,neutral
15:01:52,0.008427172,0.9723029,0.006784985,2.87838138e-05,3.37223028e-05,0.0118802739,0.000400856021,0.000141293538,neutral
15:02:01,0.0113625005,0.9676016,0.00145296368,7.624749e-05,0.00012862304,0.01772415,0.00142554042,0.0002284023,neutral
15:02:06,0.05781038,0.9262328,0.009887757,8.904766e-05,0.000111556874,0.004008043,0.00131063652,0.000549779157,neutral
15:02:11,0.0257785469,0.951938,0.0113317212,4.50907646e-05,5.765679e-05,0.00939938147,0.0007157027,0.000733901747,neutral
15:02:16,0.0571673773,0.848166049,0.09311396,9.85338556e-05,0.0001761787,0.0008999001,0.000107361775,0.000270643621,neutral
15:02:21,0.06749675,0.912568867,0.0123882778,0.00016660268,7.688888e-05,0.004124858,0.0013508898,0.00182689284,neutral
15:02:31,0.0204148255,0.9423076,0.0261849966,0.000127230131,0.000163378252,0.008373347,0.00186152023,0.0005671147,neutral
15:02:41,0.008544369,0.966119349,0.0210021641,5.89793926e-05,1.82689419e-05,0.003236903,3.46229644e-05,0.0009853147,neutral
15:02:51,0.000100481273,0.957295239,0.0002462058,1.99255319e-05,6.36266634e-07,0.0398932733,1.59363044e-05,0.00242828461,neutral
15:03:27,0.217817977,0.576588035,0.049453713,0.002415673,0.002578007,0.06734633,0.07755449,0.0062457514,neutral
15:03:31,0.00211161282,0.97926563,0.0105194105,1.20940849e-05,1.89807051e-05,0.000498310954,3.87551245e-06,0.00757008651,neutral
15:03:41,0.0521711335,0.936760664,0.007469568,0.000331097224,0.00021974578,0.00246025342,0.000221027,0.0003665143,neutral
15:03:46,0.00373277813,0.995526254,0.0003671304,8.364686e-06,1.2496165e-06,0.000233954124,5.047196e-06,0.00012523761,neutral
15:03:51,0.008217438,0.9904875,0.0008240758,2.32477032e-05,2.41166686e-06,0.0002783332,6.243087e-06,0.000160761541,neutral
15:03:56,0.00282480055,0.9947329,0.00133984734,2.58968921e-05,3.72223622e-06,0.000885649235,1.23450527e-05,0.00017481095,neutral
15:04:16,0.0572565943,0.8146193,0.05209137,0.0006025395,0.000690899265,0.052325435,0.0187431127,0.003670768,neutral
15:05:01,0.146795347,0.5985912,0.248317584,0.0007519713,0.000259611523,0.003281877,0.000599255145,0.00140315748,neutral
15:05:06,0.04913323,0.8906629,0.05766233,2.31761915e-05,3.845088e-05,0.001357435,0.00031823336,0.000804250536,neutral
15:05:11,0.00241814135,0.940699,0.05074649,0.000156973081,0.000141395256,0.004853788,0.000214391082,0.000769835955,neutral
15:05:16,0.0198693816,0.971307755,0.0066110394,3.012824e-05,2.60460838e-05,0.00143109623,9.973445e-05,0.000624834851,neutral
15:05:26,0.02193267,0.9698255,0.00614380324,1.04829278e-05,2.5077783e-05,0.00151124853,0.00044074902,0.000110459012,neutral
15:05:31,0.0606786236,0.9070283,0.02825518,3.648193e-05,4.19786738e-05,0.00282296585,0.0008106775,0.0003257751,neutral
15:06:26,0.09120762,0.829072058,0.0139710251,0.00497792242,0.001166867,0.0178714972,0.00259390334,0.03913909,neutral
15:06:36,0.011137818,0.9867231,0.000500816444,1.54014033e-05,3.0659553e-06,0.00154725264,1.50600481e-05,5.74603837e-05,neutral
15:06:41,0.0290428363,0.945459,0.005441511,4.08512642e-05,1.4192281e-05,0.0181597471,0.00145568443,0.000386143452,neutral
15:06:46,0.05773812,0.9257652,0.00637659524,0.000132452624,3.33695243e-05,0.008412789,0.0002965968,0.00124485709,neutral
15:07:11,0.0429166965,0.954156041,0.00151621434,2.1056032e-05,9.046302e-05,0.00102279778,0.000249825476,2.68837557e-05,neutral
15:07:16,0.05166104,0.946256936,0.00120799139,1.12312437e-05,4.934509e-05,0.000641626655,0.000152267487,1.958971e-05,neutral
15:07:21,0.04432928,0.94701755,0.00726266252,3.48150425e-05,9.33874762e-05,0.0010303848,0.000120254539,0.000111682377,neutral
15:07:26,0.0392671041,0.9554136,0.00280335755,0.000254946324,0.000234329709,0.00133210339,9.542561e-05,0.0005991619,neutral
15:07:31,0.002732437,0.9861031,0.003665853,4.99745074e-05,1.94622353e-05,0.007150842,1.84915734e-05,0.000259832275,neutral
15:08:16,0.144370466,0.8080678,0.004979287,9.08463044e-05,0.00119088986,0.0120247062,0.01776816,0.0115078511,neutral
15:08:26,0.0472437777,0.9104744,0.0013716328,8.77109e-05,0.000384129817,0.00868842,0.00502962759,0.0267202929,neutral
15:08:46,0.3301312,0.6121075,0.03111157,0.0008924642,0.00191112922,0.0152983172,0.00405604,0.004491769,neutral
15:09:01,0.01987216,0.972486436,0.00110398838,5.31139776e-05,8.216449e-05,0.005981769,0.000366372173,5.401496e-05,neutral
15:09:06,0.0241067987,0.9666719,0.001223258,8.539729e-05,0.000101489582,0.007251301,0.0005031274,5.673148e-05,neutral
15:09:16,0.0124218734,0.9802541,0.00266376953,5.479525e-05,0.000133569178,0.00431004027,0.000100802536,6.105115e-05,neutral
15:09:26,0.00738554448,0.958570242,0.0310271215,0.000150968437,3.74775846e-05,0.00271297153,4.74716253e-05,6.821808e-05,neutral
15:09:31,0.00109567586,0.995754242,0.00175231171,2.38017274e-05,2.171823e-05,0.0009959778,1.87640035e-05,0.000337525242,neutral
15:10:11,0.009309509,0.973022759,0.009276328,2.565482e-05,0.00016082151,0.006075586,0.001867133,0.000262218266,neutral
15:10:16,0.07871207,0.89747113,0.0158990677,0.000129228545,0.000240425259,0.00417611655,0.002816181,0.000555789447,neutral
15:10:33,0.213083863,0.702781558,0.06877227,0.000336617173,0.00030887255,0.00263971952,0.00659408048,0.005483027,neutral
15:10:36,0.125581279,0.628334165,0.00512024527,2.89064938e-05,4.77095928e-05,0.196019143,0.04472549,0.0001430804,neutral
15:11:26,0.104424909,0.7764586,0.0395383127,0.000132408968,0.0005049576,0.0560792051,0.02144149,0.00142007833,neutral
15:11:36,0.130818218,0.638847649,0.1717883,0.00124098326,0.00203218,0.04714974,0.006951013,0.00117189658,neutral
15:11:56,0.4581542,0.5177357,0.0228999555,8.440538e-05,5.44267168e-05,0.000714844966,0.000247064076,0.000109345616,neutral
15:12:01,0.00206433167,0.9940708,0.000161699267,8.27798e-06,2.043047e-06,0.00366838649,1.77949878e-05,6.66037931e-06,neutral
15:12:46,0.00297438935,0.9929298,0.00150990812,4.18096242e-05,2.47017415e-05,0.00236736774,1.47812325e-05,0.00013719729,neutral
15:13:26,0.366386771,0.6222359,0.00419633649,0.000162800585,0.000217717083,0.00546265673,0.00115597411,0.000181848023,neutral
15:13:41,0.112194657,0.8245608,0.0573040769,0.0005318271,0.000376530021,0.00191428093,0.0009992798,0.002118528,neutral
15:13:56,0.09629463,0.895654857,0.00290245144,2.90526768e-05,3.84221639e-05,0.004176518,0.0008400825,6.400937e-05,neutral
15:14:31,0.009291033,0.9895188,0.0008551757,3.924197e-05,7.789842e-06,0.000227762444,1.43882278e-06,5.87610448e-05,neutral
15:14:51,0.0576512367,0.7237967,0.201033086,0.000508075056,0.0005480514,0.0112824468,0.00117518147,0.00400518673,neutral
15:15:36,0.00385264563,0.994316161,0.000242542388,1.85421e-05,3.0279366e-06,0.001531968,7.111788e-06,2.80068416e-05,neutral
15:15:46,0.0006613175,0.816741645,0.000283994363,0.000220510759,3.11649128e-05,0.181830168,4.81482457e-05,0.000183050943,neutral
15:15:51,0.281712443,0.630228937,0.0213827379,0.00310103479,0.00321174948,0.0182034019,0.0289197545,0.013239949,neutral
