13:36:10,0.00288306619,0.9944469,0.00218258775,7.52281358e-06,3.940673e-05,8.239443e-05,1.012017e-06,0.000357139972,neutral
13:36:12,0.00158435956,0.9942342,0.00306609645,8.691473e-06,4.012547e-05,0.000118148753,1.10109829e-06,0.000947294,neutral
13:36:14,0.0010804073,0.9979445,0.0008362845,8.727873e-07,5.34193441e-06,5.492357e-05,1.93022643e-07,7.747518e-05,neutral
13:36:16,0.006224521,0.991706252,0.00108481653,1.58654057e-05,3.02157478e-05,0.0006984412,1.93515348e-06,0.000237948756,neutral
13:36:18,0.0006216623,0.982751966,0.00136280654,6.534796e-06,3.62468381e-05,0.000153362969,1.95089524e-06,0.0150654921,neutral
13:36:20,0.231985375,0.609956861,0.1241894,0.00320799323,0.0300050937,9.28306e-05,1.47854407e-05,0.0005476742,neutral
13:36:22,0.26031068,0.667737,0.0658786446,0.00064769946,0.00530501734,3.74026022e-05,5.04965465e-06,7.848349e-05,neutral
13:36:24,0.002991504,0.9926602,0.003951008,1.42409463e-05,5.6606852e-05,0.000113915783,1.62896788e-06,0.000210871483,neutral
13:36:26,0.005615094,0.9910715,0.00262964424,2.33390965e-05,7.082274e-05,0.0002378813,6.25461325e-06,0.0003454162,neutral
13:36:28,0.0263341218,0.9635263,0.009155777,5.280871e-05,0.000124152866,0.000430847984,2.31947524e-05,0.000352784555,neutral
13:36:30,0.00192181265,0.9973348,0.0007052458,1.06841458e-06,7.03267824e-06,5.709724e-06,5.82988875e-08,2.42865044e-05,neutral
13:36:34,0.00217446359,0.9970866,0.000685495033,1.26638383e-06,1.3607666e-05,1.80593033e-05,3.28692266e-07,2.01951989e-05,neutral
13:36:36,0.0123074558,0.9867717,0.000734275265,7.32746776e-06,2.67020878e-05,0.000125376726,4.958088e-06,2.21795362e-05,neutral
13:36:38,0.01079575,0.9883646,0.0007449166,3.56857345e-06,2.50538615e-05,5.8341484e-05,2.05587548e-06,5.75301465e-06,neutral
13:36:40,0.00608944939,0.9934172,0.000433544425,1.30793956e-06,1.60717464e-05,3.73022e-05,1.72339423e-06,3.38480686e-06,neutral
13:36:42,0.00709962053,0.9920646,0.0007217722,6.24644736e-06,3.086113e-05,6.67200147e-05,2.37801237e-06,7.817724e-06,neutral
13:36:44,0.008716825,0.9902462,0.0009331988,3.03212414e-06,3.69027075e-05,5.21030342e-05,2.83778286e-06,8.936061e-06,neutral
13:36:46,0.00876428,0.9905513,0.000580003,2.15610817e-06,2.04456628e-05,7.120941e-05,1.9041529e-06,8.72795e-06,neutral
13:36:48,0.0107934643,0.9881836,0.0007886518,6.82126256e-06,6.840653e-05,0.000136705392,4.12690133e-06,1.82113472e-05,neutral
13:36:50,0.004060275,0.995346844,0.000345367327,1.19090259e-06,1.13170863e-05,0.000223728028,5.532196e-06,5.71601049e-06,neutral
13:36:52,0.0101737231,0.989312351,0.000356100616,4.29038573e-06,3.69289955e-05,9.737811e-05,4.06761455e-06,1.51813492e-05,neutral
13:36:54,0.00678496575,0.9925016,0.0004237054,1.8367723e-06,2.82005276e-05,0.000239832079,1.23810987e-05,7.48058164e-06,neutral
13:36:56,0.005324722,0.8442738,0.0466659069,0.000116798015,0.000243758768,0.004521149,2.89840154e-05,0.0988248959,neutral
13:36:58,0.00169173151,0.99353236,0.00170524069,2.19830645e-06,5.20082358e-06,0.0003034884,6.72596059e-07,0.00275911321,neutral
13:37:00,0.00538647175,0.9919046,0.00180919748,2.74756658e-05,4.76955138e-05,0.0002353569,6.37826042e-06,0.000582791748,neutral
13:37:02,0.00341890054,0.9934413,0.002536334,1.1468308e-05,5.333292e-05,0.00015162304,4.40206441e-06,0.000382647355,neutral
13:37:04,0.0009871175,0.9985663,0.000372725975,8.11234941e-07,6.12540634e-06,3.479777e-05,1.40775882e-07,3.1946056e-05,neutral
13:37:06,0.00362330233,0.9899453,0.0008023126,1.49473044e-05,9.547978e-05,0.00391530339,5.21801776e-05,0.00155119528,neutral
13:37:08,0.00761005236,0.9794434,0.00193663733,7.293954e-05,0.000129647655,0.009311493,0.0002321093,0.00126373221,neutral
13:37:18,0.0115296533,0.980903745,0.00321916677,0.000200913375,0.000250481331,0.000971402158,3.08727722e-05,0.00289377756,neutral
13:37:20,0.0035637503,0.952465653,0.00479185628,0.0005209928,0.000489614147,0.00351930666,9.97892639e-05,0.0345490426,neutral
13:37:24,6.227418e-10,5.897067e-07,1.74962427e-08,6.017986e-08,2.19116714e-07,2.63263729e-07,3.28614269e-09,0.999998868,happiness
13:37:28,0.0009480746,0.130802244,0.00118478364,0.0006641402,0.00300369365,0.00342524913,0.000551808,0.85942,happiness
13:37:30,0.005528266,0.959231853,0.00120747567,0.00023094799,0.0005773345,0.00202366523,0.000123660473,0.03107677,neutral
13:37:32,1.39725944e-06,0.000498683366,1.41658365e-05,9.899218e-06,5.30685429e-05,3.16917576e-05,1.98457315e-06,0.9993891,happiness
13:37:34,7.757813e-05,0.009991437,0.000129302862,0.0003576969,0.0008003176,0.000139119453,2.21519349e-05,0.9884824,happiness
13:37:36,1.67777046e-06,0.000355446653,3.504519e-06,1.42536792e-05,2.77347845e-05,4.0073377e-05,2.16386229e-06,0.9995552,happiness
13:37:38,0.0287230425,0.957426131,0.00455766637,0.000784853066,0.00227334467,0.00300424243,0.000357750163,0.00287297135,neutral
13:37:40,0.2161339,0.6715078,0.0158455428,0.009352303,0.00332382065,0.0640522838,0.0179683529,0.00181603257,neutral
13:37:42,0.120374508,0.8547215,0.00159726,0.000158829265,0.000407753483,0.0111015188,0.00147865608,0.0101599945,neutral
13:37:44,0.1623715,0.8143715,0.0004310092,0.000121393074,0.0003569377,0.0178102031,0.00368092745,0.000856474449,neutral
13:37:48,0.017555004,0.880847454,0.0009363905,0.0002526373,0.0007820426,0.0608238727,0.01354897,0.0252536144,neutral
13:37:53,0.0119857285,0.9844441,0.00168904278,2.45543652e-05,8.87882052e-05,0.00122587266,2.40743884e-05,0.000517834036,neutral
13:37:54,0.0104898568,0.963649631,0.00137468567,4.44922225e-05,0.000187412181,0.0221713483,0.00131238,0.000770211569,neutral
13:37:57,0.000775513938,0.9967598,0.000309683121,1.76340916e-06,1.7710312e-05,0.00209888583,4.97278825e-06,3.168516e-05,neutral
13:37:59,0.005008465,0.9930238,0.0007608177,2.69331013e-05,3.20516956e-05,0.0007869054,7.277359e-06,0.000353733485,neutral
13:38:00,0.00139119232,0.995490432,0.00168287731,1.08720124e-05,4.079457e-05,0.000199665548,1.621906e-06,0.00118254218,neutral
13:38:02,0.003023163,0.995654047,0.00111597369,2.378641e-06,7.886564e-06,3.0753512e-05,1.30876288e-07,0.000165642618,neutral
13:38:04,0.0007567708,0.9980896,0.0009870472,7.92380149e-07,5.49564675e-06,4.56287162e-05,1.35672011e-07,0.00011453699,neutral
13:38:06,0.0007401966,0.998763442,0.000434454938,3.3332185e-07,2.797126e-06,9.736801e-06,3.68845079e-08,4.90189741e-05,neutral
13:38:08,0.00383384479,0.9942075,0.0015574001,9.079756e-06,3.805457e-05,6.225811e-05,9.635655e-07,0.0002908717,neutral
13:38:10,0.00154329464,0.9969902,0.00131881423,2.0095606e-06,1.35931468e-05,6.0435912e-05,4.74163784e-07,7.12014e-05,neutral
13:38:12,0.00154459046,0.9981166,0.0002539361,8.937259e-07,5.651367e-06,6.34258759e-05,4.884471e-07,1.44203741e-05,neutral
13:38:16,0.00252868142,0.9970456,0.000375566859,9.16202e-07,6.962049e-06,3.51421331e-05,6.5132474e-07,6.50395259e-06,neutral
13:38:18,0.00193880568,0.9978247,0.000181298208,2.663629e-07,2.035789e-06,4.72916654e-05,4.916875e-07,5.080276e-06,neutral
13:38:20,0.0111362552,0.988639832,0.000171779917,8.320061e-07,6.33830632e-06,4.14870156e-05,9.473108e-07,2.52918971e-06,neutral
13:38:22,0.0166965239,0.983036,0.000173049877,1.40975828e-06,9.12613e-06,7.749003e-05,3.13796318e-06,3.26598524e-06,neutral
13:38:26,0.00300339446,0.996340632,8.523989e-05,8.687791e-07,9.090815e-06,0.0005449407,4.62859725e-06,1.12044172e-05,neutral
13:38:28,0.008249123,0.9902129,0.000154059366,2.14633e-06,1.96180445e-05,0.00130694453,2.926226e-05,2.59109365e-05,neutral
13:38:30,0.008615599,0.99096024,9.68119057e-05,8.8785805e-07,9.745659e-06,0.0003043402,5.54931967e-06,6.827238e-06,neutral
13:38:32,0.002880087,0.993244946,5.28390447e-05,9.611896e-07,1.512121e-05,0.00375310448,4.36229275e-05,9.336114e-06,neutral
13:38:35,0.0166268516,0.982250035,6.345935e-05,1.12998168e-06,1.54249483e-05,0.001007062,3.27860471e-05,3.25847282e-06,neutral
13:38:36,0.0115964105,0.987494349,0.00010045441,1.4621063e-06,2.08113124e-05,0.0007429545,3.74171977e-05,6.141062e-06,neutral
13:38:38,0.01700143,0.982657254,0.000127987252,1.32525247e-06,1.3190117e-05,0.00018474969,7.861186e-06,6.18759259e-06,neutral
13:38:40,0.0343778729,0.9652945,0.000143100842,1.47549451e-06,1.24756161e-05,0.0001573602,8.662598e-06,4.55284271e-06,neutral
13:38:42,0.016582679,0.9828333,0.000172496875,2.57290571e-06,2.21119244e-05,0.0003636343,1.79672334e-05,5.18234629e-06,neutral
13:38:44,0.0148943122,0.984864354,0.000107377658,9.729215e-07,1.28356887e-05,0.000111610381,4.864997e-06,3.67634334e-06,neutral
13:38:46,0.0202465765,0.9790577,0.000166661834,2.8455147e-06,1.865829e-05,0.000481822644,2.09380651e-05,4.75817433e-06,neutral
13:38:48,0.03560933,0.963964343,0.000177782364,2.470098e-06,2.72027246e-05,0.000194143882,1.840709e-05,6.31382727e-06,neutral
13:38:50,0.006472588,0.993341744,0.000138705611,2.86474148e-07,4.95025643e-06,3.75937e-05,8.378355e-07,3.278104e-06,neutral
13:38:52,0.0026873548,0.9972069,3.80614547e-05,1.76216815e-07,4.40232952e-06,6.0790484e-05,7.54757536e-07,1.52092275e-06,neutral
13:38:54,0.00332769076,0.996276259,0.000243485862,9.906039e-07,6.853881e-06,0.000128704371,9.284357e-07,1.50907454e-05,neutral
13:38:56,0.00169088086,0.99765265,0.000375229,3.35788673e-06,2.00930572e-05,0.000227394368,1.7185904e-06,2.8675071e-05,neutral
13:38:58,0.00139106554,0.9980726,0.0002513187,1.53843109e-06,1.428263e-05,0.000255348452,1.57617e-06,1.22269776e-05,neutral
13:39:00,0.00538607035,0.994247556,0.000218691173,1.54732959e-06,6.62393359e-06,0.000128520463,1.02136175e-06,9.945865e-06,neutral
13:39:04,0.00151336275,0.997994,0.000182644508,1.53436565e-06,2.884129e-05,0.000265019335,4.63815331e-06,9.973102e-06,neutral
13:39:08,0.00505399657,0.9946231,0.000247804361,1.75855212e-06,2.58043019e-05,3.94547023e-05,1.46076343e-06,6.603674e-06,neutral
13:39:10,0.114374273,0.8782993,0.002066676,0.000610433053,0.000434633141,0.00382728036,5.23990457e-05,0.0003350165,neutral
13:39:14,0.164899349,0.8340964,0.0007263571,7.826916e-05,4.691402e-05,0.000115431874,3.61061734e-06,3.370857e-05,neutral
13:39:16,0.0102109723,0.9882281,0.0009913661,1.71745633e-05,8.52634039e-05,0.000342545536,1.07147162e-05,0.000113878057,neutral
13:39:18,0.150682285,0.8392993,0.000164437646,0.000116380448,6.879287e-05,0.009566249,8.125408e-05,2.12995365e-05,neutral
13:39:20,0.151367664,0.841283262,0.0002562156,0.0002598204,0.000168217244,0.006535364,9.666317e-05,3.28102979e-05,neutral
13:39:22,0.243977115,0.7511642,0.000209785037,0.000104780891,6.469514e-05,0.004390072,7.608613e-05,1.32588848e-05,neutral
13:39:24,0.1810334,0.811934531,0.000377465942,0.000261671055,0.000145027589,0.00613417663,7.868998e-05,3.50683076e-05,neutral
13:39:26,0.0010035038,0.9967486,0.00117796613,3.2712278e-06,1.99954411e-05,7.733896e-05,5.18786237e-07,0.0009687541,neutral
13:39:28,0.00179582485,0.9976259,0.00025397542,1.3544618e-06,2.16021817e-05,0.0002476392,2.27377632e-06,5.14574022e-05,neutral
13:39:30,0.0027275444,0.99709034,9.639994e-05,2.46634073e-07,3.07332539e-06,7.745215e-05,5.10706855e-07,4.44730131e-06,neutral
13:39:32,0.01192364,0.9647333,0.002865139,0.0001328976,0.0002235465,0.01836742,0.000206364173,0.00154770329,neutral
13:39:34,0.0111953449,0.9878642,0.000294950441,4.00413228e-06,2.00674567e-05,0.000573694066,1.29537066e-05,3.47753848e-05,neutral
13:39:36,0.0332076438,0.9207282,0.0003409579,0.00028928442,0.000204096024,0.0436956026,0.000303662848,0.00123056083,neutral
13:39:38,0.0523357578,0.886817932,0.0006315408,0.000569785,0.000259318331,0.0583833642,0.000450445717,0.00055186497,neutral
13:39:42,0.07569824,0.88870275,0.000136542149,0.000146212551,0.0001211643,0.0347168222,0.000290977,0.000187261772,neutral
13:39:44,0.00553089939,0.994127452,0.000238230074,2.68221174e-06,1.936744e-05,7.111989e-05,1.78576727e-06,8.438977e-06,neutral
13:39:46,0.157008708,0.838064,0.0001806076,9.735619e-05,6.876896e-05,0.00446424726,7.383492e-05,4.24535574e-05,neutral
13:39:48,0.05487974,0.927716,0.00010068743,9.34198761e-05,7.173579e-05,0.01670201,9.13660551e-05,0.000345048727,neutral
13:39:50,0.156324759,0.8293739,2.56511084e-05,1.861183e-05,1.829845e-05,0.0140676042,0.000107241467,6.392551e-05,neutral
13:39:52,0.200918421,0.791849434,1.29557984e-05,4.67474365e-06,4.649436e-06,0.00711716665,5.549651e-05,3.71937e-05,neutral
13:39:54,0.169935435,0.825401962,4.27216537e-06,1.54022666e-06,2.47217645e-06,0.004568473,3.37424244e-05,5.210274e-05,neutral
13:39:56,0.163087547,0.8207822,1.00777024e-05,3.42774547e-06,4.53528628e-06,0.0158836544,0.000127657346,0.000100881312,neutral
13:39:58,0.1899488,0.8055608,2.37702056e-06,6.654523e-07,1.13731153e-06,0.004444518,2.16991612e-05,2.000775e-05,neutral
13:40:00,0.298574239,0.688818,1.11226091e-05,4.92214667e-06,4.49655545e-06,0.0124698011,0.000111306159,6.13037446e-06,neutral
13:40:02,0.254099637,0.742355347,1.66957871e-05,6.509346e-06,8.399462e-06,0.00343614188,5.71376368e-05,2.01174262e-05,neutral
13:40:04,0.2470878,0.7498807,6.46009448e-06,1.36732228e-06,3.00759984e-06,0.00297604245,2.2066748e-05,2.2553193e-05,neutral
13:40:06,0.178526834,0.8146415,9.886699e-06,5.73510533e-06,8.94094e-06,0.006756288,3.05133544e-05,2.03045765e-05,neutral
13:40:08,0.18425639,0.813812,2.44733e-06,9.865557e-07,2.17532647e-06,0.0019095696,8.055862e-06,8.373208e-06,neutral
13:40:10,0.1344073,0.8608275,4.828645e-06,2.22102722e-06,4.140531e-06,0.00469407253,1.49770658e-05,4.497293e-05,neutral
13:40:12,0.130994141,0.86678046,2.94474216e-06,1.60186846e-06,2.547242e-06,0.0021877822,8.00838e-06,2.25248386e-05,neutral
13:40:14,0.128554255,0.866561651,3.49795914e-06,1.22934034e-06,1.81215432e-06,0.00478294725,2.01593339e-05,7.447067e-05,neutral
13:40:16,0.263887763,0.733315945,8.171852e-06,3.6254628e-06,6.64216077e-06,0.00272223167,4.005896e-05,1.5549329e-05,neutral
13:40:18,0.321984351,0.667831659,1.21375988e-05,4.85796863e-06,7.11011126e-06,0.009855718,0.000263597525,4.05594546e-05,neutral
13:40:20,0.205520943,0.792955935,2.39090923e-06,4.557433e-07,9.744532e-07,0.00148004491,1.20320256e-05,2.720654e-05,neutral
13:40:24,0.28793785,0.70700866,3.75127729e-06,9.51034735e-07,5.64348466e-06,0.00487943646,0.000136771632,2.69271022e-05,neutral
13:40:26,0.223010257,0.775131,7.35268e-06,3.013979e-06,9.95804749e-06,0.00172502757,5.66461676e-05,5.67390562e-05,neutral
13:40:28,0.123918317,0.8625228,1.91657546e-05,1.02169006e-05,1.22903439e-05,0.0130829234,0.000162449069,0.000271824829,neutral
13:40:30,0.08674893,0.906838,4.434876e-05,1.31266579e-05,2.23153165e-05,0.004573137,6.87488646e-05,0.00169137842,neutral
13:40:32,0.188832089,0.8069443,1.23802256e-05,1.7283503e-06,5.25102359e-06,0.00383491348,7.883671e-05,0.000290505879,neutral
13:40:34,0.127250418,0.8657807,1.46542552e-05,5.10031941e-06,1.17373093e-05,0.0066416976,9.115506e-05,0.000204522687,neutral
13:40:38,0.139456362,0.8550685,6.98059876e-06,2.328319e-06,5.34457e-06,0.005328821,4.90002349e-05,8.26496253e-05,neutral
13:40:40,0.0977323651,0.9011263,5.01090153e-06,1.78281471e-06,3.64578318e-06,0.00104930648,6.80487e-06,7.475801e-05,neutral
13:40:42,0.1757086,0.822145045,1.82967815e-05,5.855883e-06,1.20165687e-05,0.00185343123,5.53280079e-05,0.000201436764,neutral
13:40:44,0.0621983632,0.9220977,0.00195399439,0.0008281358,0.0005805996,0.0111148693,0.00108665344,0.000139726864,neutral
13:40:46,0.0383809246,0.957968831,8.249056e-06,4.19642765e-06,1.419338e-05,0.003548875,4.61224445e-05,2.86263348e-05,neutral
13:40:50,0.03200268,0.9524019,2.923286e-05,8.42144e-06,6.00581461e-06,0.0151537731,1.93485139e-05,0.00037863935,neutral
13:40:52,0.0537731051,0.9390408,2.31277972e-05,6.455443e-06,5.3830563e-06,0.00698240567,1.64350731e-05,0.000152297114,neutral
13:40:54,0.140158981,0.859059453,9.228605e-05,1.72501423e-05,1.96542314e-05,0.0006212042,7.20410844e-06,2.39325564e-05,neutral
13:40:56,0.00104754965,0.9984009,0.0005000724,4.12302853e-07,2.327121e-06,2.58867549e-05,1.514719e-07,2.26898665e-05,neutral
13:40:58,0.00219143927,0.994414568,0.00242382917,9.422611e-06,2.6700618e-05,6.06757858e-05,5.990435e-07,0.0008727557,neutral
13:41:00,0.000673570845,0.998957336,0.0003505909,2.01846944e-07,2.601961e-06,8.665291e-06,6.684119e-08,6.97152745e-06,neutral
13:41:02,0.000407769752,0.99947536,0.000107466163,3.09330339e-08,4.453951e-07,5.566534e-06,1.51182888e-08,3.32183777e-06,neutral
13:41:06,0.07965755,0.9170605,0.0005230365,0.000137336741,4.36150476e-05,0.002451298,2.07162866e-05,0.0001059446,neutral
13:41:10,0.127986252,0.8706585,0.000353738258,7.43184646e-05,2.86236973e-05,0.000840024557,1.14748227e-05,4.70772429e-05,neutral
13:41:12,0.155378044,0.840883434,0.000182932665,0.000194090055,5.46282681e-05,0.00325170043,3.96111936e-05,1.55633534e-05,neutral
13:41:14,0.117746204,0.8797326,0.000238007124,7.23674457e-05,2.17384713e-05,0.000873359735,6.92589674e-06,0.00130880461,neutral
13:41:18,0.126014188,0.85299015,0.000227180019,0.000313218217,0.0010585956,0.007224584,0.004625599,0.00754647935,neutral
13:41:22,0.132188961,0.8670532,0.000142610152,1.25794877e-05,2.04739026e-05,0.000551865436,1.18883e-05,1.8409728e-05,neutral
13:41:28,0.19375889,0.78149426,0.000584255,8.663677e-05,0.000332823547,0.00619566767,0.001473843,0.01607365,neutral
13:41:32,0.14277862,0.8556494,1.40567163e-05,4.14239366e-06,6.80220865e-06,0.0001648238,8.523195e-06,0.00137359789,neutral
13:41:34,0.134048879,0.8642907,7.780615e-05,0.0001054375,6.365536e-05,0.00137053023,1.11350755e-05,3.18117e-05,neutral
13:41:36,0.1096222,0.885201752,2.59761546e-05,7.1543036e-06,4.43300769e-06,0.00485634152,1.48532554e-05,0.000267311552,neutral
13:41:40,0.480918854,0.517429352,0.000189052385,1.864336e-05,4.72899228e-05,0.00121124508,8.371295e-05,0.000101810416,neutral
13:41:44,0.134583429,0.8634241,0.000245871168,0.000128341359,7.01099052e-05,0.001472927,2.86919931e-05,4.651524e-05,neutral
13:41:48,0.1639293,0.8340465,3.423662e-06,1.05439472e-06,3.88435228e-06,0.00199198979,1.11672844e-05,1.26723544e-05,neutral
13:41:50,0.235801458,0.7631433,2.27024088e-06,8.053137e-07,1.68172164e-06,0.00101729715,2.18180521e-05,1.14027425e-05,neutral
13:41:52,0.208566517,0.785975635,4.845181e-06,1.06534628e-06,2.83255849e-06,0.005258339,0.00012558607,6.51875e-05,neutral
13:41:54,0.165539637,0.832142353,1.80268617e-05,7.918687e-06,4.81796451e-06,0.00154414866,1.42995877e-05,0.000728804851,neutral
13:41:56,0.182815447,0.8152456,8.495709e-06,1.88945467e-06,6.01587453e-06,0.00179771008,4.69794832e-05,7.782927e-05,neutral
13:41:58,0.1717442,0.764581442,0.0006430477,2.43339746e-05,0.06282858,7.883952e-05,8.62365559e-05,1.33447566e-05,neutral
13:42:00,0.0008468346,0.9953037,0.00155761186,3.82828e-06,1.70212716e-05,0.000101454709,5.86242038e-07,0.002168945,neutral
13:42:02,0.0009336024,0.998693943,0.000302851317,4.62457876e-07,4.249278e-06,5.47140953e-05,3.75080248e-07,9.819337e-06,neutral
13:42:04,0.000185186218,0.999509931,0.000263819878,1.37089827e-07,9.560856e-07,2.06380137e-05,5.26481863e-08,1.92831412e-05,neutral
13:42:06,0.000502364768,0.9992656,0.000199104412,1.7907864e-07,1.98978182e-06,2.521157e-05,1.47988146e-07,5.400458e-06,neutral
13:42:08,0.00117997476,0.998210251,0.0005828467,3.22859961e-07,2.89937043e-06,5.319846e-06,6.43893543e-08,1.83146258e-05,neutral
13:42:10,0.0023998844,0.9967823,0.00075078255,1.61662149e-06,6.814778e-06,1.838899e-05,2.04455517e-07,3.999073e-05,neutral
13:42:12,0.0008929931,0.9985967,0.0004850852,2.7877266e-07,1.6823177e-06,1.15727435e-05,8.033784e-08,1.156083e-05,neutral
13:42:14,0.0007148129,0.9990721,0.000189627433,2.265591e-07,1.3532856e-06,1.40527463e-05,5.81891832e-08,7.801923e-06,neutral
13:42:16,0.000769012142,0.9990531,0.0001700964,7.790184e-08,7.047331e-07,4.455053e-06,3.12944053e-08,2.52813061e-06,neutral
13:42:18,0.00266078184,0.9967504,0.000555235834,8.321578e-07,5.523169e-06,2.20612e-05,2.121886e-07,4.946453e-06,neutral
13:42:20,0.0006503857,0.9992554,8.65119946e-05,8.74472e-08,4.60305074e-07,5.79523476e-06,2.65710813e-08,1.33040339e-06,neutral
13:42:24,0.00235116482,0.997351,0.000276228559,4.820928e-07,2.618616e-06,1.00126726e-05,1.15817528e-07,8.396401e-06,neutral
13:42:26,0.005944876,0.993651032,0.000309854047,1.6386424e-06,8.310181e-06,7.601284e-05,1.46053321e-06,6.80718358e-06,neutral
13:42:28,0.004290417,0.9953995,0.000242646449,1.515039e-06,1.25113447e-05,4.91283135e-05,1.64664971e-06,2.68316558e-06,neutral
13:42:30,0.00555574568,0.993888557,0.000440278265,1.920297e-06,1.06935131e-05,9.651193e-05,1.464227e-06,4.85216333e-06,neutral
13:42:32,0.00291338051,0.9968775,0.000189099039,1.83334649e-07,3.14776821e-06,1.612545e-05,2.18041919e-07,3.69107823e-07,neutral
13:42:34,0.003519307,0.9963095,0.0001375535,2.24661946e-07,3.3851054e-06,2.93839112e-05,2.56806032e-07,3.75905131e-07,neutral
13:42:36,0.006665579,0.9931883,0.0001307445,2.82050536e-07,2.93814833e-06,1.10448054e-05,2.73642968e-07,8.148368e-07,neutral
13:42:38,0.0139685627,0.985329151,0.0002063162,1.76552555e-06,1.22356032e-05,0.000461601536,1.51237155e-05,5.253612e-06,neutral
13:42:40,0.0100719482,0.9896365,0.000199198,1.14452735e-06,9.393429e-06,7.724868e-05,1.94579661e-06,2.66666962e-06,neutral
13:42:42,0.0044801957,0.995197535,0.000270627468,9.553767e-07,8.3957575e-06,3.750808e-05,7.087877e-07,4.06872141e-06,neutral
13:42:44,0.09979482,0.899006963,0.0007970561,3.2900316e-05,3.20230247e-05,0.000295674225,1.14474469e-05,2.91049e-05,neutral
13:42:48,0.00516631035,0.993755758,0.0009746058,3.22724759e-06,1.60371019e-05,2.39897417e-05,5.37710434e-07,5.954371e-05,neutral
13:42:50,0.019685138,0.973470747,0.00508070458,0.0002514732,0.0002556029,0.00047998823,2.17249817e-05,0.000754597655,neutral
13:42:52,0.009220767,0.9894713,0.0011632815,1.30687131e-05,2.249478e-05,7.65667937e-05,3.37566053e-06,2.913246e-05,neutral
13:42:54,0.0276293065,0.971597254,0.0006270976,4.277874e-06,1.97996378e-05,0.000101580416,7.28881332e-06,1.33957246e-05,neutral
13:42:56,0.004873633,0.9946071,0.000478370726,5.10113637e-07,4.07776361e-06,2.86840441e-05,5.3400953e-07,7.07251047e-06,neutral
13:42:58,0.0108221667,0.988761246,0.000286847353,9.789291e-07,1.03952407e-05,0.000108828259,6.59233456e-06,2.96961321e-06,neutral
13:43:04,0.05660556,0.942498863,0.0004945881,2.21055034e-05,2.05912766e-05,0.000341559644,2.713872e-06,1.40445754e-05,neutral
13:43:06,0.00281233015,0.996860862,0.000225496886,4.424458e-07,3.11476651e-06,9.34059353e-05,7.1369243e-07,3.63182e-06,neutral
13:43:08,0.08683471,0.9126469,0.000349530426,3.059568e-05,9.127333e-06,0.000109147877,1.37245775e-06,1.86416837e-05,neutral
13:43:12,0.008094223,0.5726444,0.408564538,0.000377841847,0.0005639564,0.00127118023,4.8844704e-05,0.008435005,neutral
13:43:14,0.263000339,0.7347404,0.0007699289,0.0001338888,2.67659125e-05,0.00112092181,2.600667e-05,0.000181761017,neutral
13:43:18,0.0039394726,0.994621,0.000284098176,2.15301225e-06,8.190376e-06,0.0010516,1.89236725e-05,7.46086953e-05,neutral
13:43:20,0.114387214,0.8818938,0.0005296189,0.000125066072,2.84377984e-05,0.00278739631,4.02699e-05,0.000208172583,neutral
13:43:22,0.182280809,0.8138101,0.000271342724,0.0001290923,4.003603e-05,0.00335160852,4.78092225e-05,6.918358e-05,neutral
13:43:24,0.156539947,0.8370023,0.000462640251,0.000305600552,9.21196843e-05,0.005399353,0.000107015927,9.10673043e-05,neutral
13:43:28,0.00516686775,0.9940108,0.0002683578,6.47294837e-06,1.73741282e-05,0.0005052453,6.10371035e-06,1.877291e-05,neutral
13:43:30,0.005562177,0.9933627,0.0006310817,1.00250982e-05,4.9842627e-05,0.0003377254,6.18012564e-06,4.02407968e-05,neutral
13:43:32,0.122644924,0.8662703,0.0005700696,0.000112468741,0.000188723687,0.009969511,8.592051e-05,0.000158097726,neutral
13:43:34,0.2034497,0.790072262,0.001203596,0.000409009575,0.000822279137,0.00375193916,0.000165567151,0.000125648992,neutral
13:43:36,0.20157747,0.7930117,0.000659711834,0.000226113829,0.0007225175,0.00361942942,0.000102725848,8.030522e-05,neutral
13:43:38,0.147501558,0.844510853,0.0006946693,0.000392759655,0.00109257025,0.00563142542,0.00012274184,5.3403106e-05,neutral
13:43:40,0.252796322,0.7421911,0.0009836461,0.000442293065,0.00105560827,0.00241956278,7.698724e-05,3.45135377e-05,neutral
13:43:44,0.05823396,0.9325337,0.00198119273,0.0005856718,0.0006323305,0.00566189876,5.13232335e-05,0.000319918181,neutral
13:43:50,0.263173819,0.6980049,0.0284521133,0.00282638986,0.004045328,0.002095177,0.000323692773,0.00107861473,neutral
13:43:58,0.205707535,0.772785,0.0164442938,0.00115338655,0.0023575488,0.000768196536,5.80346168e-05,0.000725976366,neutral
13:44:02,0.337317735,0.642666042,0.012079074,0.002221045,0.00319671934,0.00109711208,0.00023975737,0.00118250644,neutral
13:44:06,0.248564631,0.7439192,0.002656723,0.00124320888,0.0011191885,0.00125106459,7.270502e-05,0.00117326749,neutral
13:44:08,0.265494764,0.7255957,0.003933533,0.0009281682,0.002196135,0.00146628381,0.00012649,0.0002589241,neutral
13:44:10,0.138551712,0.8341828,0.01956931,0.0009232641,0.002580695,0.000768038561,6.23744e-05,0.0033618412,neutral
13:44:14,0.111263417,0.822415531,0.03568586,0.00348849874,0.00104406732,0.00486279,0.0001010862,0.0211387761,neutral
13:44:16,0.0268977229,0.9402228,0.007944706,0.0005141935,0.000294162339,0.00066842424,9.437905e-06,0.0234485753,neutral
13:44:20,0.193782434,0.796586752,0.00295368233,0.0006365559,0.000815639331,0.003308674,0.000193488333,0.00172278064,neutral
13:44:28,0.392436177,0.606183469,0.000375768956,0.000116868752,0.0003039624,8.27075e-05,4.08501219e-05,0.000460201583,neutral
13:44:36,0.2651587,0.734493256,3.98127e-05,7.937959e-06,5.002726e-05,2.660131e-06,8.2792377e-07,0.000246799056,neutral
13:44:38,0.2260609,0.771832,0.000458537048,0.000260383,0.0002870415,7.524792e-05,1.31981542e-05,0.00101268967,neutral
13:44:40,0.2687722,0.7306161,0.0001177594,6.35083852e-05,0.0002483849,9.456564e-06,3.50134883e-06,0.00016909327,neutral
13:44:42,0.205762342,0.7934574,6.776691e-05,6.680032e-05,0.000199174232,0.000120408,1.616056e-05,0.000309934985,neutral
13:44:52,0.207455173,0.78894335,0.000565049646,0.000289088348,0.0009813235,0.00113380479,0.000100123543,0.000532091246,neutral
13:44:56,0.09177945,0.906139135,0.000189336191,4.78555266e-05,0.000220927875,0.000226521472,8.787799e-06,0.00138798554,neutral
13:44:58,0.194669917,0.801775753,0.0007411441,0.000325531815,0.00151430327,0.000416082883,2.382531e-05,0.0005334403,neutral
13:45:00,0.31204015,0.683944046,0.00151579559,0.0003815952,0.0009581215,0.000267248834,6.677698e-05,0.0008262848,neutral
13:45:04,0.210150585,0.7862612,0.001388735,0.000222567658,0.0005017917,0.000347166846,3.60965932e-05,0.00109187,neutral
13:45:06,0.144238591,0.853395164,0.0005819835,0.000186609381,0.0006515308,0.000210605227,1.47448163e-05,0.0007207745,neutral
13:45:08,0.326834261,0.6624586,0.006148702,0.0009760134,0.00270965719,0.000384325744,7.148744e-05,0.0004169438,neutral
13:45:10,0.170803383,0.82521385,0.00136650633,0.0001681488,0.000602230662,0.0004363653,3.98476841e-05,0.001369682,neutral
13:45:12,0.221236,0.766221941,0.005408646,0.00125003222,0.00181548321,0.000414802635,8.680899e-05,0.00356628164,neutral
13:45:14,0.282846242,0.7142316,0.00141264929,0.00022263921,0.0006093462,0.000154653913,3.818808e-05,0.000484655349,neutral
13:45:22,0.312425971,0.641643047,0.031234419,0.004539186,0.007748333,0.0007326623,0.000243732487,0.00143262371,neutral
13:45:24,0.2193666,0.7578046,0.0137138646,0.00118937471,0.00337834959,0.0009894192,0.0002667136,0.003291092,neutral
13:45:32,0.102692686,0.860778034,0.0031701182,0.0009241235,0.00153854478,0.000631520466,0.000113722745,0.0301512536,neutral
13:45:36,0.140266329,0.8377687,0.0033028496,0.0006988709,0.0011958878,0.000283557834,5.55778643e-05,0.0164282471,neutral
13:45:38,0.2848764,0.687825143,0.006464798,0.00199260772,0.0022600037,0.000359680038,0.000192414009,0.0160289221,neutral
13:45:42,0.110628329,0.872416854,0.00249113212,0.000927221263,0.0013638098,0.00103242591,0.000109702567,0.0110305483,neutral
13:45:44,0.244604275,0.7392992,0.00553752761,0.00207703235,0.00295595452,0.000712200941,0.000230314821,0.00458349241,neutral
13:45:52,0.118974544,0.8745756,2.999004e-06,2.17329284e-06,5.084187e-06,0.000640317332,7.13645341e-06,0.00579214143,neutral
13:45:54,0.140590578,0.8583601,2.21085838e-06,1.76947788e-06,6.70631471e-06,0.000760621857,1.66696736e-05,0.000261352572,neutral
13:46:00,0.07457923,0.9177205,6.4263113e-06,3.090679e-06,3.43182874e-05,9.098715e-06,8.38462e-07,0.00764652528,neutral
13:46:02,0.182694167,0.8126174,2.04104927e-05,2.61832083e-05,0.000105855579,0.00124886481,0.000145808313,0.003141269,neutral
13:46:04,0.0699051246,0.5496949,0.00232492783,0.000295248668,0.000235204279,0.0004148438,4.98953e-05,0.377079844,neutral
13:46:06,0.106841236,0.868461967,0.00428566476,0.00223619,0.00434978027,0.005410184,0.00133156276,0.00708340853,neutral
13:46:12,0.1365341,0.84057,0.00153951568,0.002152106,0.00545995729,0.01098428,0.000928263937,0.00183183281,neutral
13:46:18,0.168906271,0.8055055,0.000378531258,0.000959842466,0.00124511006,0.0194090083,0.0015724228,0.002023279,neutral
13:46:24,0.165887415,0.8301707,0.000311136944,0.000282840425,0.000588146853,0.00164128246,0.000148126492,0.00097037293,neutral
13:46:26,0.154509991,0.8391615,0.000408394844,0.0006751786,0.00104239548,0.00214813324,0.00018542727,0.00186898618,neutral
13:46:36,0.178137243,0.8155441,0.000776798755,0.00027091938,0.000169467836,0.00490609324,8.186774e-05,0.000113503083,neutral
13:46:38,0.10191974,0.8938611,0.00023893168,4.66640558e-05,2.55482937e-05,0.00362333748,4.78660622e-05,0.00023677948,neutral
13:46:40,0.132618576,0.85508585,5.15237552e-05,4.114607e-05,3.13160126e-05,0.0119215883,8.77661441e-05,0.0001622471,neutral
13:46:46,0.305476129,0.6811834,1.54217e-05,8.279997e-06,9.728515e-06,0.0131460652,0.000141073673,1.989768e-05,neutral
13:46:48,0.272758573,0.7146026,3.12398442e-05,1.194413e-05,1.31844336e-05,0.012341856,0.00020645019,3.41989253e-05,neutral
13:46:50,0.09026243,0.86962086,0.00110634137,0.00103138876,0.001226125,0.0357193872,0.000643145759,0.0003903176,neutral
13:46:52,0.100426011,0.8912967,0.00123871036,0.000866672955,0.002112405,0.00304790284,0.000168813654,0.0008427749,neutral
13:46:54,0.131241173,0.8373949,0.00208266824,0.00124046486,0.00363487471,0.023825489,0.000456475565,0.000123933612,neutral
13:46:56,0.07526233,0.910514057,0.0007926764,0.0005392536,0.00133655057,0.0113556106,9.38069352e-05,0.000105731415,neutral
13:46:58,0.00241359579,0.9968031,0.0005806025,3.88283934e-06,2.46119725e-05,0.0001632715,1.917114e-06,8.991784e-06,neutral
13:47:00,0.007013839,0.9870039,0.005337527,5.25413961e-05,0.00023046782,0.000337247184,1.49823245e-05,9.46722e-06,neutral
13:47:02,0.005696574,0.993648052,0.0005456742,3.72818272e-06,1.32488285e-05,8.46078838e-05,1.14566308e-06,6.944601e-06,neutral
13:47:04,0.00231714873,0.9964712,0.000974560564,4.39927453e-06,1.37717534e-05,0.000170944084,2.21200548e-06,4.5761295e-05,neutral
13:47:06,0.00211894582,0.9970983,0.0006195793,2.89682566e-06,1.17837817e-05,0.000125851875,1.14261945e-06,2.14998981e-05,neutral
13:47:08,0.00385665777,0.9953137,0.000572359364,2.83681516e-06,1.60380587e-05,0.000215855718,2.95579662e-06,1.961766e-05,neutral
13:47:10,0.00325890188,0.9962582,0.000392327638,1.25805207e-06,9.242654e-06,6.984435e-05,1.30865635e-06,8.904508e-06,neutral
13:47:12,0.00427150354,0.9950305,0.00060463784,2.89824948e-06,1.02964723e-05,6.94983755e-05,1.034221e-06,9.588567e-06,neutral
13:47:14,0.00231582532,0.997346759,0.000269117736,1.06464972e-06,4.02895876e-06,5.80588749e-05,4.474482e-07,4.70245732e-06,neutral
13:47:16,0.003225361,0.9962963,0.0003542398,1.69004227e-06,8.89836247e-06,0.000104001105,1.47036326e-06,8.061249e-06,neutral
13:47:18,0.0013140071,0.998330653,0.00027626002,7.44658564e-07,4.2769916e-06,6.537179e-05,4.775979e-07,8.227246e-06,neutral
13:47:20,0.00509497244,0.9935454,0.001025491,9.950164e-06,2.7913964e-05,0.000264930743,3.70905241e-06,2.76349965e-05,neutral
13:47:24,0.00440655975,0.9950727,0.000446117134,1.74320689e-06,6.773143e-06,6.341084e-05,5.50152663e-07,2.09943869e-06,neutral
13:47:30,0.002190902,0.995901644,0.000455570349,1.17329255e-05,1.85967983e-05,0.00137374073,1.19436336e-05,3.58637735e-05,neutral
13:47:32,0.0381811224,0.96106267,0.0005000873,3.100501e-05,7.024002e-06,0.000161956516,4.893789e-06,5.122168e-05,neutral
13:47:34,0.00328355283,0.996315,0.000340755418,1.43115528e-06,7.345661e-06,4.42929922e-05,4.37801759e-07,7.18573e-06,neutral
13:47:36,0.0391519852,0.9415359,0.0173164047,9.815618e-05,0.0001302868,4.24671271e-05,2.4070946e-06,0.00172238017,neutral
13:47:38,0.00555502856,0.994133651,0.000286781171,5.425497e-07,3.44979571e-06,1.53651617e-05,3.28022765e-07,4.827491e-06,neutral
13:47:40,0.00261561247,0.996804237,0.000371871021,1.45675256e-06,1.20392369e-05,0.000182186486,1.85253089e-06,1.07493161e-05,neutral
13:47:44,0.00212224456,0.9976225,0.0002053695,5.041515e-07,3.9628726e-06,4.154998e-05,1.847291e-07,3.69656618e-06,neutral
13:47:46,0.00122610468,0.998598754,5.91281241e-05,3.39012615e-07,4.00050931e-06,0.00010823489,6.872398e-07,2.722569e-06,neutral
13:47:49,0.00196952373,0.9978049,9.336466e-05,8.878798e-07,5.04854052e-06,0.0001215913,8.968222e-07,3.78953564e-06,neutral
13:47:50,0.00349711766,0.9953008,0.000567926036,1.12081261e-05,1.98883281e-05,0.000526930438,6.09950848e-06,7.002334e-05,neutral
13:47:52,0.005399266,0.993773341,0.000786267163,9.998486e-07,7.813251e-07,1.45483291e-05,3.50864582e-08,2.47770131e-05,neutral
13:47:54,0.637478,0.296834469,0.0466140956,0.00338092865,0.015293614,9.656292e-05,0.000118535434,0.00018379133,sadness
13:47:56,0.03174219,0.958865345,0.008867758,2.79069645e-05,4.258592e-05,3.280182e-05,3.19945616e-06,0.000418203679,neutral
13:47:58,0.0169258136,0.9726224,0.009279128,6.758478e-05,0.0003130362,8.560334e-05,9.34796753e-06,0.0006970638,neutral
13:48:04,0.008432722,0.990966856,0.000428350642,3.24371581e-06,1.004416e-05,0.000148084568,1.74657225e-06,8.93496053e-06,neutral
13:48:08,0.005535116,0.993667841,0.000517393637,3.75453919e-06,7.44186855e-06,0.000253139151,1.40792e-06,1.39175154e-05,neutral
13:48:10,0.00382708525,0.995619953,0.00046821055,1.285123e-06,5.479822e-06,6.151211e-05,4.1678328e-07,1.60300569e-05,neutral
13:48:12,0.00248106429,0.9974186,7.936097e-05,1.10016991e-07,1.77912352e-06,1.828074e-05,1.26497937e-07,7.08561629e-07,neutral
13:48:14,0.00339530152,0.9964331,0.000108856759,2.25819761e-07,2.93863627e-06,5.77728242e-05,4.42506519e-07,1.37982488e-06,neutral
13:48:16,0.0105572166,0.9884228,0.0006943213,4.895481e-06,1.85027529e-05,0.000228125034,3.56987971e-06,7.056303e-05,neutral
13:48:18,0.00646833843,0.989892244,0.00280284928,2.34421659e-05,6.528907e-05,0.0005469538,1.12490261e-05,0.0001896198,neutral
13:48:20,0.0604614839,0.929749131,0.00761019764,0.000217987676,0.000210317958,0.0006849328,6.392351e-05,0.001002011,neutral
13:48:22,0.00549673475,0.9941908,0.0001554834,2.601169e-06,4.830928e-06,0.000142786579,1.68564418e-06,5.05623575e-06,neutral
13:48:24,0.00842935,0.990757763,0.0004681242,9.874311e-06,1.61014941e-05,0.000300644751,3.30530429e-06,1.48442887e-05,neutral
13:48:26,0.007789814,0.9918075,0.000306197064,2.98111e-06,1.12863763e-05,7.416388e-05,1.17686739e-06,6.83945154e-06,neutral
13:48:28,0.0102223465,0.989715755,4.550901e-05,1.16462111e-07,1.66789357e-06,1.38894475e-05,2.78187e-07,4.50903485e-07,neutral
13:48:30,0.00348529778,0.9956899,0.000710525841,3.69967961e-06,1.4328959e-05,8.551893e-05,1.11420013e-06,9.567582e-06,neutral
13:48:32,0.0031706118,0.996214569,0.0005103817,2.75157277e-06,8.483236e-06,8.696598e-05,6.86834539e-07,5.535192e-06,neutral
13:48:34,0.008985799,0.990785062,0.000150756576,1.41152236e-06,1.08867243e-05,6.31651856e-05,1.20487755e-06,1.71146075e-06,neutral
13:48:36,0.007948595,0.9909551,0.0006041113,1.01946061e-05,4.88286169e-05,0.0004004769,1.10682513e-05,2.16066946e-05,neutral
13:48:38,0.004676751,0.994509339,0.0006528414,4.195702e-06,2.510799e-05,0.000117184951,2.41597877e-06,1.21643779e-05,neutral
13:48:40,0.004538301,0.988198936,0.0002949339,2.88564679e-05,0.00011509841,0.00637680572,0.000337547332,0.000109521,neutral
13:48:42,0.136628181,0.8503651,0.0004987564,5.65619848e-05,0.000112454545,0.0100249294,0.001859258,0.000454763416,neutral
13:48:44,0.0554383919,0.9339504,0.001316823,0.000109977416,0.000277762854,0.00790659152,0.000452179869,0.0005478415,neutral
13:48:46,0.00349158747,0.996444762,5.533117e-05,6.834849e-08,8.47935155e-07,7.142867e-06,5.60068081e-08,2.09097919e-07,neutral
13:48:48,0.0575716645,0.926310658,0.004012063,0.0009953498,0.000899995735,0.009061143,0.0008974331,0.00025166673,neutral
13:48:50,0.000874663,0.9973655,0.000482736359,1.24698081e-05,9.640098e-05,0.0009276846,2.02940737e-05,0.000220267932,neutral
13:48:56,0.08416359,0.873976469,0.00137012324,0.000213833948,0.00102448231,0.02734339,0.004825355,0.007082741,neutral
13:48:58,0.00523771532,0.985969067,7.536421e-05,5.796729e-06,2.97908537e-05,0.008362617,0.000307899259,1.1729453e-05,neutral
13:49:00,0.00248704082,0.9967879,5.10368445e-05,1.76945377e-05,8.339963e-06,0.0005692771,4.98081727e-06,7.36972943e-05,neutral
13:49:46,0.00366353034,0.9960607,0.00023948685,6.41665963e-07,4.381062e-06,2.96197431e-05,2.87227039e-07,1.310145e-06,neutral
13:49:52,0.009534859,0.9895424,0.0007509731,4.534983e-06,2.4402194e-05,0.000135648908,2.838147e-06,4.29828151e-06,neutral
13:50:04,0.00107194728,0.998758554,9.218173e-05,5.749313e-07,4.52171071e-06,6.063047e-05,2.64483515e-06,8.962786e-06,neutral
13:50:08,0.00589873455,0.991701543,0.000954644929,2.30988717e-05,5.3873e-05,0.00131686113,1.68750157e-05,3.437897e-05,neutral
13:50:10,0.00262350868,0.9966433,0.000551170029,2.4692738e-06,7.029679e-06,0.000155358517,7.013243e-07,1.64386311e-05,neutral
13:50:16,0.00707201473,0.992061555,0.000622188032,6.917503e-06,2.84407142e-05,0.000176753587,4.05545961e-06,2.80576278e-05,neutral
13:50:18,0.0107292514,0.9879453,0.00100116164,1.50991364e-05,3.00509073e-05,0.000243794173,6.17661271e-06,2.91353936e-05,neutral
13:50:20,0.008954065,0.990878046,0.000135726325,3.5843334e-07,3.20129357e-06,2.77175332e-05,4.69807475e-07,4.402654e-07,neutral
13:50:26,0.008086045,0.9914121,0.000482440984,9.3211213e-07,2.826412e-06,1.310724e-05,1.81949446e-07,2.3600694e-06,neutral
13:50:28,0.00214867853,0.997811,3.728376e-05,2.40476634e-08,4.64573731e-07,2.4476285e-06,2.08079456e-08,6.887804e-08,neutral
13:50:30,0.006375374,0.9935574,3.83648548e-05,6.14567455e-08,8.74573857e-07,2.72811922e-05,3.10364953e-07,3.38792461e-07,neutral
13:50:32,0.00600054068,0.9934565,0.000287535222,3.800177e-06,2.49251771e-05,0.0002164939,7.982277e-06,2.216852e-06,neutral
13:50:34,0.00620929059,0.993329763,0.000206542943,1.25585029e-06,5.73037e-06,0.000242506125,3.71567421e-06,1.21615824e-06,neutral
13:50:36,0.0379427671,0.9617279,0.0001933594,1.31558068e-06,3.70380963e-06,0.000126450977,2.80000882e-06,1.6806647e-06,neutral
13:50:38,0.033102572,0.966533959,0.00020583217,1.6778381e-06,8.947262e-06,0.000134608548,7.13495774e-06,5.28504552e-06,neutral
13:50:40,0.008777874,0.991157055,6.06179128e-05,6.201037e-08,1.35940093e-06,2.88133378e-06,7.09597643e-08,9.08999453e-08,neutral
13:50:42,0.0127551723,0.9871871,4.673889e-05,1.54662246e-07,2.31274885e-06,8.02454451e-06,2.12637275e-07,2.78658973e-07,neutral
13:50:44,0.0479127243,0.951079369,0.000855951,1.31748366e-05,3.51700214e-06,0.000131913373,1.39039855e-06,1.93577512e-06,neutral
13:50:46,0.09994028,0.805076659,0.04160441,0.00254252437,0.00226413226,0.04437776,0.00230895355,0.00188526965,neutral
13:50:48,0.102564029,0.8655553,0.030296566,0.00059330865,0.00081042177,0.000108332031,7.12252131e-06,6.490615e-05,neutral
13:50:54,0.199349016,0.7758285,0.022836227,0.0007996246,0.0009273508,0.000145909376,1.40532275e-05,9.934396e-05,neutral
13:50:56,0.0422627553,0.799604,0.00409780769,0.003386579,0.00167511334,0.141468778,0.00634564646,0.00115934038,neutral
13:51:10,0.0125351083,0.9869491,0.000468089071,1.75843525e-06,9.496751e-06,3.11382319e-05,8.96710446e-07,4.42239252e-06,neutral
13:51:12,0.004264304,0.995525241,8.752997e-05,5.66891856e-07,6.511896e-06,0.000111538619,2.49699224e-06,1.78343782e-06,neutral
13:51:26,0.008163826,0.991607,0.0002248829,1.30037151e-07,1.28736667e-06,2.60504e-06,4.66183678e-08,1.92547887e-07,neutral
13:51:28,0.00759362848,0.991865754,0.0005141162,1.08122538e-06,9.965984e-06,1.19138058e-05,2.9287213e-07,3.23609243e-06,neutral
13:51:30,0.004292837,0.995474637,0.0001970643,5.75472541e-07,4.089752e-06,2.952371e-05,2.16223683e-07,1.04682715e-06,neutral
13:51:32,0.00130530621,0.9980752,0.0005661732,4.73731916e-07,2.52569453e-06,4.6463163e-05,1.27213667e-07,3.74712977e-06,neutral
13:51:38,0.00114573864,0.9986561,0.000158248673,3.09209582e-07,2.54590714e-06,3.44558648e-05,1.71684675e-07,2.44789862e-06,neutral
13:51:40,0.00552564673,0.9938788,0.0005463112,1.32128025e-06,9.792667e-06,3.31331576e-05,3.71642159e-07,4.66921665e-06,neutral
13:52:24,0.00119743811,0.998599648,0.0001956491,7.560664e-08,3.47298027e-07,3.95419966e-06,7.38292671e-09,2.880192e-06,neutral
13:52:38,0.003041011,0.996940851,1.41370647e-05,1.09153042e-08,1.19264072e-07,3.82334474e-06,4.98509056e-09,1.97042347e-08,neutral
13:52:40,0.0011911731,0.998761058,2.2821554e-05,4.18901e-08,1.16989565e-06,2.362327e-05,4.27839844e-08,6.81680845e-08,neutral
13:52:44,0.005083695,0.9948619,3.13596356e-05,7.607444e-08,9.375114e-07,2.19682643e-05,4.59239118e-08,4.495619e-08,neutral
13:52:50,0.03871125,0.858738959,0.102207109,0.000118418626,0.000139409138,5.327314e-05,2.09800851e-06,2.95053578e-05,neutral
13:52:56,0.007837597,0.99169445,0.0001414456,8.942404e-07,5.548074e-06,0.000309875672,3.57442786e-06,6.59021043e-06,neutral
13:53:00,0.006681738,0.992746,0.000174041008,1.85281056e-06,1.19646584e-05,0.000373034738,5.819198e-06,5.561897e-06,neutral
13:53:02,0.0202104542,0.9796046,0.00011533605,9.48485e-07,7.678067e-06,5.76846069e-05,1.58674811e-06,1.69616442e-06,neutral
13:53:12,0.03796963,0.961816,6.001889e-05,2.81656952e-07,5.20858475e-06,0.000137395618,1.12910329e-05,1.39211338e-07,neutral
13:53:28,0.03128249,0.752454162,0.00113206555,0.000115751165,0.000823474256,0.0172020961,0.00274768518,0.1942423,neutral
13:53:44,0.00563241867,0.9777876,0.004751202,2.08591955e-05,3.157678e-05,0.000158553245,1.41515807e-06,0.0116163762,neutral
13:53:54,0.00156923593,0.9982204,0.000198154361,9.70112239e-08,1.01920511e-06,7.344816e-06,2.64602544e-08,3.74914748e-06,neutral
13:54:04,0.000968859647,0.9988518,7.11286557e-05,1.21416849e-06,1.73773719e-06,9.805079e-05,4.00062021e-07,6.81172924e-06,neutral
13:56:53,0.00745239342,0.985437155,0.00111286226,7.82778e-05,0.000135034352,0.00550004141,0.000126150422,0.000158108916,neutral
13:56:54,0.00483459653,0.9950733,7.703628e-05,1.32889411e-07,1.01269131e-06,1.35897253e-05,1.27569564e-07,1.72352586e-07,neutral
13:56:56,0.00514567364,0.994807363,4.27517e-05,2.74169949e-08,5.416782e-07,3.46702654e-06,2.67281965e-08,1.32161887e-07,neutral
13:56:58,0.002005215,0.997902,7.407408e-05,1.80472512e-07,1.31553429e-06,1.61784556e-05,7.5465536e-08,1.00342049e-06,neutral
13:57:00,0.004428754,0.995448768,9.762489e-05,4.43422238e-07,3.54801227e-06,2.04062671e-05,1.78792149e-07,2.808989e-07,neutral
13:57:02,0.00517060375,0.994733334,7.63636053e-05,1.65831082e-07,1.84245857e-06,1.71806223e-05,1.89187915e-07,2.99480519e-07,neutral
13:57:06,0.009966209,0.988969862,0.0009031561,1.03972552e-05,2.50927424e-05,0.000102770304,2.2847496e-06,2.02119463e-05,neutral
13:57:10,0.00712357648,0.992554963,0.000292704033,9.079203e-07,6.28656062e-06,1.97415211e-05,5.427896e-07,1.25028373e-06,neutral
13:57:12,0.0156016406,0.9840311,0.0002802532,2.86264867e-06,4.4323956e-06,7.259873e-05,2.14353418e-06,5.011185e-06,neutral
13:57:14,0.005179678,0.99465996,8.537589e-05,5.730844e-07,9.298818e-06,6.29371061e-05,1.55453392e-06,6.48491039e-07,neutral
13:57:18,0.0165676977,0.9831317,0.0002474687,1.1015245e-06,1.10870651e-05,3.88526751e-05,1.63011032e-06,4.73095184e-07,neutral
13:57:20,0.0217503924,0.9778805,0.000309461931,2.319525e-06,1.73720182e-05,3.61255479e-05,1.79414121e-06,2.05276024e-06,neutral
13:57:24,0.0432876647,0.955695033,0.000244321651,5.664295e-06,3.10922442e-05,0.0006637628,6.423732e-05,8.253125e-06,neutral
13:57:26,0.0139677161,0.9814226,0.000176152185,4.68865073e-06,3.46458255e-05,0.004170791,0.000207653837,1.57617669e-05,neutral
13:57:28,0.0112099526,0.987948358,0.00022221799,2.13478643e-06,2.74932627e-05,0.0005690815,1.66108748e-05,4.14947635e-06,neutral
13:57:32,0.0062097,0.9937345,5.042498e-05,6.050515e-08,6.990107e-07,4.006892e-06,5.434478e-08,5.983039e-07,neutral
13:57:36,0.06440126,0.935171,0.0003407858,3.56055239e-06,1.26874611e-05,6.434358e-05,2.96887629e-06,3.36746439e-06,neutral
13:57:38,0.0600006729,0.936821938,0.000414546463,4.30427281e-05,0.000157276576,0.00241411687,0.000108308726,4.00879544e-05,neutral
13:57:54,0.00699433871,0.99277246,0.000151623011,8.8945967e-07,4.337614e-05,3.502705e-05,1.0540698e-06,1.22493668e-06,neutral
13:58:14,0.00260238117,0.9972589,7.19538148e-05,2.82552577e-07,5.95613938e-06,5.938571e-05,4.19015379e-07,7.15624367e-07,neutral
13:58:24,0.00463587232,0.9951908,7.54419962e-05,4.27903274e-07,6.77677644e-06,8.901914e-05,9.0663525e-07,7.820546e-07,neutral
13:58:28,0.00224219169,0.997588456,8.102512e-05,5.17195133e-07,1.46875664e-05,7.168795e-05,5.39865653e-07,8.872505e-07,neutral
13:58:30,0.010338068,0.9888267,0.00033939624,5.864571e-06,4.80198869e-05,0.000421848439,6.7547935e-06,1.33414587e-05,neutral
13:58:40,0.0123453606,0.987384,0.000108534368,5.5205544e-07,7.45074476e-06,0.0001495646,2.34236677e-06,2.148505e-06,neutral
13:58:45,0.008138137,0.9862964,0.000149418091,1.87295234e-06,1.12648831e-05,0.005353269,3.30875519e-05,1.65327583e-05,neutral
13:58:50,0.007891463,0.9918003,0.000145594415,9.17433965e-07,7.46293e-06,0.0001415441,1.8852586e-06,1.08444247e-05,neutral
13:58:54,0.00410167,0.995797157,7.955345e-05,1.23260207e-07,1.7691749e-06,1.79875424e-05,2.30593315e-07,1.51188215e-06,neutral
13:59:00,0.02145465,0.9705969,0.000573866069,0.0001516802,0.0007167794,0.00580824772,0.000396431773,0.0003014525,neutral
13:59:10,0.00594291231,0.99397856,5.90480668e-05,1.69361329e-07,2.18593823e-06,1.60733453e-05,2.742585e-07,7.606045e-07,neutral
13:59:24,0.00245106127,0.997304857,0.000150835884,6.826897e-07,1.25797242e-05,7.739703e-05,7.421333e-07,1.84393025e-06,neutral
13:59:28,0.0131793339,0.9865925,0.000169443825,7.861472e-07,3.90970263e-06,5.17749249e-05,6.67130848e-07,1.63666618e-06,neutral
13:59:30,0.00527601875,0.99274385,0.000160175114,1.39566791e-05,0.000135121983,0.0016003442,5.610527e-05,1.4407623e-05,neutral
13:59:35,0.011339128,0.9883705,0.000133153328,1.13482349e-06,8.075445e-06,0.000137017632,5.0017693e-06,6.004287e-06,neutral
13:59:36,0.0166943874,0.983024538,0.0001627207,1.45641286e-06,1.36186554e-05,9.20854e-05,4.206272e-06,7.00299961e-06,neutral
13:59:38,0.013237277,0.9858306,0.000475278619,7.679292e-06,5.215563e-05,0.00036291813,1.01770192e-05,2.38964458e-05,neutral
13:59:43,0.0174954757,0.976536632,0.001074864,0.000158365641,0.000715167553,0.00349479634,0.000224533258,0.000300175161,neutral
14:04:36,0.3984255,0.599787354,0.000655216048,2.3698225e-05,9.19129743e-05,0.000774339656,0.000221054128,2.09185982e-05,neutral
14:24:12,0.0148389125,0.9779091,0.0061075585,8.607019e-05,0.000223533279,0.000170417843,5.091256e-06,0.000659311947,neutral
14:24:24,0.00105630234,0.378122419,0.00871757,0.00112363254,0.00139829132,0.008729267,0.00017451134,0.600678,happiness
14:24:27,0.000709574,0.998779237,0.000435684167,8.589928e-07,1.28140573e-05,2.17101042e-05,1.88077635e-07,3.995545e-05,neutral
14:24:31,0.00317868474,0.993629456,0.00141726935,2.76739684e-05,8.09812e-05,0.00117539463,1.64214471e-05,0.000474107743,neutral
14:24:36,0.00312778028,0.9957875,0.000705932151,5.39686425e-06,4.65602971e-05,0.000226906923,9.008822e-06,9.090973e-05,neutral
14:24:42,0.00393700274,0.9956311,0.000235730229,1.263325e-06,9.44137446e-06,0.000171025866,2.50720382e-06,1.19505285e-05,neutral
14:24:47,0.00287229777,0.996621251,0.000286594848,3.09304482e-06,1.77163984e-05,0.00017364895,2.62987919e-06,2.279156e-05,neutral
14:24:52,0.008254338,0.9877991,0.00101593,3.39906474e-05,0.000112742215,0.00256073033,8.527338e-05,0.000137884839,neutral
14:24:57,0.015563027,0.9759186,0.001428271,6.512933e-05,0.000259788154,0.006401298,0.000213182953,0.0001507093,neutral
14:25:02,0.0343082175,0.9262896,0.002443593,1.33268895e-05,4.67726168e-05,0.035698995,0.000840528461,0.000358929625,neutral
14:25:06,0.05450454,0.85017246,0.0006360241,9.776613e-06,5.3020387e-05,0.09333431,0.00114980328,0.000140063887,neutral
14:25:11,0.0451844,0.892642,0.0004194593,1.336709e-05,5.171327e-05,0.0602368154,0.00103704573,0.000415185728,neutral
14:25:17,0.316988349,0.6735784,0.002643016,7.125065e-05,0.0002700361,0.00452455925,0.00172755285,0.000196827314,neutral
14:25:21,0.0204125922,0.976833344,0.000410361827,6.174794e-06,6.78682554e-05,0.00214002,0.000116192692,1.34445609e-05,neutral
14:25:26,0.0197840072,0.82318157,0.0850757957,4.804997e-05,4.513076e-05,0.07040807,0.0007562238,0.0007011451,neutral
14:25:31,0.007511691,0.9859903,0.00595636433,1.11462905e-05,8.93054239e-05,0.000384444,1.51997619e-05,4.15889845e-05,neutral
14:25:42,0.007566213,0.9904436,0.000335838151,1.03539487e-05,5.552738e-05,0.00154015992,8.551517e-06,3.97744843e-05,neutral
14:35:42,0.0115739359,0.984827,0.000182478339,7.042561e-06,5.53588579e-05,0.003165164,0.000168025188,2.100484e-05,neutral
14:35:47,0.0264933985,0.9709343,0.00036692922,6.669706e-06,3.5786692e-05,0.00200200872,0.0001238519,3.70927264e-05,neutral
14:35:51,0.146064177,0.8500804,0.00196505454,0.0002597148,0.000206130382,0.00128625613,7.28959058e-05,6.538274e-05,neutral
14:35:57,0.03010151,0.9696433,0.000210536164,4.821714e-07,3.24239977e-06,3.65315173e-05,9.607504e-07,3.413095e-06,neutral
14:36:02,0.00722517259,0.992521942,0.000203815842,6.46989747e-07,6.334375e-06,4.026652e-05,6.35359868e-07,1.1946903e-06,neutral
14:36:06,0.0233747121,0.974416,0.000924675551,3.00199754e-05,0.000102894,0.000969994755,6.84150946e-05,0.0001132713,neutral
14:36:11,0.0280246548,0.968462765,0.000704853563,2.21124083e-05,5.56200721e-05,0.0025237347,0.000167459541,3.877423e-05,neutral
14:36:17,0.0324314237,0.9659275,0.0006978928,2.21979244e-05,8.183596e-05,0.0007552802,5.58458232e-05,2.80603235e-05,neutral
14:36:22,0.0192271732,0.980686843,5.68326468e-05,1.68983092e-07,1.78311677e-06,2.636172e-05,3.711105e-07,4.53703024e-07,neutral
14:36:28,0.00329797738,0.99645406,0.0002132052,4.52284581e-07,1.09482216e-05,2.1556898e-05,4.44725941e-07,1.370145e-06,neutral
14:36:31,0.0417396426,0.9579394,0.00022689272,1.441045e-06,1.92779535e-05,6.729951e-05,2.51356028e-06,3.51744529e-06,neutral
14:36:37,0.009942747,0.989931,8.781717e-05,1.92148022e-07,7.081801e-06,2.96960843e-05,8.450749e-07,6.2938534e-07,neutral
14:36:43,0.242117569,0.7372731,4.75435772e-05,4.73878345e-06,7.401003e-06,0.019894056,0.000648410234,7.20322851e-06,neutral
14:36:47,0.116581194,0.80842936,0.000112056296,3.48160647e-05,3.41983869e-05,0.0721113,0.00267918059,1.78722439e-05,neutral
14:36:52,0.0829295143,0.8343408,0.000318491046,2.71269655e-05,5.80876622e-05,0.08030333,0.0018486128,0.000174032379,neutral
14:36:57,0.188850924,0.8037106,0.000142881865,2.12778359e-05,4.43540921e-05,0.006437323,0.000661657657,0.0001309703,neutral
14:37:02,0.482441485,0.5039269,0.000218185945,3.410006e-05,0.000127292471,0.0104380613,0.00276819128,4.58424656e-05,neutral
14:37:06,0.002073986,0.996349156,0.000182314965,2.12995178e-06,2.63723869e-05,0.0013524777,6.10847246e-06,7.48261527e-06,neutral
14:37:12,0.00482982863,0.994845,0.000206202123,9.643976e-07,2.28619083e-05,9.1824375e-05,1.19494484e-06,2.13407475e-06,neutral
14:37:17,0.0317266658,0.9679345,0.000262584916,9.385684e-07,1.383503e-05,5.37321466e-05,2.34412983e-06,5.41172e-06,neutral
14:37:22,0.0271395,0.97125566,0.000316889782,5.90583841e-06,1.8222343e-05,0.00116155145,6.515225e-05,3.71000533e-05,neutral
14:37:27,0.0211423412,0.9774782,0.0005809635,9.735293e-06,3.392544e-05,0.000622463063,3.85714557e-05,9.38054145e-05,neutral
14:37:32,0.048512686,0.949975848,0.000346724,4.018453e-06,2.07773264e-05,0.00101517711,5.51595731e-05,6.958873e-05,neutral
14:37:37,0.0336824171,0.965404034,0.000201650619,5.50990671e-06,3.03362958e-05,0.000602158834,3.985137e-05,3.40341248e-05,neutral
14:37:41,0.06929442,0.927844346,0.000427672116,8.602276e-06,4.71806779e-05,0.00226711342,9.043511e-05,2.02388146e-05,neutral
14:37:47,0.006661085,0.9925319,0.000149962041,1.72933289e-06,2.281254e-05,0.0006096286,6.40396274e-06,1.64673984e-05,neutral
14:37:52,0.187671825,0.8101537,0.000125818275,4.29702e-06,1.49770622e-05,0.00193184824,8.901981e-05,8.514374e-06,neutral
14:37:57,0.0120291868,0.9858629,0.00185792788,1.41302044e-05,8.89540752e-05,0.000104097679,4.28497833e-06,3.85158128e-05,neutral
14:38:02,0.0175334681,0.9823208,7.402101e-05,3.571603e-07,5.390407e-06,6.236226e-05,1.54070563e-06,2.05575475e-06,neutral
14:38:07,0.0230973922,0.976094067,0.000753480766,2.67804626e-06,2.19172853e-05,2.69184384e-05,1.48268589e-06,2.06843924e-06,neutral
14:38:11,0.1343092,0.7312171,0.0180602428,0.000632127048,0.0005750502,0.108314864,0.00677151931,0.000119914024,neutral
14:38:18,0.0278866589,0.9704182,0.000300199055,1.37168454e-05,7.53509e-05,0.001204332,9.738028e-05,4.174562e-06,neutral
14:38:21,0.00142340688,0.99782294,0.0007243669,7.41549343e-07,2.32931643e-06,2.3184095e-05,1.70815312e-07,2.83871555e-06,neutral
14:38:27,0.003172995,0.995902956,0.00066201156,4.769586e-06,2.42599181e-05,0.000222127928,1.449905e-06,9.456606e-06,neutral
14:38:31,0.005079146,0.994576633,0.000139582829,1.141836e-06,1.34613356e-05,0.000185393612,2.602903e-06,2.065363e-06,neutral
14:38:37,0.0101810927,0.987547,0.0008295167,2.075328e-05,6.571946e-05,0.00118943641,4.7049085e-05,0.000119440541,neutral
14:38:41,0.006605542,0.993077159,0.000141050783,6.039704e-07,3.4893792e-06,0.0001664716,1.71192278e-06,3.96240239e-06,neutral
14:38:47,0.0196093637,0.9792222,0.000360803155,9.015473e-06,2.80485474e-05,0.0007206796,1.87878159e-05,3.11307558e-05,neutral
14:38:51,0.00384997344,0.9958121,9.83527352e-05,1.01343346e-06,6.570999e-06,0.000225564916,2.96392318e-06,3.4253685e-06,neutral
14:38:57,0.022595,0.9757168,0.000207100093,2.25640747e-06,4.8687e-05,0.00138573465,4.2466203e-05,1.90265689e-06,neutral
14:39:02,0.04228219,0.9556072,0.000198743262,1.38174312e-06,1.70230887e-05,0.00181627332,7.636557e-05,8.41505368e-07,neutral
14:39:07,0.0165655334,0.9824803,0.000240464346,4.245312e-06,5.36420557e-05,0.0006236338,2.77479849e-05,4.43528052e-06,neutral
14:39:11,0.000509986363,0.9983731,7.855878e-05,5.98246459e-07,2.950598e-06,0.00103237049,8.147666e-07,1.63870686e-06,neutral
14:39:22,0.0172155574,0.9825842,0.000137834286,1.37241807e-06,1.43773668e-05,4.320808e-05,2.3615537e-06,1.13523822e-06,neutral
14:39:28,0.00644882955,0.9927603,0.000571651559,3.59783553e-06,3.00671345e-05,0.000165792764,3.497206e-06,1.62496362e-05,neutral
14:39:33,0.014264009,0.985298038,0.000268685719,2.33573337e-06,1.74146771e-05,0.000132148038,7.870503e-06,9.496682e-06,neutral
14:39:36,0.0239596833,0.9756486,0.000294456549,4.396751e-06,1.21727671e-05,7.091518e-05,3.03692059e-06,6.77490652e-06,neutral
14:39:43,0.00619951729,0.993629336,0.000113905378,6.720417e-07,6.69492238e-06,4.48130377e-05,1.54393319e-06,3.49390416e-06,neutral
14:39:46,0.008601458,0.9897735,0.000176398738,3.68892256e-06,1.3633683e-05,0.00137879362,3.30117873e-05,1.95115517e-05,neutral
14:39:52,0.0270301159,0.969763935,0.000425333,1.60619911e-05,0.000107108281,0.00253440929,9.66901061e-05,2.63559232e-05,neutral
14:39:57,0.0218320061,0.9736234,0.000405345345,1.36309436e-05,7.099687e-05,0.003999871,4.93596526e-05,5.390163e-06,neutral
14:40:06,0.00337702665,0.9933948,0.0012508817,1.11786112e-05,1.79050185e-05,0.000432116765,1.23017207e-06,0.00151485228,neutral
14:40:12,0.09374893,0.499628454,0.00115215755,5.72362042e-05,0.000150100008,0.40244177,0.002783414,3.79650555e-05,neutral
14:40:17,0.1354204,0.581400037,0.0008845761,7.907567e-05,0.000206020617,0.2780475,0.003844201,0.0001181913,neutral
14:40:22,0.0324441753,0.9658162,0.000332333671,4.823916e-06,4.32292e-05,0.00120372069,0.000138616844,1.689174e-05,neutral
14:40:27,0.0476171263,0.9444512,0.00157502515,3.183365e-05,0.000225108481,0.00485965237,0.0009524828,0.000287573464,neutral
14:40:46,0.0121196518,0.9790469,0.00162049534,0.000107960768,0.000144275269,0.00671169534,0.000136232033,0.000112781025,neutral
14:40:52,0.002280608,0.9973083,0.00037881016,4.902908e-07,2.4585388e-06,2.77377567e-05,2.01652171e-07,1.352121e-06,neutral
14:40:57,0.002261439,0.9974332,0.000289864722,4.736485e-07,1.57002808e-06,1.1641634e-05,6.101121e-08,1.75175353e-06,neutral
14:41:02,0.008805124,0.990799963,0.000321429048,1.59755245e-06,1.22928668e-05,5.341958e-05,1.870837e-06,4.27639725e-06,neutral
14:41:07,0.00220030313,0.99731946,0.000471318053,4.059632e-07,2.7459846e-06,4.310493e-06,2.69767142e-08,1.41795113e-06,neutral
14:41:12,0.01829376,0.981035,0.0005243297,3.69869872e-06,2.62544927e-05,0.000100585225,7.32487e-06,9.061014e-06,neutral
14:41:16,0.03666926,0.9559903,0.000332995,2.49120012e-06,1.27564708e-05,0.00689648464,8.72633245e-05,8.426689e-06,neutral
14:41:21,0.0285536647,0.970236838,0.000745062542,8.429124e-06,3.5314406e-05,0.0003989653,1.52429238e-05,6.493539e-06,neutral
14:41:26,0.008219909,0.989075661,0.000695765833,2.153655e-05,9.502462e-05,0.00184765924,3.685118e-05,7.62183436e-06,neutral
14:41:32,0.03315393,0.9634873,0.00147114822,6.279437e-06,3.42601634e-05,0.00179854257,4.44727266e-05,4.02506066e-06,neutral
14:41:37,0.01150553,0.9869813,0.0007697984,1.89465318e-05,7.31832042e-05,0.00061015354,2.276326e-05,1.83375323e-05,neutral
14:41:42,0.0817651749,0.8500226,0.029471444,0.00808700547,0.00353196729,0.0210248027,0.004515607,0.00158136745,neutral
14:41:47,0.0253603552,0.963888764,0.006198787,0.000331175484,0.000281408284,0.00364603265,0.000157869,0.000135579627,neutral
14:41:54,0.0457730033,0.9485015,0.00241967174,0.00018153977,9.54047136e-05,0.00273294537,0.0001632949,0.000132608,neutral
14:42:02,0.012658787,0.9859426,0.000899609644,1.62148845e-05,7.15920251e-05,0.000375395233,1.32818459e-05,2.2497501e-05,neutral
14:42:32,0.02569538,0.883133054,9.96904855e-05,2.00832346e-06,1.47944256e-05,0.0905217752,0.0004980191,3.52943534e-05,neutral
14:42:38,0.06871301,0.910794854,0.002712313,2.71421468e-05,9.353264e-05,0.0160323661,0.00142443611,0.00020232184,neutral
14:42:42,0.0108742686,0.9865008,0.00244818442,1.38630639e-05,3.30198163e-05,9.848387e-05,1.72518332e-06,2.96792186e-05,neutral
14:42:56,0.0174649339,0.980013669,0.00101874152,6.473202e-05,0.000208058729,0.00105253421,4.67734753e-05,0.000130539745,neutral
14:43:02,0.0151709635,0.9249738,0.00198242045,1.1932043e-05,2.67032356e-05,0.05699345,0.0007491226,9.16453e-05,neutral
14:43:07,0.0162467547,0.813765645,0.000850593846,1.90704941e-05,6.957293e-05,0.166163161,0.00211518956,0.0007700042,neutral
14:43:12,0.0214340147,0.8342654,0.00122694392,2.36758e-05,6.357763e-05,0.142003283,0.000857084233,0.000126021725,neutral
14:43:16,0.0280122515,0.7391456,0.00210067444,5.42667949e-05,0.0001405926,0.2281901,0.00212313118,0.000233413826,neutral
14:43:41,0.0210442152,0.968914568,0.00275229337,0.000130066866,0.000156090653,0.00662036566,0.000192596286,0.000189827842,neutral
14:44:07,0.004469547,0.992531061,0.0006747131,2.11705683e-05,5.27484226e-05,0.00198138715,5.92933e-05,0.000210083541,neutral
14:44:12,0.106281281,0.8425477,1.31375336e-05,1.12032239e-06,1.00771956e-06,0.0483168364,0.00282880175,1.01096211e-05,neutral
14:44:16,0.0005305439,0.998889565,0.000291213539,8.959889e-07,6.12872145e-06,0.000240735681,1.31136721e-06,3.96045252e-05,neutral
14:44:22,0.00177132117,0.9973974,0.000373137766,3.25787869e-06,1.18849557e-05,0.000424364436,2.42660667e-06,1.62057222e-05,neutral
14:44:26,0.00383207854,0.994681537,0.001028875,9.782797e-06,1.603671e-05,0.000407535932,4.924995e-06,1.92060634e-05,neutral
14:44:32,0.0024431143,0.997355,0.000134783128,7.690419e-07,3.51948165e-06,6.173011e-05,3.23316954e-07,8.01842759e-07,neutral
14:44:38,0.00162849086,0.992562056,0.000100228135,3.21956145e-06,1.01876185e-05,0.0056885574,4.348736e-06,2.93738231e-06,neutral
14:44:42,0.0004947006,0.9994577,2.4967836e-05,2.804818e-08,1.02804063e-06,2.13361727e-05,7.783148e-08,1.31529461e-07,neutral
14:44:46,0.002268554,0.9947504,0.00113062386,9.568623e-06,1.853605e-05,0.00179049163,1.16932833e-05,2.01524927e-05,neutral
14:44:52,0.001996914,0.9979401,4.43664248e-05,1.34981931e-07,8.145111e-07,1.66521713e-05,1.7215325e-07,8.526273e-07,neutral
14:44:57,0.00286479644,0.997009,5.710497e-05,4.00631563e-07,9.299949e-06,5.56568339e-05,2.88959677e-06,8.608986e-07,neutral
14:45:02,0.00260583218,0.9971558,0.000105645959,1.48655261e-06,9.283754e-06,0.0001142789,3.96661335e-06,3.69256145e-06,neutral
14:45:07,0.002907733,0.9969929,6.03029657e-05,4.240283e-07,4.558108e-06,3.27594e-05,8.143855e-07,5.353211e-07,neutral
14:45:12,0.00308939628,0.996506,0.000264758448,7.61570448e-07,1.42651277e-06,0.0001358111,1.30941123e-06,5.902925e-07,neutral
14:45:17,0.002001681,0.9977671,0.00015705853,6.037644e-07,5.390704e-06,6.381386e-05,3.28643182e-07,4.03574131e-06,neutral
14:45:21,0.0104652168,0.9872088,0.00193396618,3.291196e-05,3.72675422e-05,0.000287108269,5.918565e-06,2.88320352e-05,neutral
14:45:26,0.0043710717,0.993702531,0.00163179939,2.364391e-05,2.080674e-05,0.000171643667,1.66876146e-06,7.681037e-05,neutral
14:45:32,0.00252213259,0.997369766,3.76670323e-05,1.83259075e-07,1.39831127e-06,6.802469e-05,4.22883915e-07,4.20055841e-07,neutral
14:45:36,0.07112855,0.5835194,0.3060229,0.00545381475,0.01328834,0.00024170721,4.99723974e-05,0.02029529,neutral
14:45:41,0.152180791,0.795316041,0.03773549,0.00133192074,0.0118183019,0.000905342051,0.000345513,0.000366591325,neutral
14:45:47,0.00682713557,0.98864156,0.00193345489,5.28859237e-05,4.76421337e-05,0.00244166516,1.14445411e-05,4.41944176e-05,neutral
14:45:52,0.00226455228,0.9975326,5.259144e-05,4.6353523e-07,4.48719038e-06,0.0001434927,1.06530933e-06,7.611157e-07,neutral
14:45:57,0.00510458928,0.9940281,0.000249886216,3.08973745e-06,1.40546581e-05,0.0005862302,1.24215876e-05,1.62521724e-06,neutral
14:46:07,0.0088588,0.9870528,0.00022471846,5.72875751e-06,8.988897e-05,0.003575144,0.0001903897,2.553307e-06,neutral
14:46:12,0.0188930966,0.9518891,0.00047139026,6.04030065e-05,0.000371600356,0.024405174,0.00275321235,0.001156001,neutral
14:46:17,0.00107819808,0.9944538,0.0035507034,5.966989e-06,7.69268154e-05,0.000818729051,1.11921181e-05,4.49024947e-06,neutral
14:46:22,0.0207633078,0.978897,0.00013089148,3.25632271e-07,1.05197878e-05,0.000184831777,1.2771332e-05,3.47649461e-07,neutral
14:46:27,0.11042206,0.8876441,4.07911248e-05,1.02556794e-06,8.47561e-06,0.00170897355,0.000173447523,1.13479757e-06,neutral
14:46:32,0.117347144,0.877213538,3.72828144e-05,1.19844037e-06,4.982171e-06,0.00516163,0.00023059934,3.62712035e-06,neutral
14:46:37,0.00440970249,0.848941743,5.98074548e-05,2.46295667e-06,0.000101331163,0.1406964,0.005786757,1.76553851e-06,neutral
14:46:42,0.174324647,0.8051962,0.000244522,5.30038551e-06,7.949312e-06,0.01206948,0.00124283019,0.00690903561,neutral
14:46:46,0.04554886,0.9065192,0.00102856813,5.17271219e-05,0.000121319077,0.02801133,0.00196790113,0.01675112,neutral
14:46:52,0.0237924624,0.9105301,0.000584996247,4.01355e-05,8.20338246e-05,0.0324243158,0.0016976865,0.0308482815,neutral
14:46:57,0.00240854523,0.9936136,0.003583414,5.79976268e-06,1.35409618e-05,6.613857e-05,3.49818123e-07,0.0003086044,neutral
14:47:02,0.01572344,0.9840314,8.43209855e-05,3.78570064e-07,5.7581783e-06,0.000149963016,3.618342e-06,1.13065846e-06,neutral
14:47:06,0.329804152,0.6691773,1.34648126e-05,4.90470768e-07,7.38141671e-06,0.0005356622,0.00040508862,5.643115e-05,neutral
14:47:12,0.05936643,0.9404222,4.71632666e-05,7.58802457e-07,1.98480975e-05,0.000135440147,7.28796067e-06,9.15440637e-07,neutral
14:47:17,0.00234921346,0.997439742,0.000164601559,3.96188028e-07,8.224201e-06,3.213049e-05,5.05292235e-07,5.159882e-06,neutral
14:47:22,0.0233888011,0.9741381,0.000741830736,7.04516e-06,5.695627e-05,0.00164344884,2.17737979e-05,2.08137e-06,neutral
14:47:27,0.04724755,0.9519392,0.000145123064,7.02660964e-06,9.503798e-05,0.0004992768,5.62920322e-05,1.04415785e-05,neutral
14:47:32,0.0102020558,0.989557743,0.0001585697,1.06383459e-06,1.45194508e-05,6.348964e-05,1.76089191e-06,7.71445457e-07,neutral
14:47:37,0.007622537,0.9917847,0.000513945764,3.472523e-06,2.39416113e-05,4.656138e-05,6.723132e-07,4.19983e-06,neutral
14:47:42,0.008630289,0.990697861,0.0005518843,3.91470348e-06,2.316318e-05,8.156581e-05,1.1803362e-06,1.01358955e-05,neutral
14:47:47,0.00301391468,0.9967707,0.000197727,4.61434382e-07,3.360317e-06,9.368326e-06,7.228043e-08,4.41897464e-06,neutral
14:47:52,0.0108845243,0.9879775,0.0009168114,1.21767316e-05,6.845491e-05,9.067418e-05,2.08901429e-06,4.776198e-05,neutral
14:47:57,0.0117583787,0.987878859,0.00024917163,4.75039042e-06,3.929705e-05,6.607833e-05,1.02106344e-06,2.43677573e-06,neutral
14:48:02,0.0141288741,0.9852892,0.000114933,2.44880039e-06,3.031281e-05,0.000417965668,1.53904966e-05,8.40387543e-07,neutral
14:48:07,0.004381338,0.9955617,2.950856e-05,4.630067e-08,2.72998955e-06,2.43346385e-05,2.372244e-07,6.08165251e-08,neutral
14:48:12,0.007317133,0.9926278,4.20647448e-05,5.30203934e-08,3.09648021e-06,9.658324e-06,1.14788556e-07,1.07494216e-07,neutral
14:48:17,0.009529372,0.990392447,5.52270831e-05,8.286587e-08,2.85234455e-06,1.94831682e-05,3.06955258e-07,2.20593691e-07,neutral
14:48:22,0.0106470995,0.989320338,2.74647282e-05,2.00283932e-08,1.481955e-06,3.476464e-06,7.28008658e-08,3.99109155e-08,neutral
14:48:32,0.0126245217,0.987317145,4.69211082e-05,1.34411351e-07,2.96850726e-06,7.553648e-06,2.04373535e-07,5.569517e-07,neutral
14:48:47,0.3064242,0.692098856,0.000161497228,2.19729623e-06,7.145032e-06,0.000968429,0.0002303944,0.000107295295,neutral
14:48:52,0.2982005,0.7008511,0.000154827532,1.38984774e-06,7.10900349e-06,0.0005188064,8.40994762e-05,0.000182157441,neutral
14:49:02,2.10937742e-06,2.79913475e-05,2.847434e-07,4.159289e-06,4.65916e-06,2.802479e-05,6.41412441e-07,0.9999321,happiness
14:49:07,0.02718723,0.970660746,0.000808472454,4.20580946e-05,0.0005177965,0.0005269688,0.000151521162,0.000105216408,neutral
14:49:11,0.0778400451,0.920511961,0.000652426039,1.93798442e-05,0.00021341721,0.0005207153,0.000202851355,3.92108341e-05,neutral
14:49:17,0.491207,0.506520748,0.0002884548,2.425698e-05,0.000124503538,0.00103642035,0.0007956657,2.937339e-06,neutral
14:49:22,0.0141259888,0.985328555,0.000296336773,7.6638355e-07,6.79311461e-06,0.000226715361,1.17683394e-05,3.04695914e-06,neutral
14:49:27,0.0396686681,0.9601768,6.08836053e-05,4.23563534e-07,1.17559357e-05,6.358363e-05,1.44657033e-05,3.37392521e-06,neutral
14:49:32,0.0144027956,0.984882057,0.0005246298,1.87249479e-05,0.0001004855,6.387454e-05,3.01053842e-06,4.421893e-06,neutral
14:49:37,0.11770609,0.8792668,0.000925275264,4.00171448e-05,0.0006742154,0.00103171926,0.0003444915,1.13636506e-05,neutral
14:49:57,0.205182344,0.7906883,9.794075e-06,1.469821e-06,3.394292e-05,0.00104298454,0.002968796,7.238291e-05,neutral
14:50:06,0.0246693715,0.9621323,0.0125751765,4.38942079e-05,7.18507945e-05,0.000282017718,2.67902124e-05,0.000198642738,neutral
14:50:12,0.00323979044,0.9917863,0.00305365981,4.75924135e-05,0.0005029295,0.00122427975,9.80089462e-05,4.741347e-05,neutral
14:50:17,0.0554945022,0.940823853,0.000727872131,8.507066e-06,8.213252e-05,0.00229129638,0.000519916939,5.19353744e-05,neutral
14:50:22,0.126412719,0.8437201,0.0211677123,0.0008007229,0.000304576475,0.00620133942,0.000553370162,0.0008395058,neutral
14:50:27,0.3209222,0.6780272,0.0004576297,1.30929366e-05,2.69335578e-05,0.0004461752,7.66046142e-05,3.01394812e-05,neutral
14:50:32,0.224758059,0.773451865,0.000230940655,6.164569e-06,2.36781325e-05,0.00139557174,0.000102636572,3.10682663e-05,neutral
14:50:37,0.06525514,0.876163661,0.0549650639,0.000120883589,0.000152704248,0.000379859615,2.704309e-05,0.0029356482,neutral
14:50:42,0.005854355,0.992042243,0.0007290405,9.499552e-06,3.187748e-05,0.00127917889,2.32352613e-05,3.0590505e-05,neutral
14:50:47,0.0534413233,0.9432667,0.0001241705,3.712293e-06,4.76975474e-05,0.00121769356,0.000548763259,0.00134997885,neutral
14:50:52,0.20735316,0.7923063,0.000231332931,3.4078405e-06,2.06116965e-05,7.993554e-05,4.01376337e-06,1.20637844e-06,neutral
14:50:56,0.005677665,0.9940495,0.000194378721,5.47248e-07,4.68645476e-06,7.123988e-05,6.253059e-07,1.34557854e-06,neutral
14:51:02,0.00736549729,0.992370367,0.000141650031,1.00603575e-06,3.414619e-05,8.160042e-05,3.95370353e-06,1.77856271e-06,neutral
14:51:07,0.0256101936,0.970829546,0.000714516442,2.32349776e-05,0.000370436755,0.00217907014,0.000267736759,5.27161455e-06,neutral
14:51:12,0.0120775644,0.987783253,9.327328e-05,4.73473222e-07,2.241776e-05,2.10584112e-05,1.57546958e-06,3.61082641e-07,neutral
14:51:17,0.0235723183,0.976148069,0.000128442989,2.13751241e-06,4.95071872e-05,9.233508e-05,5.899779e-06,1.26600435e-06,neutral
14:51:22,0.0110208066,0.988493443,0.000132996778,1.7746919e-06,6.193495e-05,0.000274457125,1.39846434e-05,6.1202e-07,neutral
14:51:32,0.3628371,0.6270752,0.000157391885,5.373088e-05,0.000300344866,0.00620785169,0.0026072287,0.0007611878,neutral
14:51:37,0.2581044,0.7003471,0.0002322056,0.00011006758,0.000255147141,0.0176799837,0.0173861887,0.005884845,neutral
14:51:46,0.250064284,0.7480428,0.000142822624,1.64644425e-05,0.000237961111,0.0007586689,0.000633756164,0.00010326445,neutral
14:51:52,0.1469966,0.8365001,0.000285454676,3.04273053e-05,5.183476e-05,0.0137173505,0.002248326,0.000169899024,neutral
14:52:02,0.183084443,0.807840347,9.136511e-06,1.14973159e-06,1.1429127e-05,0.00500918226,0.0038203476,0.000223994459,neutral
14:52:12,0.0228704,0.976561546,0.00048186176,4.3842183e-06,1.09753519e-05,5.93551667e-05,2.50324638e-06,8.989554e-06,neutral
14:52:17,0.008521116,0.9903975,0.000437277718,5.060744e-06,6.2209554e-05,0.0002704152,3.55751654e-05,0.000270846736,neutral
14:52:22,0.00406047236,0.995854855,6.23184e-05,1.10958652e-07,1.926858e-06,1.89773855e-05,1.89519014e-07,1.14531588e-06,neutral
14:52:27,0.00399027765,0.99564445,0.000193542088,1.4883534e-06,8.750601e-06,0.00014965389,9.630542e-07,1.09002112e-05,neutral
14:52:32,0.0123486035,0.9870276,0.000223264447,1.74414117e-06,1.51241475e-05,0.000373091869,7.953587e-06,2.624506e-06,neutral
14:52:36,0.005041219,0.994746149,0.00017243129,6.32931858e-07,1.07199421e-05,2.73181049e-05,8.59205159e-07,6.922605e-07,neutral
14:52:42,0.00772075448,0.990675569,0.00148314133,3.430911e-06,1.28990941e-05,9.316676e-05,2.81533562e-06,8.193957e-06,neutral
14:52:47,0.005716757,0.994003,0.000196721187,1.28772581e-06,1.02707445e-05,6.67103959e-05,1.434243e-06,3.836389e-06,neutral
14:52:52,0.008076185,0.991337,0.0003367347,3.28486249e-06,2.48973447e-05,0.000206921541,6.45242244e-06,8.506759e-06,neutral
14:52:56,0.00625702227,0.9933503,0.0001734935,1.388451e-06,1.10932478e-05,0.0001980727,4.589557e-06,4.02484875e-06,neutral
14:53:02,0.00963583,0.990051866,0.0001962347,1.84408907e-06,1.52314906e-05,9.41093749e-05,3.02307012e-06,1.8320535e-06,neutral
14:53:07,0.003064906,0.9965902,0.000165348334,7.901809e-07,9.682205e-06,0.000163079152,2.66877646e-06,3.3228032e-06,neutral
14:53:12,0.0312240459,0.967895031,0.000671924,8.535108e-06,4.67858627e-05,0.0001428362,1.02762551e-05,5.704712e-07,neutral
14:53:17,0.000319331855,0.990138769,0.0005333836,9.445892e-06,2.67004034e-05,0.008814887,3.65951314e-06,0.000153794477,neutral
14:53:22,0.000732201734,0.9985032,0.000123293736,3.92909e-07,3.09701841e-06,0.000631163653,1.86725583e-06,4.785105e-06,neutral
14:53:26,0.127076522,0.817624867,7.28567966e-06,7.445942e-07,9.001848e-06,0.0403512456,0.0139568308,0.000973487,neutral
14:53:32,0.123973295,0.7603612,2.07457833e-05,4.456586e-06,3.999793e-05,0.09634511,0.0157268122,0.003528388,neutral
14:53:37,0.006871147,0.9926767,0.0004081989,1.53283327e-06,9.714412e-06,2.95786267e-05,8.67571032e-07,2.26728275e-06,neutral
14:53:42,0.03574591,0.9633194,0.000718817464,1.03900065e-05,4.941314e-05,0.0001396314,1.00590905e-05,6.342882e-06,neutral
14:53:47,0.0250299517,0.974151134,0.0006810019,6.97063e-06,7.156437e-05,5.078014e-05,4.105199e-06,4.47232924e-06,neutral
14:53:51,0.236303657,0.7626775,0.000721526449,5.16895125e-05,3.74023039e-05,0.000165099438,1.92223069e-05,2.390043e-05,neutral
14:53:57,0.0313664563,0.9682344,0.000240563531,3.249654e-06,1.49990155e-05,0.000130597182,7.28107671e-06,2.45216756e-06,neutral
14:54:02,0.0516728424,0.9477846,0.000345171575,5.283369e-06,2.7509439e-05,0.000152254943,1.007067e-05,2.26102134e-06,neutral
14:54:07,0.030933246,0.9676445,0.0006267027,2.30744481e-05,2.87976272e-05,0.0007068809,2.947717e-05,7.31373666e-06,neutral
14:54:12,0.06601149,0.9328935,0.000525349169,2.03737673e-05,4.83254626e-05,0.0004581976,3.86203865e-05,4.1148196e-06,neutral
14:54:17,0.09950782,0.8992291,2.84681282e-05,6.016128e-08,6.17043952e-07,0.00103240809,0.000193900516,7.607746e-06,neutral
14:54:22,0.00342283584,0.9964,0.000121500256,2.61388834e-07,2.30944374e-06,5.033239e-05,7.339645e-07,2.02487968e-06,neutral
14:54:27,0.246587545,0.752890944,0.000432896952,5.69475833e-06,1.66855189e-05,6.110414e-05,1.47752132e-06,3.67183634e-06,neutral
14:54:42,0.002501773,0.9972681,0.000154563619,5.83827045e-07,6.78663628e-06,6.64083e-05,3.76951363e-07,1.407303e-06,neutral
14:54:46,0.0255480669,0.692289948,0.00265893177,4.64953446e-05,8.49354255e-05,0.2769655,0.0021291282,0.000276993873,neutral
14:55:27,0.00354685471,0.9947884,0.000563773036,1.03688433e-06,9.594886e-06,0.00107789051,3.48264825e-06,8.93422748e-06,neutral
14:55:32,0.0223738141,0.9750599,0.0006199829,1.80060451e-05,3.97735967e-05,0.00176019082,0.000103873892,2.44308612e-05,neutral
14:55:37,0.0025067504,0.9970704,0.000338288344,6.84738e-07,3.53886367e-06,7.711745e-05,3.46503015e-07,2.92345362e-06,neutral
14:55:42,0.0473424979,0.942159832,4.87383077e-05,6.957801e-06,2.95460013e-05,0.009547222,0.0008386366,2.65855815e-05,neutral
14:55:47,0.004967315,0.991753936,0.00270120776,1.24954095e-05,5.95548736e-05,0.000405561761,6.20197943e-06,9.372997e-05,neutral
14:55:52,0.0252473783,0.9740334,0.00059814105,2.33621654e-06,1.87677415e-05,6.82219252e-05,2.96068788e-06,2.87914354e-05,neutral
14:55:57,0.03976991,0.958587348,0.000634414959,2.69389352e-06,1.52496086e-05,0.0009630722,2.23015886e-05,4.98194049e-06,neutral
14:56:02,0.04895588,0.949602664,0.000408171531,2.6788382e-06,2.27668679e-05,0.0009507085,4.74125e-05,9.732511e-06,neutral
14:56:08,0.04760807,0.951768339,0.000206188066,1.05767606e-06,5.263715e-06,0.0003972189,8.224179e-06,5.610639e-06,neutral
14:56:12,0.075973995,0.9189239,0.000213491818,2.27191276e-06,1.26134291e-05,0.00454394752,0.000169461578,0.000160311756,neutral
14:56:17,0.05632471,0.9361364,2.213222e-05,1.72427633e-06,1.48597483e-05,0.007100334,0.00032815864,7.16403156e-05,neutral
14:56:22,0.00150214171,0.9957268,0.00193634082,1.58971434e-05,0.000109878434,0.0006453869,7.303887e-06,5.62167261e-05,neutral
14:56:27,0.0127319731,0.9817418,0.00163720082,4.600949e-05,0.0001787304,0.00347615639,0.000120847646,6.727249e-05,neutral
14:56:32,0.0158571377,0.9793647,0.00438475376,4.58509239e-05,5.96895443e-05,0.0002282707,1.00011084e-05,4.962189e-05,neutral
14:56:37,0.02759461,0.970404863,0.000825220137,8.45214254e-06,1.30915842e-05,0.001050636,2.078439e-05,8.2327344e-05,neutral
14:56:42,0.00425833371,0.9306958,0.009472788,4.099345e-05,2.43242557e-05,0.000164374156,2.32868479e-06,0.0553411134,neutral
14:56:51,0.00280550262,0.9912338,0.000124193117,2.50832836e-05,0.0003529622,0.00482493,0.000176450048,0.0004570302,neutral
