13:39:46,0.00289423531,0.8465769,0.008716111,0.00058770075,0.0005532037,0.00721284933,0.000150684355,0.1333083,neutral
13:39:50,2.54707277e-08,1.38962582e-06,1.676259e-07,5.374331e-07,1.160026e-07,6.644139e-07,2.419629e-08,0.9999971,happiness
13:39:52,0.000818673463,0.00160929654,0.00102542376,0.007838587,0.0499619655,0.0008480801,0.007416303,0.9304817,happiness
13:39:54,0.00469029276,0.917575955,0.0033880414,0.00523492,0.001483373,0.052054856,0.00349587947,0.0120767076,neutral
13:39:56,0.025151914,0.784589469,0.03599212,0.000670413254,0.000205907243,0.00269090384,0.000379594974,0.1503197,neutral
13:39:58,0.011478859,0.89978987,0.009316658,0.009317261,0.00337560219,0.0263933316,0.00616993243,0.0341585055,neutral
13:40:00,0.0253231749,0.9457004,0.013418097,0.000459791,0.000670766633,0.00241718278,0.000257883454,0.0117526855,neutral
13:40:02,0.0207077079,0.844379067,0.0155714545,0.009804847,0.008093208,0.0670005158,0.0161738023,0.0182693657,neutral
13:40:04,0.0295879543,0.9181021,0.0109397369,0.002307306,0.00232703518,0.0297956541,0.004110751,0.00282945717,neutral
13:40:06,0.008983477,0.979140341,0.004350033,0.000303438515,0.0006573445,0.00385705219,0.000214883446,0.00249341084,neutral
13:40:08,0.005028493,0.953979135,0.00319810957,0.00150622043,0.0005880471,0.0156393554,0.00106590276,0.0189947151,neutral
13:40:10,0.009251266,0.79983896,0.00329721253,0.00241215178,0.00115809846,0.167073414,0.0108786486,0.00609025825,neutral
13:40:14,0.0118177487,0.9467183,0.00639850739,0.00168596138,0.002055984,0.0182028618,0.0024471127,0.0106735555,neutral
13:40:16,0.00570313027,0.9626507,0.00433276268,0.00227264338,0.0009918648,0.01590235,0.001281895,0.006864615,neutral
13:40:18,0.02088273,0.9549411,0.007136582,0.0016569338,0.001313642,0.00689621828,0.000676385534,0.006496426,neutral
13:40:20,0.01747971,0.958021045,0.00462037232,0.000730360567,0.000554676051,0.009930265,0.0008233158,0.007840249,neutral
13:40:22,0.07699563,0.913170636,0.00501506543,0.0005058418,0.00284544029,0.0011177751,0.000116562951,0.000233027313,neutral
13:40:24,0.0548706241,0.934985757,0.004120182,0.000225084441,0.000751394953,0.0037550407,0.000333323929,0.000958570046,neutral
13:40:26,0.06760519,0.9069713,0.006524307,0.00091924984,0.00169103662,0.0108944541,0.0018991289,0.00349536515,neutral
13:40:28,0.0770846456,0.8908223,0.006234785,0.0006957093,0.0008717674,0.0154403085,0.00241514621,0.00643536728,neutral
13:40:36,0.122588076,0.849160254,0.0165623687,0.00109919626,0.002674122,0.00318744988,0.0008208618,0.003907681,neutral
13:40:38,0.0925156251,0.8797039,0.0147336433,0.0009393893,0.00291732117,0.005093331,0.0008763155,0.0032204953,neutral
13:40:40,0.06375124,0.91676116,0.00749920961,0.0005249683,0.00139841437,0.007341688,0.0009391322,0.00178420718,neutral
13:40:42,0.0438647829,0.9288863,0.0124267545,0.001345932,0.00186696008,0.004200156,0.000729175634,0.006679952,neutral
13:40:44,0.0632121,0.764616668,0.03961435,0.0006777885,0.00058570056,0.00105694891,0.0002732685,0.129963189,neutral
13:40:46,0.0346389972,0.9447792,0.008995728,0.00117057,0.00139829924,0.00670822058,0.00114514085,0.00116384216,neutral
13:40:48,0.0217583645,0.9496565,0.0102282213,0.00148077554,0.000993503,0.009254,0.00105537707,0.005573284,neutral
13:40:50,0.00232783426,0.986546934,0.00266454159,0.000152392473,0.000205066084,0.00542880548,0.000167888022,0.0025065355,neutral
13:40:52,0.0129936477,0.980119169,0.00448412076,0.000137806579,0.000880404434,0.0009190606,6.544741e-05,0.000400360761,neutral
13:40:54,0.0281610675,0.957581341,0.009643464,0.0002512513,0.0009798041,0.002690013,0.000235331987,0.000457746151,neutral
13:40:56,0.2046368,0.75821805,0.0077389176,0.00151066226,0.0013759695,0.0204131268,0.0035405,0.002565974,neutral
13:40:58,0.0301321354,0.9636506,0.00455804449,0.000154987021,0.0005368914,0.00059715024,4.514614e-05,0.000325054076,neutral
13:41:00,0.0282761063,0.8017537,0.0122145554,0.00308016688,0.00104976457,0.0564191863,0.0159466378,0.0812599,neutral
13:41:02,0.0822719,0.888784,0.0144932549,0.0012846858,0.004018848,0.00450694375,0.00109893386,0.003541446,neutral
13:41:06,0.07265069,0.8389837,0.0351201221,0.00168999436,0.00189614738,0.00173635909,0.0006165866,0.0473063663,neutral
13:41:08,0.05651803,0.84644115,0.06930673,0.0004395529,0.0008684054,0.00184843491,0.0003702875,0.0242074225,neutral
13:41:10,0.0163883753,0.9482793,0.0110559734,0.0008684966,0.00254458166,0.009699805,0.00180215493,0.009361265,neutral
13:41:14,0.02898914,0.94141525,0.0195745379,0.0002731898,0.000225389434,0.0007025498,9.580083e-05,0.008724163,neutral
13:41:16,0.028294947,0.9606356,0.0074934545,0.000119727585,0.000476759917,0.00144985458,0.000178357863,0.00135130482,neutral
13:41:18,0.00489400467,0.8871589,0.00197009859,0.000921337341,0.000329511036,0.07684199,0.00539982831,0.022484336,neutral
13:41:20,0.007248209,0.951118648,0.004670477,0.002742554,0.00141615933,0.0154322907,0.002247775,0.0151238907,neutral
13:41:22,0.008437274,0.951906145,0.0044618384,0.00255511259,0.00216562743,0.0178621523,0.00225852476,0.01035334,neutral
13:41:24,0.0266588517,0.9388674,0.0132802008,0.0009866236,0.00129224022,0.004091532,0.0008154909,0.0140076652,neutral
13:41:26,0.03535416,0.9359125,0.0142588532,0.000471029052,0.000522913353,0.00138068548,0.000273900136,0.0118259545,neutral
13:41:28,0.01074014,0.9791514,0.005683737,0.00020893183,0.0002123119,0.00130872265,0.000120868586,0.00257384079,neutral
13:41:30,0.05694688,0.9034389,0.03503611,0.0005155611,0.00138846308,0.00137856218,0.0002586487,0.00103682408,neutral
13:41:32,0.07853736,0.68828994,0.0707999,0.02866882,0.003014128,0.0388949476,0.0222773384,0.06951757,neutral
13:41:34,0.00297639682,0.121356644,0.013829465,0.00135300891,0.000373156683,0.0033222225,0.000902311353,0.8558868,happiness
13:41:36,0.0254239924,0.943638563,0.007229244,0.000501143746,0.000187201586,0.0215689968,0.00127487932,0.000175993846,neutral
13:41:38,0.026101673,0.947656155,0.0113469251,0.00135890732,0.00265399972,0.008999745,0.0011578399,0.000724727055,neutral
13:41:50,0.04694119,0.9008627,0.0222943965,0.00206585159,0.000605837849,0.00682160631,0.00247857766,0.0179298259,neutral
13:41:52,0.1402339,0.7804258,0.0128547437,0.00302762538,0.0031890173,0.001480219,0.0006591179,0.0581295751,neutral
13:41:58,0.0518680364,0.931512,0.0129828723,0.000313436583,0.0008914462,0.0006566233,0.000172331856,0.001603228,neutral
13:42:00,0.0346367955,0.945204,0.01339187,0.0002924155,0.000397421565,0.00389647973,0.0009019994,0.00127902,neutral
13:42:02,0.0288571585,0.9539925,0.0124146836,0.00029013952,0.000386085158,0.00321471575,0.000395057752,0.000449668383,neutral
13:42:04,0.00773423072,0.9845372,0.00553161371,8.84206456e-05,0.000228219433,0.00155445316,0.00010428697,0.000221573253,neutral
13:42:06,0.0511200838,0.9257671,0.0186763946,0.00063175644,0.000937807257,0.002018461,0.00036332733,0.0004850538,neutral
13:42:08,0.0296713226,0.943769157,0.008475776,0.0007018096,0.004955063,0.007304019,0.002845836,0.00227702269,neutral
13:42:26,0.0304504186,0.9606647,0.0014147457,0.00013463822,0.000101883154,0.005600905,0.00149696216,0.0001357672,neutral
13:42:28,0.217006058,0.755572855,0.0105158817,0.002272207,0.0114552537,0.000404200517,0.000224461415,0.002549082,neutral
13:42:32,0.284457266,0.681911767,0.0165422,0.0008977098,0.00227541942,0.000835373357,0.000229427736,0.0128508424,neutral
13:43:18,0.00147572171,0.975429356,0.0005053942,4.23147249e-05,6.40352737e-05,0.0210100412,0.00116851693,0.00030463,neutral
13:43:20,0.0064597507,0.9422234,0.00652408274,0.000624356733,0.000531622849,0.0346637331,0.00262836926,0.006344657,neutral
13:43:24,0.012348487,0.846152544,0.004665377,0.00153428758,0.000935791642,0.121832542,0.008147239,0.00438370276,neutral
13:43:26,0.02444936,0.9571102,0.00641249865,0.000560245768,0.00104868214,0.00337928138,0.00100130483,0.006038376,neutral
13:43:28,0.0184266288,0.950716853,0.002358001,0.0002497937,0.000201007584,0.023179207,0.00472316053,0.000145375816,neutral
13:43:30,0.006582019,0.985498667,0.0031299626,0.000139990661,0.000131372173,0.00292120455,0.000257432141,0.00133934454,neutral
13:43:32,0.009395497,0.980891645,0.005878828,0.000192838954,0.000277735759,0.00219923537,0.0002992325,0.0008650061,neutral
13:43:34,0.007682577,0.9816931,0.004699123,0.000216470959,0.0001416357,0.00374376052,0.000515428546,0.00130794186,neutral
13:43:36,0.09168189,0.874695,0.0207527075,0.0009161484,0.000848450232,0.005907283,0.00280440622,0.002394135,neutral
13:43:40,0.009161707,0.97925967,0.00713776471,0.000129967215,0.000184249831,0.00201635784,0.000229651036,0.00188063923,neutral
13:43:42,0.00124280376,0.9650923,0.009361884,0.00019885636,0.000211518447,0.00572504848,5.06794822e-05,0.0181169268,neutral
13:43:44,0.01901525,0.933742166,0.00774236023,0.00173681148,0.0008337422,0.0281603187,0.00124530646,0.007524017,neutral
13:43:46,0.00162879669,0.9905185,0.005718446,6.142461e-05,0.0001255883,0.0007815514,2.461911e-05,0.00114107446,neutral
13:43:48,0.0014755032,0.9976307,0.000738976465,3.53649921e-06,3.68236251e-05,9.074491e-05,7.762589e-06,1.59133142e-05,neutral
13:43:50,0.00617314829,0.9863629,0.00703552971,1.18815742e-05,9.376381e-05,5.12372135e-05,7.671877e-06,0.000263865455,neutral
13:43:52,0.0522843227,0.9423936,0.00350499,0.0001343719,0.000562044268,0.0004407978,6.265726e-05,0.000617196551,neutral
13:43:54,0.005236566,0.9392188,0.02885445,0.00127803872,0.000711581961,0.00167883222,0.000110946305,0.0229107384,neutral
13:43:56,0.006826066,0.9815662,0.0105243726,0.000156248265,3.25019355e-05,0.000496994646,1.02150616e-05,0.000387382577,neutral
13:43:58,0.001836813,0.9968953,0.0009521376,7.746842e-06,1.79290346e-05,0.00011812192,5.81562244e-06,0.000166141355,neutral
13:44:00,0.00181007688,0.9966995,0.00108034129,9.762834e-06,2.37587956e-05,0.000227090262,1.03412713e-05,0.000139122843,neutral
13:44:02,0.00538400048,0.991407037,0.00262728264,1.32482646e-05,3.6644924e-05,0.000308057381,4.687002e-05,0.000176864021,neutral
13:44:04,0.006601631,0.6049915,0.0602633134,0.0002604085,0.00015697327,0.000206461482,2.2616603e-05,0.3274971,neutral
13:44:06,0.00292590167,0.9864575,0.00192660221,0.000123765945,0.000190090432,0.00662210537,0.000260031025,0.00149399112,neutral
13:44:08,0.00743680028,0.984937966,0.00590624427,8.248801e-05,0.000268939446,0.000538351247,5.595616e-05,0.000773242558,neutral
13:44:10,0.00619242154,0.983742535,0.00470045349,0.000252818631,0.000635157,0.00302489242,0.000542934635,0.0009088006,neutral
13:44:14,0.01969969,0.9344658,0.0114054931,0.0008942619,0.006155625,0.00365968584,0.00111958885,0.0225998126,neutral
13:44:18,0.0202274881,0.946810961,0.020471,0.0005707104,0.00110834267,0.00152692012,0.000191810861,0.009092774,neutral
13:44:22,0.004529941,0.9932922,0.00162272539,2.80688128e-05,7.709636e-05,0.000362114224,3.755399e-05,5.027446e-05,neutral
13:44:24,0.00633455,0.9843177,0.00656207372,0.000124216822,0.000270348479,0.001822302,0.000175396111,0.000393402,neutral
13:44:26,0.0042684935,0.986393869,0.005626679,0.0001249187,0.000356068049,0.00270891213,0.0001448422,0.0003762299,neutral
13:44:28,0.00202995935,0.9857684,0.0003640287,3.396136e-05,7.880846e-05,0.0113520008,0.0003606568,1.218062e-05,neutral
13:44:32,0.00283584977,0.9275694,0.005220579,0.00179800892,0.0005661356,0.0514439121,0.002338685,0.008227415,neutral
13:44:34,0.002420054,0.9863642,0.00475322548,7.055205e-05,0.000168885046,0.00194594078,8.466181e-05,0.004192507,neutral
13:44:36,0.00517208176,0.9728009,0.0125990072,0.000212353028,0.0005831035,0.004688227,0.000376340671,0.00356797245,neutral
13:44:38,0.00125611015,0.997116148,0.000939452555,1.08761087e-05,0.000105818617,0.0003406699,1.69294435e-05,0.000214015672,neutral
13:44:40,0.0071560787,0.9357636,0.00462919,0.002285576,0.001029962,0.0147982566,0.0022026985,0.0321346633,neutral
13:44:42,0.0127895111,0.986393869,0.000668425229,2.51247479e-06,2.79916185e-05,6.534205e-05,1.73679309e-05,3.498569e-05,neutral
13:44:44,0.006094084,0.9639139,0.00346426037,0.000390423083,0.000466737227,0.0110877473,0.000627342844,0.0139554851,neutral
13:44:46,0.001899591,0.9964942,0.00110416929,5.96352038e-06,8.773849e-05,0.000106100822,6.62061e-06,0.0002956397,neutral
13:44:48,0.0134540368,0.951588869,0.006770704,0.00154936186,0.00194435648,0.0147164455,0.003247687,0.00672851643,neutral
13:44:50,0.0111714434,0.9728521,0.00669642864,0.00028176108,0.0008919014,0.00364510017,0.0008180505,0.003643206,neutral
13:44:52,0.0180960409,0.964727461,0.009230019,0.000397061638,0.002278263,0.00175294257,0.0004777981,0.00304043852,neutral
13:44:54,0.0132789612,0.972484767,0.00337549346,0.0004741829,0.00157098426,0.00685155671,0.00126887276,0.0006951788,neutral
13:44:56,0.0136268474,0.9706902,0.005741805,0.000761603,0.003590684,0.00377383269,0.000601536,0.00121347548,neutral
13:45:00,0.0262244679,0.9639746,0.00414119335,0.000394187926,0.0006007657,0.00226432947,0.000298879633,0.002101609,neutral
13:45:02,0.1300242,0.858542,0.007992393,0.000216005443,0.00147772941,0.0008919105,0.0005217075,0.000334022741,neutral
13:45:04,0.008184794,0.9731519,0.00385114644,0.0003727222,0.00348849385,0.008868511,0.001244282,0.0008381276,neutral
13:45:06,0.009500879,0.9816708,0.003213957,0.000245572766,0.0011632879,0.00324938679,0.000429696753,0.0005264263,neutral
13:45:08,0.0166595951,0.9555486,0.0137620512,0.001162817,0.004029078,0.005883366,0.0005978298,0.002356676,neutral
13:45:10,0.0283417478,0.938548,0.00950723048,0.001748263,0.00560498843,0.0100580649,0.00115899346,0.00503271,neutral
13:45:12,0.016941255,0.9713601,0.006112897,0.000317598257,0.001100322,0.00258720852,0.0005556169,0.0010250262,neutral
13:45:14,0.025972005,0.964300454,0.00629875669,0.0002243107,0.000531603349,0.00124884688,0.000327843183,0.00109616644,neutral
13:45:16,0.0331745073,0.9543313,0.00755871041,0.0003038889,0.0008445763,0.0024578725,0.0006208373,0.0007083548,neutral
13:45:22,0.006354323,0.9728936,0.0103411693,0.000229608122,0.000300420856,0.00298296683,0.000193520988,0.00670437,neutral
13:45:26,0.00430391,0.9831662,0.009827575,4.96171742e-05,0.0004008868,0.00116927864,0.000188070786,0.0008944196,neutral
13:45:28,0.02062235,0.956688046,0.01763785,0.000117045951,0.0006996966,0.00233085221,0.0008423982,0.00106175966,neutral
13:45:30,0.0100443838,0.970316947,0.016175719,0.000142717821,0.000771882944,0.00127839774,0.000234079416,0.0010358548,neutral
13:45:32,0.00509196054,0.984610856,0.008818935,3.402107e-05,0.00026940988,0.000237332482,2.616793e-05,0.00091133063,neutral
13:45:34,0.0194441229,0.962698042,0.0163369384,8.515726e-05,0.000466734782,0.0004942534,0.000111001835,0.000363732,neutral
13:45:36,0.0136865331,0.974042237,0.00966948,0.000174971792,0.0005576386,0.00102200452,0.000176377085,0.0006707444,neutral
13:45:38,0.006977764,0.980833232,0.0110238921,4.35525653e-05,0.000401821075,0.0002777738,3.30671319e-05,0.000408868,neutral
13:45:40,0.0190523453,0.961052954,0.0186270326,6.269957e-05,0.0006018582,0.000209794351,4.95947133e-05,0.0003437418,neutral
13:45:44,0.0160617586,0.9733517,0.008991718,8.905125e-05,0.00078140886,0.0004537213,6.714137e-05,0.000203463176,neutral
13:45:46,0.0195561219,0.968172133,0.00673699239,0.000387763284,0.00149012753,0.00255642273,0.0006288883,0.000471561245,neutral
13:45:50,0.0187114645,0.946382642,0.01495737,0.00130873278,0.0108514782,0.00203654217,0.000357707118,0.005394059,neutral
13:46:34,0.0168425683,0.976421833,0.0051559764,8.154964e-05,0.000152864173,0.0007461257,8.15732856e-05,0.000517495966,neutral
13:46:36,0.0119584929,0.984974265,0.00226634159,3.03665056e-05,6.54661053e-05,0.000499130867,4.860418e-05,0.000157323535,neutral
13:46:40,0.0116922837,0.984342158,0.003442922,4.24085156e-05,9.34556956e-05,0.000225547308,1.340057e-05,0.000147850122,neutral
13:46:42,0.0203569848,0.9734767,0.00515793124,0.000118058895,0.000446182326,0.000249714823,3.89414927e-05,0.000155499263,neutral
13:46:44,0.009869592,0.9843142,0.004807615,9.667968e-05,0.000427232735,0.000217561639,1.60418585e-05,0.000251069985,neutral
13:46:46,0.00268582231,0.992574751,0.00396323,3.0777046e-05,0.000310961652,0.0001920268,9.850415e-06,0.000232558174,neutral
13:46:48,0.0104422765,0.9717783,0.0155782625,9.106707e-05,0.0008169917,0.000478474249,3.98346e-05,0.000774802756,neutral
13:46:50,0.0475102849,0.9433688,0.008368902,7.230652e-05,0.000320190768,0.000220322821,4.531796e-05,9.389661e-05,neutral
13:46:52,0.00619387859,0.985751033,0.00711600063,3.6864094e-05,0.00018694441,0.000322657521,2.293773e-05,0.0003697086,neutral
13:46:54,0.006071575,0.9850977,0.00745339366,3.482913e-05,6.207377e-05,0.000490253442,2.42483311e-05,0.000765948,neutral
13:46:56,0.0320291,0.9482992,0.0127589228,0.000500107359,0.001111903,0.00323550915,0.00073720864,0.00132799463,neutral
13:46:58,0.006999444,0.98766,0.004152574,8.312497e-05,0.0002568843,0.000424830767,1.76883714e-05,0.000405479979,neutral
13:47:00,0.0121752694,0.980345547,0.00668295939,5.63554822e-05,0.000244424737,0.000266305142,1.94579243e-05,0.000209698963,neutral
13:47:02,0.00544080557,0.985181034,0.00759094348,7.793274e-05,0.00041723004,0.0008967579,4.53972e-05,0.000349899754,neutral
13:47:04,0.008752141,0.9819982,0.007974815,5.190236e-05,0.000162003882,0.0005067281,3.006859e-05,0.0005241273,neutral
13:47:10,0.0356598124,0.954110861,0.008986262,0.00011901377,0.000548033742,0.000320781779,4.82965843e-05,0.000206931421,neutral
13:47:12,0.0285171214,0.958597839,0.008415724,0.000188374877,0.0007157958,0.00194994779,0.000609063543,0.00100616028,neutral
13:47:14,0.0285584088,0.9528094,0.0104817031,0.0008180978,0.00507179229,0.0009671297,0.000174727116,0.00111874042,neutral
13:47:20,0.0181647781,0.972620666,0.00526664173,0.000410662557,0.0007137529,0.002155238,0.000162445518,0.000505803269,neutral
13:47:22,0.004286159,0.9903004,0.00328721455,0.000117314084,0.000243633011,0.00122345553,3.82287362e-05,0.0005035898,neutral
13:47:24,0.0100992126,0.983302,0.00461209472,0.000165465157,0.000312980032,0.00105592189,6.700435e-05,0.000385324616,neutral
13:47:26,0.0148563022,0.977934361,0.004199013,0.0003035542,0.00108843867,0.00117685588,0.0001041976,0.000337277132,neutral
13:47:28,0.006450329,0.986515,0.00554984,8.48649e-05,0.000277024228,0.000526041666,1.607043e-05,0.000580829743,neutral
13:47:30,0.00294343685,0.99298,0.002937828,3.165943e-05,5.78973631e-05,0.000783519,2.21268565e-05,0.000243515358,neutral
13:47:34,0.000111825073,0.00388687779,0.000100989317,0.0004754177,0.000117004733,5.26755321e-05,3.79670951e-06,0.9952514,happiness
13:47:36,0.0174885374,0.9530859,0.00846034847,0.000639750448,0.000341585052,0.01577979,0.00231132959,0.0018927505,neutral
13:47:38,0.00152210717,0.9581431,0.0119482111,0.000441071636,0.0001626423,0.0181588456,0.000163992983,0.00946001,neutral
13:47:40,0.0220806245,0.967772245,0.00649275631,0.000250725046,0.000263533031,0.002236884,0.000245684321,0.0006575192,neutral
13:47:46,0.0195338279,0.9739703,0.0010600742,4.99642374e-05,1.04050578e-05,0.00480178464,0.000462398049,0.000111256559,neutral
13:47:48,4.68656225e-07,3.38999416e-06,3.89775153e-07,7.383246e-06,1.24747621e-05,4.63832976e-06,1.41153816e-06,0.99996984,happiness
13:47:50,0.01773579,0.905143142,0.0203312747,0.0004889155,0.00143282325,0.009456111,0.00142552867,0.0439864323,neutral
13:47:52,0.0161655247,0.9596271,0.0146491108,0.000208090889,0.000167985068,0.00219826051,0.0003057277,0.006678207,neutral
13:47:54,0.003003567,0.989819348,0.00496677263,4.985142e-05,0.000137620824,0.0007765391,1.71081119e-05,0.00122922182,neutral
13:47:56,0.005819125,0.9920298,0.00174527976,2.42239457e-05,2.81973935e-05,0.000173237087,1.0670522e-05,0.000169474064,neutral
13:47:58,0.004435166,0.9904488,0.00366084254,2.83628942e-05,6.46618137e-05,0.0006634314,4.00688768e-05,0.0006587157,neutral
13:48:00,0.00409956835,0.9920147,0.00257092062,3.72423274e-05,0.000169423176,0.000916943536,0.000105602121,8.557501e-05,neutral
13:48:02,0.008332927,0.9888257,0.00219284231,2.76031769e-05,7.957911e-05,0.000193924352,1.7983155e-05,0.000329463335,neutral
13:48:04,0.003549949,0.9946816,0.000829096942,1.19937149e-05,1.099726e-05,0.0007401054,2.17309062e-05,0.000154532652,neutral
13:48:06,0.08321654,0.906734765,0.002700186,0.000283532863,0.000198863447,0.004830797,0.001709534,0.0003257759,neutral
13:48:08,0.01690579,0.9610058,0.006011297,0.000373730232,0.000466828351,0.009537927,0.000795771135,0.00490287272,neutral
13:48:10,0.06595299,0.9055716,0.0137709817,0.0003804125,0.00134389172,0.0021424985,0.0017315438,0.009106074,neutral
13:48:12,0.0229404531,0.9655119,0.007196442,0.000121188728,0.000825108,0.00112048606,0.000208775222,0.00207561557,neutral
13:48:14,0.0105360309,0.9657117,0.0103905452,0.0006265147,0.0008777811,0.00607534032,0.000418495038,0.005363566,neutral
13:48:16,0.029892765,0.9507075,0.009205437,0.001075389,0.00353708141,0.00307547674,0.0006341148,0.00187225209,neutral
13:48:18,0.116657794,0.860227,0.0127310809,0.000825621362,0.00358374068,0.004116462,0.001437005,0.0004212902,neutral
13:48:20,0.0395007581,0.9345212,0.0114007313,0.000708424,0.00207108376,0.008868946,0.00118641753,0.00174244633,neutral
13:48:22,0.08925263,0.87986,0.0126000829,0.00170131132,0.005195805,0.005782944,0.00128986815,0.00431736046,neutral
13:48:24,0.03200246,0.949775934,0.0113148512,0.0003537822,0.0007718358,0.00251803827,0.000429682259,0.00283342134,neutral
13:48:26,0.0129262786,0.9518651,0.00628993753,0.000917072466,0.00136013224,0.0159430336,0.00341133028,0.00728716468,neutral
13:48:28,0.009058764,0.9724773,0.00473269634,0.00036958995,0.00137915951,0.005562775,0.00094021,0.005479468,neutral
13:48:30,0.004834915,0.9896779,0.00441519,3.48546528e-05,6.436383e-05,0.000607212831,8.499559e-05,0.0002805581,neutral
13:48:32,0.00461039459,0.9882341,0.00420398172,0.0001156036,0.0002058331,0.00198593782,0.00011720883,0.0005269272,neutral
13:48:36,0.0135325445,0.9600323,0.008004489,0.000950753747,0.000918368343,0.0153400134,0.0006979679,0.000523555034,neutral
13:48:38,0.00268149166,0.9959265,0.00095451,2.41121543e-05,4.51136439e-05,0.000313313853,7.040646e-06,4.793327e-05,neutral
13:48:40,0.009626315,0.9663799,0.0226344988,4.64249279e-05,0.000144154212,0.000197365691,1.520763e-05,0.000956180564,neutral
13:48:44,0.009328495,0.9866781,0.002565275,7.834379e-05,6.20383144e-05,0.00112724782,5.83745023e-05,0.000102126578,neutral
13:48:46,0.07016877,0.9200718,0.00723972358,0.000186183344,4.54150359e-05,0.0018706657,0.000178823131,0.000238640918,neutral
13:48:48,0.0122703053,0.9799651,0.00398085034,0.000191906263,0.000261513458,0.00303686433,0.00021808465,7.53763743e-05,neutral
13:48:50,0.0342082046,0.9589277,0.00563475629,9.531053e-05,0.000138032119,0.000743610144,5.734784e-05,0.000195041881,neutral
13:48:52,0.00351722166,0.9917143,0.00228410773,8.505538e-05,0.000126379,0.00216538948,6.775828e-05,3.97817857e-05,neutral
13:48:54,0.00333288149,0.972252548,0.00441540964,0.0004336477,0.000224283242,0.0178227015,0.0003386857,0.00117982482,neutral
13:48:56,0.00513983937,0.987260044,0.004584959,0.000119192853,7.88448e-05,0.00248824339,4.60024e-05,0.0002828748,neutral
13:48:58,0.001212848,0.9951639,0.002277172,4.911107e-05,8.432083e-05,0.00115861744,2.00450359e-05,3.396521e-05,neutral
13:49:00,0.01184064,0.9773006,0.008219248,0.000142877267,0.000399967772,0.00178664317,0.0001385419,0.000171497522,neutral
13:49:02,0.00461588055,0.9845005,0.0082874,8.613103e-05,0.000161998571,0.00117557147,3.49734255e-05,0.00113753113,neutral
13:49:04,0.0131449187,0.9771894,0.007853367,9.305466e-05,5.80275555e-05,0.000834743434,2.39382862e-05,0.000802506169,neutral
13:49:06,0.0175471269,0.9752654,0.00568277249,0.000102993705,8.19883862e-05,0.000946931832,3.32949239e-05,0.0003395331,neutral
13:49:08,0.00505322265,0.9837223,0.009492592,9.757885e-05,0.000286354159,0.00114653911,5.295767e-05,0.000148433392,neutral
13:49:10,0.00742016826,0.987468243,0.00402405439,6.705871e-05,0.00015627197,0.0007113046,3.590038e-05,0.000117002564,neutral
13:49:12,0.0122492854,0.980353236,0.006459637,7.26828657e-05,0.000126952684,0.0004887729,2.76186311e-05,0.000221842056,neutral
13:49:14,0.00390951755,0.9917125,0.00348001,5.44768372e-05,0.000134580958,0.0005745777,2.00193226e-05,0.000114279261,neutral
13:49:16,0.004808193,0.9916738,0.00298745139,3.46597e-05,6.57364362e-05,0.000310303352,1.04517458e-05,0.000109354514,neutral
13:49:18,0.00509501947,0.9883851,0.005372972,7.883535e-05,0.000141781478,0.000761371,3.221498e-05,0.000132710324,neutral
13:49:20,0.0221555661,0.9678072,0.0088921655,8.116424e-05,0.000151184242,0.0004274904,4.20868164e-05,0.000443155877,neutral
13:49:22,0.008467815,0.985307634,0.005171367,6.967939e-05,0.0001899172,0.0005142437,3.37985075e-05,0.000245537783,neutral
13:49:24,0.0123335114,0.9792024,0.007735741,6.607983e-05,0.000197561851,0.000346135173,2.01838684e-05,9.841754e-05,neutral
13:49:26,0.00688205753,0.985000134,0.00661545666,0.000102638522,0.000311972,0.0008524859,5.890056e-05,0.000176360176,neutral
13:49:28,0.0110765994,0.978288949,0.0046073976,0.000279009,0.000650502043,0.00430743,0.0003945133,0.000395572715,neutral
13:49:30,0.013291426,0.9772876,0.007846932,5.874956e-05,0.000230385936,0.000776480359,9.315627e-05,0.000415267365,neutral
13:49:32,0.009437163,0.9670906,0.02253888,3.93567971e-05,0.000179956114,0.000361656828,4.97189249e-05,0.000302652625,neutral
13:49:34,0.008802102,0.9831365,0.0065914765,3.03285542e-05,0.000168571292,0.0009369123,0.000130266766,0.000203871314,neutral
13:49:36,0.00627028756,0.9918118,0.00127490226,1.623789e-05,9.674035e-05,0.000421662873,2.491963e-05,8.344774e-05,neutral
13:49:38,0.0207154956,0.972046137,0.00154654274,4.46766244e-05,1.96780184e-05,0.005210088,0.000378541445,3.886966e-05,neutral
13:49:40,0.00162269885,0.9964733,0.0006953921,3.704288e-05,1.89926486e-05,0.00102483947,4.56559028e-05,8.20377245e-05,neutral
13:49:42,0.01817666,0.973467648,0.004330824,0.000169283609,0.000196774345,0.00307321153,0.000295044738,0.000290543074,neutral
13:49:44,0.0179797579,0.9728515,0.004752771,0.000166415484,8.250225e-05,0.00378291355,0.0001968363,0.000187310929,neutral
13:49:46,0.07575334,0.9035186,0.014827746,0.0006863352,0.00043332795,0.00357605051,0.000503652,0.00070095004,neutral
13:49:48,0.00673002237,0.9917147,0.00112450228,1.53339151e-05,2.11514616e-05,0.000375148258,1.12991474e-05,7.83755149e-06,neutral
13:49:50,0.008355283,0.988669634,0.00212783669,3.20388026e-05,2.86019749e-05,0.000572329271,2.11702572e-05,0.000193132859,neutral
13:49:52,0.0370179825,0.955581665,0.004239648,0.000134532471,5.65733171e-05,0.00250925054,0.000236726017,0.000223608033,neutral
13:49:54,0.07344018,0.912349761,0.0100015365,0.000403573882,0.000325610163,0.002612114,0.0003485613,0.0005186401,neutral
13:50:02,0.0267540962,0.970078766,0.00254042842,5.811733e-05,0.000113425252,0.0003342827,1.46287566e-05,0.000106268817,neutral
13:50:04,0.009097943,0.9880123,0.00199057139,5.17826265e-05,0.000102284961,0.0006824368,2.50325629e-05,3.76273856e-05,neutral
13:50:06,0.0272902157,0.9588679,0.00535546662,0.0004411288,0.000269768265,0.0065758503,0.000592010561,0.0006076748,neutral
13:50:08,0.026022533,0.95829016,0.0106233805,0.000236793712,0.0004980035,0.00193586468,0.000324232649,0.00206903531,neutral
13:50:10,0.013201803,0.984495759,0.00189280568,2.34228119e-05,4.27978521e-05,0.000197760935,2.30881924e-05,0.000122591766,neutral
13:50:12,0.01954852,0.975455165,0.003881558,6.609651e-05,9.848445e-05,0.0005762405,8.410576e-05,0.000289803284,neutral
13:50:14,0.005516672,0.9919845,0.001958334,2.83537429e-05,5.27707853e-05,0.000276475417,1.68896058e-05,0.000166013357,neutral
13:50:16,0.0170350149,0.9795428,0.00274065463,4.19565549e-05,0.000130730492,0.00035726864,5.10065875e-05,0.000100579258,neutral
13:50:20,0.0389828458,0.952135146,0.008188902,6.67079439e-05,0.00034815,0.000140027681,2.39342171e-05,0.000114272661,neutral
13:50:22,0.064492546,0.9252022,0.009186493,0.000100411155,0.000220922768,0.000486124918,0.000158471681,0.0001528505,neutral
13:50:24,0.127384931,0.8521019,0.0186446421,0.0002982629,0.00071228476,0.000561188732,0.000153489542,0.000143273064,neutral
13:50:28,0.0714068338,0.9143239,0.0128529416,0.000252710161,0.000619142,0.0002838334,6.443104e-05,0.000196179739,neutral
13:50:30,0.09391256,0.8859134,0.01739721,0.0004543177,0.001160059,0.0005160087,0.000199517061,0.000446972233,neutral
13:50:32,0.109598562,0.873499751,0.014172514,0.0003941975,0.00131984288,0.0006199752,7.710769e-05,0.0003180524,neutral
13:50:36,0.0797963,0.9081699,0.009524612,0.000260894332,0.000277618354,0.00119374448,0.000186756733,0.000590182666,neutral
13:50:38,0.025122894,0.9672751,0.006122944,0.000143943747,0.0003677759,0.0006183901,5.881895e-05,0.000290133379,neutral
13:50:40,0.0686237961,0.92063576,0.009109614,0.000234469189,0.000278177875,0.000665054831,8.684293e-05,0.000366293854,neutral
13:50:42,0.0331169553,0.9611004,0.004563966,0.000174019326,0.000182118325,0.0006268793,5.22500777e-05,0.000183438911,neutral
13:50:44,0.12033847,0.867819667,0.009878803,0.00026817387,0.0001841461,0.0009357474,0.000179065319,0.000395904615,neutral
13:50:46,0.0137603423,0.9834927,0.00160882587,2.28912249e-05,7.620657e-05,0.0007927846,0.000171135442,7.512117e-05,neutral
13:50:48,0.07547982,0.8692676,0.0456052572,0.00130577839,0.00174936384,0.00109672814,0.000283609726,0.00521185342,neutral
13:50:50,0.121117726,0.826294243,0.04016315,0.00108792575,0.0014371787,0.00112259411,0.000313762459,0.008463403,neutral
13:50:54,0.122076675,0.8474892,0.0239372328,0.0005640514,0.0007589736,0.0009689985,0.000216878791,0.003987983,neutral
13:50:56,0.0543211736,0.9112415,0.0299393255,0.0002637939,0.000698466145,0.00113594113,0.00022371122,0.00217609014,neutral
13:50:58,0.07009185,0.8722469,0.0554623455,0.0001613866,0.000362026534,0.000359536178,5.15653373e-05,0.00126438506,neutral
13:51:00,0.0259317476,0.9535719,0.0180295184,0.000144295293,0.000220549249,0.00112490787,0.000236062158,0.0007410298,neutral
13:51:02,0.0158696733,0.980861664,0.00232183887,5.43663264e-05,0.000288511277,0.000329939241,6.68305438e-05,0.000207156278,neutral
13:51:04,0.15174444,0.83561784,0.006907032,0.000259033317,0.000261243782,0.00270178518,0.00171989959,0.000788718637,neutral
13:51:06,0.0640027449,0.811320066,0.0100185322,0.00236016652,0.00196281238,0.0805094242,0.0281703789,0.00165585289,neutral
13:51:08,0.009552633,0.981932461,0.00541311968,0.000107351218,0.000167966791,0.00130695268,0.000158232928,0.001361278,neutral
13:51:10,0.002069156,0.990995169,0.00312419236,7.64331853e-05,7.010386e-05,0.00308727031,0.000164098135,0.000413571572,neutral
13:51:14,0.0276286155,0.942708731,0.0154449986,0.000447743863,0.000519017631,0.009602373,0.00150042155,0.00214808038,neutral
13:51:16,0.0589348227,0.914600253,0.0179458447,0.000466428464,0.000404073857,0.005504549,0.00127714593,0.0008669122,neutral
13:51:30,0.03743053,0.9392663,0.0118052522,0.000603933644,0.00070816587,0.00784582,0.001218999,0.00112100109,neutral
13:53:50,0.0205519423,0.822149038,0.122698605,0.00169565971,0.00140521512,0.0182654914,0.00376285752,0.009471187,neutral
13:53:52,0.008331995,0.9770993,0.00576805323,8.89647054e-05,8.18405e-05,0.00306478678,0.000115394454,0.00544964755,neutral
13:53:54,0.0101773823,0.981044531,0.00390328933,0.00017528882,0.000191033134,0.00205109082,0.000141505821,0.00231588,neutral
13:53:56,0.02844916,0.9669873,0.00264508137,8.718174e-05,0.0002989937,0.001032641,0.0002836734,0.000215932509,neutral
13:53:58,0.008629325,0.9837111,0.00601215241,7.024435e-05,0.0003189346,0.0007360467,6.738141e-05,0.000454815628,neutral
13:54:00,0.0711372644,0.9100587,0.0152170863,0.000127479463,0.000363248022,0.0005153488,0.000179612733,0.00240126066,neutral
13:54:02,0.136366814,0.8353265,0.0212603565,0.000332870753,0.0005939226,0.001375785,0.0007462001,0.003997572,neutral
13:54:04,0.06911356,0.910482943,0.0148504516,0.000322646782,0.000529720041,0.001331711,0.000425921375,0.002943042,neutral
13:54:06,0.0819995254,0.900425,0.0140915923,0.000140829521,0.000427689549,0.0004822678,0.000188537742,0.002244567,neutral
13:54:08,0.0371797122,0.9480252,0.011727388,9.17207144e-05,0.000215383523,0.0003651853,8.66134651e-05,0.00230875984,neutral
13:54:10,1.69395236e-08,2.07141056e-06,4.854702e-08,3.9617197e-07,2.94850747e-06,4.66125421e-05,3.72388013e-06,0.9999442,happiness
13:54:12,2.571955e-08,1.62931337e-06,2.42100864e-08,3.62885453e-06,1.37344969e-05,1.2843285e-06,2.82948509e-08,0.9999796,happiness
13:54:14,5.459227e-05,0.0005567296,3.18295461e-05,7.160323e-05,0.0002500314,4.185615e-05,2.061465e-05,0.9989727,happiness
13:54:16,0.007083869,0.859245062,0.009455302,0.00032019132,0.000285949936,0.0007117141,6.03324661e-05,0.122837558,neutral
13:54:18,0.000661816157,0.8078874,0.004516486,6.971634e-05,0.000115963034,0.0008752318,1.49809284e-05,0.1858584,neutral
13:54:20,0.0071237064,0.9342314,0.007719565,8.204482e-05,4.8652706e-05,0.00123131275,0.000174797911,0.0493885167,neutral
13:54:22,0.0255809557,0.952890635,0.0123087615,0.0002778161,0.00107804139,0.000463147182,0.00012450041,0.00727616576,neutral
13:54:24,0.0190901421,0.96869415,0.005883473,0.000316239777,0.00113944674,0.00194932916,0.000190516919,0.00273667974,neutral
13:54:26,0.0115160756,0.9830655,0.002782076,9.97568859e-05,0.00104905711,0.000927371439,0.00012767475,0.000432497618,neutral
13:54:32,0.006907642,0.985389,0.00537985144,0.000139891417,0.00017606256,0.0016342249,6.13850643e-05,0.0003119199,neutral
13:54:34,0.03094479,0.9431024,0.017849382,0.000336219149,0.000774345652,0.005283755,0.0009454045,0.00076366344,neutral
13:54:36,0.008482515,0.985854447,0.00367536955,8.618272e-05,0.000116147516,0.00151182781,5.983131e-05,0.000213687468,neutral
13:54:38,0.005699744,0.988201261,0.00412526168,6.560296e-05,0.000102290767,0.00159247,6.37953344e-05,0.000149545565,neutral
13:54:40,0.009600695,0.9831257,0.005146896,0.00011218046,0.000117644413,0.00161374267,7.361171e-05,0.000209526333,neutral
13:54:42,0.01120428,0.982849538,0.004401926,9.36574943e-05,0.000158201219,0.00110357872,7.35110661e-05,0.000115302464,neutral
13:54:44,0.0121698463,0.9810656,0.004657184,0.000141214827,0.00027159712,0.0014240446,9.64943e-05,0.000174071974,neutral
13:54:46,0.00328020565,0.992403865,0.00200251234,5.550632e-05,5.72945e-05,0.001898459,8.041491e-05,0.000221771552,neutral
13:54:48,0.00302626332,0.9779833,0.0037538386,0.000201277828,0.000170328727,0.004751587,0.000209665814,0.009903771,neutral
13:54:50,0.00101192121,0.9426321,0.00472125551,7.65948862e-05,3.340501e-05,0.000373653573,6.176277e-06,0.0511449166,neutral
13:54:52,0.000896001,0.996127546,0.002344642,2.52943155e-05,1.55740454e-05,0.0005199859,3.17444437e-06,6.778632e-05,neutral
13:54:54,0.005895138,0.991164863,0.00203333376,5.894322e-05,2.89125364e-05,0.000652883,3.036893e-05,0.00013554866,neutral
13:54:56,0.00796073,0.9864073,0.00362895546,0.000130507717,5.21930524e-05,0.00163103465,3.55670527e-05,0.0001537308,neutral
13:54:58,0.007384257,0.987842,0.00399158476,2.968255e-05,0.000102930433,0.00027749638,9.2892e-06,0.00036272654,neutral
13:55:00,0.0335172676,0.9501868,0.006526815,0.00113364309,0.008061954,0.000487613841,5.4567754e-05,3.13206874e-05,neutral
13:55:02,0.0006990082,0.981640756,0.0102451611,5.047283e-05,1.07707256e-05,0.000416373485,2.00437512e-06,0.00693543674,neutral
13:55:04,0.0009419566,0.993209,0.00136540388,4.58732247e-05,7.4057345e-05,0.004302242,5.309495e-05,8.352366e-06,neutral
13:55:06,0.00251713349,0.996599138,0.000750187959,3.247583e-05,1.6744887e-05,7.006455e-05,9.570745e-07,1.33110316e-05,neutral
13:55:08,0.000147800834,0.997597754,0.00216154847,2.83871373e-06,3.10998416e-06,8.456329e-06,9.628724e-09,7.847263e-05,neutral
13:55:10,0.002543174,0.975647032,0.0215892065,4.49348081e-05,7.073365e-05,6.353489e-05,5.595657e-07,4.0831208e-05,neutral
13:55:12,0.000122606129,0.999282241,0.000571427052,2.566108e-06,6.08598248e-06,9.312747e-06,1.83066966e-08,5.753856e-06,neutral
13:55:14,0.00050449936,0.9975327,0.001855922,4.13816451e-06,6.70918325e-06,1.87151836e-05,1.0216155e-07,7.716028e-05,neutral
13:55:16,0.00139569712,0.995283365,0.003213753,7.31875161e-06,3.044302e-05,3.17025e-05,8.48602667e-07,3.68445581e-05,neutral
13:55:18,0.000396374555,0.9988314,0.0007449309,1.84339888e-06,5.93807e-06,1.808235e-05,2.03174864e-07,1.24435007e-06,neutral
13:55:20,0.155319065,0.8374925,0.00405666,0.0002964678,0.000119035874,0.00190698763,0.0007943596,1.48990011e-05,neutral
13:55:22,0.0004675036,0.998342633,0.0009546428,1.42758436e-05,9.196456e-06,0.000189451763,9.879044e-07,2.12911582e-05,neutral
13:55:24,0.00089959125,0.997012556,0.00178415061,7.671498e-05,4.832174e-05,0.000157583447,1.35429025e-06,1.97187655e-05,neutral
13:55:26,0.00416348269,0.9917241,0.003936399,4.94523374e-05,7.036723e-05,3.07787159e-05,4.04375271e-07,2.504364e-05,neutral
13:56:42,0.00111894053,0.9977357,0.000942148967,5.20806952e-06,7.138932e-05,0.000101319252,3.45688431e-06,2.18369751e-05,neutral
13:56:46,0.00305388286,0.994713843,0.00204397016,6.735523e-06,5.51071971e-05,6.31345756e-05,6.02201953e-06,5.73292e-05,neutral
13:56:48,0.005157405,0.950550854,0.00337830512,0.0007775038,0.000703933067,0.0356343873,0.00148751715,0.00231011817,neutral
13:56:50,0.0155648179,0.8968829,0.0141707659,0.006459598,0.00258998084,0.022419367,0.00459624128,0.0373163447,neutral
13:56:52,0.0008723415,0.994858742,0.00276526646,1.71657539e-05,0.00017339972,0.000346955756,1.14731547e-05,0.000954675837,neutral
13:56:54,0.003593438,0.95103246,0.00521850353,0.00182886294,0.000937933743,0.0215212479,0.002372702,0.0134948445,neutral
13:56:58,0.21712178,0.7164831,0.0489141,0.002814369,0.00373686268,0.00383091229,0.00210755342,0.004991275,neutral
13:57:00,0.003028675,0.9923505,0.00224582735,3.673455e-05,0.000108288106,0.00177908118,9.021496e-05,0.000360639329,neutral
13:57:02,0.00052336,0.9989854,0.000399913959,2.72194575e-06,2.25886433e-05,5.613149e-05,8.38637e-07,9.04698e-06,neutral
13:57:06,0.00243484415,0.9920479,0.00498132268,4.7624173e-05,3.053574e-05,0.0003571837,9.698237e-06,9.089185e-05,neutral
13:57:08,0.003368101,0.995878041,0.0006374266,1.17515729e-05,4.500836e-05,5.37409032e-05,2.46749073e-06,3.445634e-06,neutral
13:57:10,0.000943794,0.998448849,0.000304378,1.05807312e-05,3.228186e-05,0.000249038567,8.035636e-06,3.05157778e-06,neutral
13:57:12,0.000403712125,0.9991586,0.000317991915,4.749371e-06,2.68408439e-05,7.12492256e-05,1.13213321e-06,1.5729549e-05,neutral
13:57:14,9.839118e-07,3.934885e-06,2.502739e-07,6.48924e-05,0.00271108141,5.30878351e-05,2.2385615e-05,0.9971434,happiness
13:57:18,0.000355324475,0.00222379388,0.0136352824,0.0162107162,0.009584164,0.00151940249,0.00195069471,0.954520643,happiness
13:57:20,0.0147676338,0.328643978,0.008997287,0.0152630815,0.00777376257,0.005327941,0.0032814506,0.615944862,happiness
13:57:24,0.07141247,0.884303451,0.0234596245,0.0015824656,0.008402429,0.003660412,0.00396649074,0.00321264,neutral
13:57:32,0.0120910453,0.9213062,0.004856924,0.00126698869,0.000385797728,0.046493154,0.008487478,0.00511242542,neutral
13:57:50,0.035267,0.947663546,0.01249814,0.000146650214,0.000579513,0.00115359225,0.0003993017,0.00229227636,neutral
13:58:02,0.0250131246,0.9639659,0.00324355951,9.413814e-05,0.000173586654,0.005749459,0.00109931768,0.0006609441,neutral
13:58:06,0.0512476824,0.930170834,0.007449482,0.0004353816,0.000739162555,0.00595176453,0.00243936339,0.00156632112,neutral
13:58:08,0.0334356651,0.941912532,0.00678177271,0.000346791378,0.000413291738,0.0111899469,0.003606464,0.00231354288,neutral
13:58:12,0.0235035531,0.9479736,0.0112671312,0.000706787338,0.00274714548,0.0111822328,0.00169403036,0.00092550827,neutral
13:58:16,0.124314725,0.8348799,0.01043562,0.000971398258,0.00363623747,0.0148160458,0.00719244825,0.0037536216,neutral
13:58:18,0.0306360014,0.9442967,0.01060038,0.0005260574,0.00250202976,0.008107272,0.00229582074,0.00103572267,neutral
13:58:22,0.03639379,0.9381983,0.0131018516,0.0005654311,0.00327113643,0.00694952067,0.0007612713,0.0007586448,neutral
13:58:26,0.0753798857,0.886068165,0.0218622386,0.001596774,0.00337481429,0.006785458,0.00292104,0.002011601,neutral
13:58:28,0.113145418,0.870500743,0.0119598806,0.000341530918,0.0009938192,0.0016502816,0.000775246,0.000633059652,neutral
13:58:30,0.217632085,0.763438642,0.0154338,0.000354803255,0.00146239786,0.0008918715,0.0005502621,0.000236157954,neutral
13:58:32,0.100575343,0.8607306,0.0286716521,0.0009070017,0.002598508,0.00231290516,0.00108409266,0.00311992317,neutral
13:58:34,0.08177925,0.9030173,0.0110396193,0.000320807536,0.001397717,0.00139352714,0.000557019957,0.0004947864,neutral
13:58:36,0.100833453,0.8714262,0.0200009942,0.000603354245,0.00247096759,0.002169867,0.00116561062,0.00132951094,neutral
13:58:38,0.09616246,0.8689647,0.0213900376,0.000828622,0.004352128,0.00186035538,0.00075268303,0.005689046,neutral
13:58:40,0.0268385671,0.9589228,0.00845447,0.000115292387,0.000338302,0.004092933,0.0005518693,0.0006857574,neutral
13:58:42,0.0215995722,0.962481737,0.01100252,0.000229604557,0.000527874741,0.00286129955,0.0003115349,0.0009858424,neutral
13:58:44,0.0178072657,0.949921966,0.006872892,0.0005287548,0.00151034864,0.0184228141,0.00325678568,0.00167916494,neutral
13:58:46,0.03575277,0.941332757,0.0141166793,0.0003777419,0.0009913488,0.00525414664,0.00102635857,0.00114817,neutral
13:58:50,0.0590188131,0.8648254,0.0538808741,0.000197689762,0.00021694669,0.000750431966,0.000573438,0.02053638,neutral
13:58:52,0.06846436,0.91370213,0.0156871472,0.000104918421,0.000234376843,0.00028977968,0.000116229618,0.00140105921,neutral
13:58:54,0.0353716463,0.957195044,0.00646232953,2.30928963e-05,0.000115250834,0.000109952562,5.63304529e-05,0.0006663572,neutral
13:58:56,0.123252377,0.868414938,0.007352289,9.06184941e-05,0.000106126587,0.000364575215,0.000255126448,0.000163968129,neutral
13:59:00,0.0459910966,0.9409724,0.0126009472,5.00836832e-05,7.024253e-05,9.206863e-05,2.1144484e-05,0.000202009789,neutral
13:59:02,0.104744323,0.8818519,0.0126956264,6.592632e-05,6.87897264e-05,0.00010202088,3.97130862e-05,0.000431713648,neutral
13:59:04,0.1640482,0.795314252,0.0395451151,0.000173446562,0.000138375734,0.00020494654,0.000128608692,0.0004470838,neutral
13:59:06,0.03639299,0.959268034,0.00234843441,7.948948e-05,6.2862644e-05,0.00159773126,0.000210734754,3.97502554e-05,neutral
13:59:08,0.0355048366,0.954592347,0.005791198,0.000164084166,0.00116189488,0.00171223411,0.0008992876,0.000174123168,neutral
13:59:10,0.0573402569,0.936774731,0.00376370386,7.50093241e-05,0.000577999,0.000793808664,0.0006270076,4.74900444e-05,neutral
13:59:12,0.0979513451,0.8972296,0.00296709035,4.61972668e-05,0.000188054371,0.0008176254,0.0007644123,3.567908e-05,neutral
13:59:16,0.06688992,0.9173114,0.0137708681,0.000192736668,0.000663114246,0.0003238431,0.0002965834,0.00055155484,neutral
13:59:18,0.120327033,0.8718266,0.00699653663,6.202922e-05,0.000166952959,0.000114416725,7.94907755e-05,0.000426973042,neutral
13:59:20,0.133392751,0.8594675,0.005671336,0.000116751638,0.000325574772,0.0004923882,0.000332253345,0.000201442672,neutral
13:59:22,0.04949041,0.945796669,0.004244221,3.425213e-05,0.000119783122,0.000107866974,3.439616e-05,0.000172394284,neutral
13:59:24,0.04937458,0.9444141,0.005161147,9.010613e-05,0.000454437628,0.000242961934,0.00013681619,0.000125864171,neutral
13:59:26,0.16832687,0.807850361,0.007177841,0.0004327958,0.000450693566,0.009039982,0.006214665,0.000506811542,neutral
13:59:28,0.09172705,0.8767966,0.007917934,0.000534803956,0.0005205964,0.0146885365,0.00622991845,0.00158455817,neutral
13:59:34,0.0679976046,0.9093997,0.0147715891,0.000822222733,0.00140596717,0.002246937,0.0008111871,0.002544783,neutral
13:59:36,0.258620143,0.688164,0.0220185779,0.002595426,0.002045006,0.0114121558,0.009080023,0.00606470276,neutral
13:59:52,0.08108567,0.8980893,0.0124248378,0.0009796239,0.00316616334,0.0028725632,0.0006062076,0.0007756723,neutral
13:59:56,0.197259575,0.78429836,0.0151700415,0.0003759709,0.00195318926,0.0006154311,0.0001300114,0.000197393267,neutral
14:00:04,0.171088755,0.816169,0.006473333,0.00116422866,0.000393251248,0.00323880487,0.0008149233,0.0006576995,neutral
14:01:28,0.0289079715,0.953086555,0.0140891708,0.000239946618,0.0004999486,0.000815171748,0.000165296922,0.00219596131,neutral
14:01:30,0.0284634344,0.9597093,0.007116327,0.000154196139,0.000276275154,0.001033167,0.000202754673,0.00304455147,neutral
14:01:32,0.06488545,0.919832766,0.0125216246,0.0001761521,0.000351308583,0.000745165744,0.000132579633,0.001354925,neutral
14:01:34,0.03125119,0.9631944,0.004101751,0.0001093017,8.673549e-05,0.000982683,8.243589e-05,0.000191538711,neutral
14:01:36,0.0937520042,0.896023631,0.00709546125,0.000224702017,0.0002685123,0.00210016244,0.000311849464,0.000223657407,neutral
14:01:38,0.06313181,0.915036738,0.0143477414,0.000676648167,0.00167106057,0.002353972,0.000380921469,0.002401096,neutral
14:01:40,0.07897015,0.906370461,0.009177517,0.000409477681,0.000971404952,0.00301480619,0.0006972867,0.000388878019,neutral
14:35:44,0.04349159,0.930658638,0.0187687576,0.000872556469,0.001987518,0.003051202,0.000435551367,0.000734198838,neutral
14:35:49,0.0182597972,0.9756044,0.00367018487,0.000113797854,0.00112737378,0.0010242071,0.000145248763,5.49456672e-05,neutral
14:35:54,0.0158818811,0.9650521,0.008557351,0.0004042995,0.00574473944,0.00324239628,0.0007116292,0.000405573868,neutral
14:36:19,0.00729329837,0.8484946,0.127256289,0.00077410927,0.00150631939,0.0030789664,0.000101831574,0.0114945695,neutral
14:36:34,0.016844932,0.9745836,0.0038964923,0.000308938761,0.000329084462,0.003224513,0.000255509338,0.0005569161,neutral
14:36:49,0.201193333,0.79650116,0.001595024,6.6339715e-05,6.749217e-06,0.0005341306,9.52246555e-05,8.024943e-06,neutral
14:36:59,0.0362074152,0.932265759,0.01868548,0.00106901967,0.00457680365,0.0007182598,0.000280828,0.00619645,neutral
14:37:09,0.0210041981,0.93958807,0.01641727,0.000707094267,0.000456742127,0.00539032323,0.00268628937,0.0137500046,neutral
14:37:14,0.0746870562,0.8254219,0.00793378148,0.000176812231,0.0003944983,0.00271462649,0.08247983,0.00619145855,neutral
14:37:19,0.00255352887,0.700136542,0.00330209243,0.000619582657,0.000268930075,0.289488554,0.00213969476,0.0014910975,neutral
14:37:24,0.00530744344,0.957906246,0.005290555,0.0007096176,0.000413746573,0.00754124,0.000277812884,0.0225533545,neutral
14:37:29,0.0106985578,0.977974057,0.006570116,0.000243625444,0.000337778823,0.001907136,0.000113792943,0.00215491047,neutral
14:37:34,0.0564351827,0.7844165,0.00498741446,0.00775683764,0.000316264253,0.117076233,0.0286076516,0.000403895247,neutral
14:37:39,0.0298813079,0.8903059,0.00719106663,0.00093746843,0.00136609143,0.06578752,0.00341638015,0.00111430162,neutral
14:37:44,0.0220629573,0.9733775,0.00329825981,6.351556e-05,0.000139621887,0.0007244058,0.00018629455,0.0001474414,neutral
14:37:49,0.214891553,0.7567177,0.0218314212,0.00063946133,0.00320274173,0.0008140145,0.0004388495,0.00146427064,neutral
14:37:54,0.333162576,0.655624151,0.007649227,0.000235561092,0.00144956028,0.00100552035,0.0006799423,0.000193479587,neutral
14:37:59,0.0177653711,0.6895087,0.0368490256,0.005782315,0.00601334451,0.215500951,0.0165668875,0.0120134428,neutral
14:38:29,0.0279249866,0.608689666,0.009815736,0.00185539748,0.0113293584,0.00746614346,0.0106186969,0.322300047,neutral
14:38:34,0.0254965276,0.249526545,0.002084721,0.00116663659,0.0200566277,0.0039596837,0.005395852,0.692313433,happiness
14:38:44,0.030994758,0.722459853,0.05063967,0.002591363,0.007438883,0.00647828076,0.01078799,0.168609217,neutral
14:38:49,0.0129697956,0.9268291,0.008022016,0.00393005926,0.00122047472,0.0318595544,0.00331692048,0.0118520856,neutral
14:38:54,0.0454623,0.8128585,0.02817238,0.008366994,0.00552967563,0.0343863256,0.0316117145,0.0336120725,neutral
14:38:59,0.0462903455,0.931524634,0.0139064789,0.000761626754,0.001515398,0.00227786251,0.0002610045,0.00346264639,neutral
14:39:09,0.0222100336,0.975538969,0.00206984254,3.944331e-05,9.56872755e-05,3.816536e-05,2.77184927e-06,5.092438e-06,neutral
14:39:14,0.07616469,0.917201459,0.004999051,6.193814e-05,8.55210237e-05,0.00114479347,0.000309482857,3.307692e-05,neutral
14:39:29,0.0161729,0.9730731,0.005235202,0.0002468946,0.000485177065,0.00417319825,0.00055081147,6.26659457e-05,neutral
14:39:34,0.001254785,0.995771646,0.00161209493,2.388612e-05,7.01843237e-05,0.001059828,1.80345924e-05,0.000189546117,neutral
14:39:39,0.00445489027,0.919127166,0.00217705336,0.0005118155,0.000273066136,0.06804792,0.003196008,0.00221210485,neutral
14:39:44,0.0218389425,0.892841458,0.01341965,0.005926408,0.00125221361,0.04728255,0.007552787,0.009885964,neutral
14:39:49,0.0254550073,0.9538394,0.0125501482,0.000495335669,0.0014758067,0.004870327,0.000701029843,0.000612939,neutral
14:39:54,0.0331715122,0.952325,0.0113517875,0.000118602868,0.000745174068,0.00200608047,0.000212517232,6.936237e-05,neutral
14:40:04,0.0480874,0.949036956,0.00247249473,1.13942806e-05,0.000261041772,8.33933955e-05,4.056486e-05,6.75382444e-06,neutral
14:40:29,0.02977061,0.937877834,0.01655215,0.000442345539,0.00110455009,0.00297615957,0.000507072837,0.0107692527,neutral
14:40:34,0.07596931,0.9026703,0.0143332481,0.000291976641,0.00197438383,0.00203137915,0.00119714171,0.00153222377,neutral
14:40:44,0.0121040931,0.87928915,0.0128602982,0.00292645977,0.00382066541,0.08306761,0.00293717417,0.0029945306,neutral
14:40:54,0.0210652873,0.97239,0.004401289,7.360888e-05,0.0002570913,0.00151374261,0.0002560421,4.29186475e-05,neutral
14:40:59,0.0113494815,0.975895643,0.004651027,0.000509900041,0.0007648129,0.00501547148,0.000896819634,0.0009168272,neutral
14:41:04,0.19206515,0.799758,0.00595024973,0.000404219667,0.0003563051,0.0011019354,0.000228713019,0.000135397917,neutral
14:41:14,0.015392133,0.976097465,0.00168280234,0.0003413484,0.00107259,0.00446292432,0.000816702843,0.000134039044,neutral
14:41:19,0.0100051,0.9863334,0.002853537,3.61347848e-05,0.0001378438,0.000304712419,5.85909365e-05,0.000270693941,neutral
14:41:24,0.009568587,0.955737,0.023844881,0.000215128792,0.000166116937,0.000886642,5.39509529e-05,0.009527729,neutral
14:41:29,0.009075966,0.9727901,0.0112064555,0.000101869184,0.0001234144,0.00300506526,0.0001569865,0.00354011636,neutral
14:41:34,0.00346864527,0.9938571,0.00185162085,2.90304943e-05,6.928612e-05,0.000529242039,4.16971234e-05,0.000153420086,neutral
14:41:39,0.00280687422,0.9948368,0.001800375,2.09760747e-05,5.829683e-05,0.0003182412,1.570565e-05,0.0001426984,neutral
14:41:44,0.006360396,0.9885054,0.00295837782,8.46974945e-05,0.0002379168,0.00164059142,7.93582949e-05,0.000133250651,neutral
14:41:49,0.0142551716,0.9705343,0.007668967,0.000230220976,0.000466744,0.00455812132,0.00215316168,0.000133312613,neutral
14:41:54,0.0111498674,0.9771003,0.008523956,0.000386041764,0.000518232,0.00130073447,0.000116413481,0.0009044171,neutral
14:41:59,0.00447263662,0.991819143,0.00263225776,5.652287e-05,0.000176272268,0.000581076136,0.000113809278,0.000148277948,neutral
14:42:04,0.00227824016,0.98973006,0.0031803064,5.90721429e-05,0.0003101009,0.00345305912,0.000328868948,0.000660308753,neutral
14:42:09,0.00585487951,0.9789625,0.00656434335,0.000302857254,0.0006924437,0.00494174659,0.0005005592,0.00218068459,neutral
14:42:14,0.00381777156,0.986565232,0.00349416165,8.464936e-05,0.000185088429,0.003944336,0.0003792332,0.00152950839,neutral
14:42:19,0.0176700037,0.973060131,0.00461430755,0.000166152226,0.000322801468,0.00297285221,0.000531037454,0.000662705745,neutral
14:42:24,0.0484369844,0.9186051,0.0226936024,0.0006599124,0.00141669007,0.00290617743,0.000463464967,0.00481809,neutral
14:42:29,0.01953746,0.9605598,0.00402773963,0.000337107631,0.00044187723,0.012318667,0.0022277215,0.000549643,neutral
14:42:54,0.04294752,0.952432156,0.00329959439,6.976034e-05,0.000152941575,0.000940049,5.58370739e-05,0.000102134181,neutral
14:42:59,0.04342623,0.919311,0.0179800186,0.00154730352,0.006198411,0.00232875068,0.000504747557,0.00870357,neutral
14:43:04,0.0178651586,0.9478067,0.005580616,0.00100340648,0.00199954864,0.0216490272,0.003592189,0.000503309362,neutral
14:43:09,0.0207719132,0.965751648,0.003241196,0.000112541857,0.000110656612,0.008590252,0.00131727243,0.000104517087,neutral
14:43:14,0.007537499,0.9512376,0.00476928055,0.000307018723,0.0002538487,0.03467676,0.00105650933,0.000161465956,neutral
14:43:19,0.018394703,0.960280836,0.008614964,0.000418504,0.0005181119,0.009723604,0.00120540708,0.00084386603,neutral
14:43:24,0.234176934,0.7491725,0.003914872,0.000121236313,3.110009e-05,0.008629264,0.00387539272,7.870406e-05,neutral
14:43:29,0.4500981,0.5354246,0.005535514,0.000252706523,8.555684e-05,0.00502400426,0.00349376979,8.5755506e-05,neutral
14:43:44,0.116783828,0.876185358,0.00414854754,0.00023358078,2.6202988e-05,0.002242832,0.000288250623,9.138854e-05,neutral
14:43:49,0.20065932,0.793138,0.00488102529,0.000101371254,6.29197666e-06,0.000759585062,9.255785e-05,0.000361827842,neutral
14:43:54,0.0882447362,0.8955241,0.00417289464,0.000311107782,7.306349e-05,0.009998041,0.001435563,0.000240514171,neutral
14:44:09,0.2222575,0.770265,0.003411468,0.0003663524,1.85071367e-05,0.002894977,0.0002930548,0.0004931569,neutral
14:44:14,0.128275573,0.8642296,0.003955656,0.000346148037,3.48748326e-05,0.002286469,0.000147968822,0.000723690551,neutral
14:44:24,0.0284766164,0.9604166,0.007481137,0.000298287545,0.0006135342,0.00234935223,0.000297000544,6.747431e-05,neutral
14:44:29,4.09406169e-07,2.04612138e-06,1.83534823e-07,0.000111365538,0.0107539194,8.75316036e-05,7.53076756e-06,0.989037037,happiness
14:44:34,6.56973675e-09,2.44323815e-06,2.48451482e-08,2.86537158e-07,1.02574541e-06,5.751236e-06,3.889802e-07,0.999990046,happiness
14:44:49,0.00757137639,0.3147534,0.011358289,0.003920845,0.00230031018,0.0257711112,0.00499071,0.629334,happiness
14:44:59,0.000969569,0.0411307923,0.000227528668,0.00066183845,0.0015792445,0.003729161,0.000417422649,0.951284468,happiness
14:45:04,9.895234e-07,8.907334e-06,1.54054123e-05,6.99600832e-06,0.000249097822,1.2876566e-05,2.82034343e-05,0.999677539,happiness
14:45:14,0.00386429252,0.119796664,0.0123453513,0.00109199644,0.00218867278,0.0204293225,0.00285404478,0.837429643,happiness
14:45:19,0.01287495,0.9626666,0.0145034287,5.734338e-05,0.000122068108,0.0003858919,5.4766926e-05,0.009334969,neutral
14:45:24,0.008386224,0.9594089,0.00486347545,0.00181356154,0.000552502461,0.00667040655,0.00114534784,0.017159611,neutral
14:45:34,0.00665999157,0.986402035,0.00293884426,0.000109354805,0.000219249356,0.00256150682,0.000157878429,0.0009511159,neutral
14:45:39,0.0795193762,0.892035544,0.0191684272,0.000393966766,0.00218267087,0.00243492913,0.000729591062,0.00353551726,neutral
14:45:44,0.0305977445,0.9536734,0.0107409107,0.000205688179,0.00148552947,0.00180450524,0.000211861116,0.00128036225,neutral
14:45:49,0.00702449353,0.883754253,0.006711294,0.0014384893,0.0006238875,0.06556981,0.003939009,0.030938739,neutral
14:45:54,0.280973583,0.661335051,0.02848475,0.004000026,0.0147819649,0.00218892144,0.004300841,0.00393485045,neutral
14:45:59,0.187404722,0.752321064,0.0151824821,0.00207168236,0.038725704,0.00149693037,0.002543748,0.00025368444,neutral
14:46:04,0.0348780267,0.9337971,0.0129376249,0.00138591521,0.00543971965,0.005914307,0.0009855449,0.004661731,neutral
14:46:09,0.03359379,0.9379614,0.00699944654,0.00104082841,0.003069794,0.0128041487,0.00214115554,0.002389436,neutral
14:46:14,0.07223399,0.8552028,0.00140285864,0.000304277579,0.000477099762,0.0287719071,0.035670612,0.00593647873,neutral
14:46:19,0.0342126228,0.961201549,0.00290159858,4.66360252e-05,0.000283652334,0.0005325201,8.997803e-05,0.000731456559,neutral
14:46:24,0.01638206,0.95210135,0.0224474464,0.000929446949,0.00108660036,0.00113992637,0.0001365087,0.00577663723,neutral
14:46:29,0.04163997,0.9550342,0.00252815452,4.847508e-05,0.000175212946,0.0003387059,3.53188443e-05,0.000199994916,neutral
14:46:34,0.07028453,0.73059094,0.00226333179,0.0003048806,0.0001705271,0.115627028,0.0799684,0.0007903832,neutral
14:46:39,0.0110847447,0.938527763,0.0007197688,0.0004444833,0.000334213837,0.0359672531,0.0108047575,0.002117036,neutral
14:46:44,0.00654783426,0.967795849,0.005598737,0.000774107757,0.000465722318,0.008779452,0.000619445054,0.009418869,neutral
14:46:54,0.05834121,0.834188759,0.00374187017,0.00125877559,0.0009403728,0.04663924,0.0520935841,0.00279618544,neutral
14:46:59,0.0191543829,0.830568552,0.108318135,0.000696703,0.0007091804,0.002408213,0.0002623915,0.0378824435,neutral
14:47:04,0.007759534,0.9149883,0.008761331,0.004099893,0.00147182471,0.04317252,0.0030873802,0.01665921,neutral
14:47:09,0.0121001108,0.973522,0.00371386018,0.000324064429,0.000108432519,0.00754202437,0.000385120948,0.00230439217,neutral
14:47:14,0.205282152,0.7886143,0.002867744,5.615932e-05,7.049965e-05,0.0019156565,0.0008274318,0.0003660679,neutral
14:47:19,0.005168952,0.9861483,0.006122007,4.422019e-05,6.30368449e-05,0.00154178054,5.44191571e-05,0.000857267936,neutral
14:47:24,0.0159000922,0.97738713,0.00361919263,0.000121211291,0.000256751664,0.00129892561,0.000162769182,0.00125392445,neutral
14:47:29,0.0342323072,0.8141136,0.0135268988,0.0100744776,0.00442485744,0.08339679,0.0266646221,0.0135664437,neutral
14:47:44,0.206471384,0.7207741,0.06612401,0.00239009224,0.0002881205,0.002236061,0.0005118417,0.00120436552,neutral
14:47:49,0.007909958,0.9134581,0.00055571273,9.520189e-05,1.51382137e-05,0.07263956,0.00522645842,9.987144e-05,neutral
14:47:59,0.437026143,0.424379647,0.00305392942,0.000197465633,0.0002350876,0.0198336076,0.112927318,0.00234682485,sadness
14:48:29,0.000436359522,0.7095001,0.0054885447,0.00137162325,0.000214786851,0.007745671,4.55599475e-05,0.2751974,neutral
14:48:34,0.00504296552,0.981807053,0.000429980661,4.307463e-05,1.60820946e-05,0.012195304,0.0004346046,3.0937088e-05,neutral
14:48:44,0.0047262474,0.959303558,0.004104618,0.0005248422,0.00131247286,0.02775138,0.00185844651,0.00041840956,neutral
14:48:49,0.009807578,0.977320969,0.000455616741,0.000206609184,0.000108561231,0.007489836,0.00388346775,0.000727337843,neutral
14:48:54,0.02827688,0.919437051,0.01712017,0.002655036,0.007407546,0.00340979686,0.000642599,0.02105092,neutral
14:49:04,0.1293693,0.8236663,0.0359487571,0.0007601045,0.00123346318,0.00337793771,0.000695174851,0.00494900346,neutral
14:49:09,0.0148526533,0.973722756,0.008607122,0.000115828443,0.0001469446,0.00184055581,0.0001401535,0.000573976955,neutral
14:49:14,0.0371816866,0.946621,0.00813724753,0.000454782043,0.00134379684,0.00306998845,0.000773816952,0.00241769734,neutral
14:49:19,0.0155324787,0.965864837,0.005066253,0.00044183564,0.0002778375,0.0118254935,0.0006130245,0.000378219847,neutral
14:49:54,0.191403508,0.787662,0.0110304784,0.0007362378,0.002387643,0.00129349751,0.0005413085,0.004945302,neutral
14:49:59,0.19102934,0.775653243,0.0192042477,0.000934716838,0.0009990362,0.00549959624,0.0060081305,0.000671707,neutral
14:50:04,0.283984959,0.5524041,0.0272554327,0.00537220249,0.010301264,0.0619846433,0.04868303,0.0100143477,neutral
14:50:09,0.0144910235,0.972773731,0.004991561,0.000557587249,0.00141940743,0.00451034261,0.0008123996,0.000443944038,neutral
14:50:14,0.00712387031,0.9881257,0.003081891,6.567807e-05,0.0012500796,0.000296959,4.935177e-05,6.47693969e-06,neutral
14:50:19,0.005163642,0.9405006,0.008342916,0.00438985135,0.00150963617,0.01460377,0.001172604,0.0243169852,neutral
14:50:24,0.00572136,0.9440416,0.007757591,0.00588029856,0.0009938924,0.0136978794,0.000742148259,0.0211652089,neutral
14:50:29,0.00224359939,0.972228467,0.00535925152,0.00204997114,0.000269427517,0.008836072,0.000242287017,0.0087709045,neutral
14:50:34,0.002919597,0.991264343,0.00204744167,3.196508e-05,0.002373421,0.00125001092,0.0001061789,7.02178249e-06,neutral
14:50:39,0.00206584926,0.978008568,0.00341874384,0.000226208911,0.00316877919,0.009941387,0.000625059532,0.00254543056,neutral
14:50:44,0.001420732,0.9892006,0.00300764968,6.454948e-05,0.000917659258,0.00400264747,0.00015987092,0.00122631609,neutral
14:50:49,0.007273576,0.989204466,0.00257961545,3.41317136e-05,0.000207478355,0.0004996427,7.366624e-05,0.0001274437,neutral
14:50:54,0.06291274,0.925619841,0.007053654,0.000113560171,0.000897669059,0.00269561657,0.000651722366,5.51791127e-05,neutral
14:50:59,0.0239848457,0.9698419,0.00342333526,9.430369e-05,0.00140195189,0.00100359577,0.000219473935,3.06262045e-05,neutral
14:51:04,0.0220966283,0.973795354,0.00265366328,5.404492e-05,0.00106540683,0.000255762017,3.735693e-05,4.17841075e-05,neutral
14:51:09,0.0116461962,0.9810692,0.0016464378,9.165812e-05,0.00343985879,0.00184044428,0.000215018648,5.120689e-05,neutral
14:51:14,0.048456423,0.942144752,0.006022272,8.659732e-05,0.002821694,0.000316025427,0.00010819309,4.403808e-05,neutral
14:51:19,0.08360508,0.902966738,0.007403973,0.0002231552,0.00368672214,0.00146106188,0.0004093999,0.000243884482,neutral
14:51:24,0.0158828031,0.970964849,0.004658331,0.0004488154,0.006850909,0.0006895333,0.00011786291,0.0003869193,neutral
14:51:44,0.000969220244,0.9985967,0.000342101732,4.12107966e-06,2.91605957e-05,5.072431e-05,1.57072679e-06,6.344752e-06,neutral
14:52:04,0.0127276769,0.97582674,0.0099203065,8.890817e-05,0.0004329199,0.00045587428,0.000126662722,0.000420928583,neutral
14:52:09,0.0229662545,0.972744644,0.003210651,0.00021132559,0.000661355851,0.000121284887,1.9344292e-05,6.51527e-05,neutral
14:52:14,0.0127678188,0.9739876,0.00730089145,0.000380625919,0.00230429415,0.00159709412,9.767045e-05,0.00156401529,neutral
14:52:19,0.0152693456,0.978496134,0.00402161526,0.000111889793,0.000309132156,0.00153054646,0.000148931009,0.000112392874,neutral
14:52:24,0.00575722754,0.990880668,0.0024049,2.264274e-05,0.000287343253,0.0004911283,0.00010669008,4.940227e-05,neutral
14:52:29,0.0120572606,0.9806308,0.00610850425,5.189607e-05,0.000541651,0.000408487045,5.78144645e-05,0.000143583471,neutral
14:52:34,0.00297244755,0.993215144,0.00305709685,1.6959204e-05,0.0004441206,0.000180087256,7.709989e-06,0.00010642541,neutral
14:52:39,0.00316254329,0.9892487,0.00568678835,4.29326356e-05,0.0005065887,0.0012253212,4.17293668e-05,8.541937e-05,neutral
14:52:44,0.00126793643,0.9964784,0.00142247742,2.26831562e-05,0.000173240172,0.000481974566,9.510733e-06,0.000143820711,neutral
14:52:49,0.0166028,0.9771842,0.00270237285,0.000116440788,0.000344202417,0.00253980188,0.000406336883,0.000103897168,neutral
14:53:04,0.029775599,0.9116744,0.0471633822,0.0007811447,0.00126591616,0.0033872535,0.00122442446,0.00472788233,neutral
14:53:09,0.0425842479,0.9524221,0.00340070366,7.672181e-05,0.000228328863,0.0005683135,0.000236495674,0.0004830865,neutral
14:53:14,0.01892456,0.9758936,0.003961042,6.498516e-05,0.0002665934,0.0006115399,0.000160308729,0.0001173242,neutral
14:53:19,0.00473090541,0.994181454,0.000863929861,9.91488e-06,0.0001216216,7.55652654e-05,7.45100033e-06,9.136595e-06,neutral
14:53:24,0.004074192,0.995274663,0.0004670574,5.354364e-06,7.96159657e-05,8.338861e-05,6.8399554e-06,8.870743e-06,neutral
14:53:29,0.01062517,0.986472249,0.002008966,6.658738e-05,0.000210176615,0.000511262566,5.48534736e-05,5.07107579e-05,neutral
14:53:34,0.0116885863,0.986054361,0.00132825412,3.86294669e-05,0.0002703138,0.000496413733,5.0377228e-05,7.307509e-05,neutral
14:53:39,0.018468203,0.977341235,0.00380201,3.48877729e-05,0.00014032553,0.000141115976,1.76727117e-05,5.45781077e-05,neutral
14:53:44,0.02207274,0.9750487,0.001994063,3.01789623e-05,0.0003097147,0.0003939483,0.00011658424,3.405093e-05,neutral
14:53:54,0.10045258,0.848861,0.0365293063,0.00174812542,0.004112511,0.004539121,0.00205123075,0.00170614233,neutral
14:53:59,0.0139033478,0.9075218,0.0121269925,0.00541153,0.004599412,0.03837849,0.0034449778,0.0146134859,neutral
14:54:09,0.00366628263,0.9902807,0.00507425144,4.45556543e-05,0.000218010638,0.000421888137,1.6720518e-05,0.000277614541,neutral
14:54:24,0.00634858245,0.9912011,0.00120119448,6.216528e-05,0.000204386874,0.000752483,2.962397e-05,0.000200444,neutral
14:54:29,0.0095985895,0.9747999,0.0145080835,0.000131604553,3.23164168e-05,0.000811882,4.37070157e-05,7.39685e-05,neutral
14:54:34,0.0431252532,0.9090152,0.009806551,0.00135838881,0.001322403,0.02804464,0.00397838373,0.00334920874,neutral
14:54:39,0.000206143071,0.00135083485,0.000109553825,0.0022303,0.0317904577,0.00191209908,0.00102519221,0.9613754,happiness
14:54:44,0.009927276,0.9664434,0.00862787,0.0006884122,0.003854992,0.00749307172,0.0008523958,0.00211253669,neutral
14:54:59,0.000472630985,0.413588971,0.039203193,0.00194094039,0.000188920545,0.009292343,5.697895e-05,0.535256,happiness
14:55:09,0.002109364,0.0243458822,0.000187882048,0.0160013866,0.01559452,0.007161083,0.00181488576,0.932785,happiness
14:55:14,0.0021687143,0.932543,0.006706326,0.00199037837,0.001111016,0.0109208673,0.000305048452,0.04425466,neutral
14:55:34,0.0154835992,0.8983476,0.00261546019,0.00134995428,0.0006276673,0.07365589,0.00737093948,0.0005488789,neutral
14:55:39,5.764285e-06,0.00150129572,0.001058928,0.00033095415,0.000344551634,9.623731e-05,5.98954239e-06,0.9966563,happiness
14:55:44,0.00534262462,0.105483919,0.009355724,0.00530119473,0.009284767,0.00187599752,0.00116764393,0.8621881,happiness
14:55:54,0.00128918025,0.975669146,0.00476109376,0.000252866885,0.0003726432,0.0135008013,0.000133728376,0.004020538,neutral
14:55:59,0.004647693,0.9280626,0.01835161,0.00220722146,0.000460090057,0.00362621946,0.000309624826,0.0423349477,neutral
14:56:04,0.0014223546,0.9875914,0.00379295275,8.46152252e-05,0.000101483667,0.00219870824,3.47645873e-05,0.004773708,neutral
14:56:09,0.0269692969,0.943716,0.0159524083,0.00119327649,0.0014148053,0.006554102,0.000607002468,0.00359309861,neutral
14:56:14,0.002306943,0.9739316,0.00182596582,0.000267147378,0.0004899919,0.0198585223,0.00076086953,0.000558928063,neutral
14:56:19,0.0239615422,0.9588306,0.009946185,0.0005169571,0.0005676353,0.00517951231,0.000395221054,0.0006023276,neutral
14:56:24,0.003920366,0.970288,0.009557434,0.000224861942,0.000273669866,0.014624415,0.000510909245,0.0006003448,neutral
14:56:29,0.0437654331,0.9523939,0.00279653934,4.64701334e-05,0.000396874268,0.000481617666,9.269211e-05,2.6475107e-05,neutral
14:56:34,0.105667152,0.8897095,0.00283370074,2.36372671e-05,0.00131591945,0.000310880452,0.000131511842,7.710414e-06,neutral
14:56:44,0.13603574,0.852630138,0.008134449,0.000287027,0.002159684,0.000550759549,0.000138446863,6.375675e-05,neutral
14:56:49,0.0597215854,0.9271193,0.007895171,0.0008437335,0.00109054032,0.00186097028,0.000465714,0.00100299856,neutral
14:57:04,0.0005447547,0.893536568,0.00144754571,0.000310572475,3.041166e-05,0.00265151775,2.48506913e-05,0.101453789,neutral
14:57:09,0.0147136766,0.9015589,0.0132740643,0.00149131985,0.00277199433,0.06279126,0.00248641148,0.000912424,neutral
14:57:14,0.00282241986,0.9641714,0.00569808576,0.000426768733,0.0005085337,0.0188492425,0.0005352471,0.00698828837,neutral
14:57:19,0.04423165,0.483644724,0.436894745,0.00347712147,0.00378691219,0.0106792413,0.00108261709,0.01620299,neutral
14:58:09,0.04188274,0.9063386,0.0218897089,0.00261015282,0.00688153366,0.0131406719,0.001968759,0.005287871,neutral
14:58:14,0.08192588,0.879799366,0.0194661915,0.00164708809,0.00315676676,0.004004018,0.0006971264,0.009303594,neutral
14:58:19,0.012499908,0.9505938,0.00777655048,0.0009269033,0.0008021534,0.015850069,0.000642541447,0.0109080318,neutral
14:58:29,0.21737659,0.570266664,0.202044562,0.00123000506,0.00264995336,0.00103626214,0.0006662284,0.00472972356,neutral
14:58:39,0.05815945,0.913696945,0.0130718872,0.0005154086,0.00139451935,0.011175978,0.00166464178,0.000321183878,neutral
14:58:44,0.330960184,0.640565157,0.010031784,0.000381919876,0.000149163126,0.008806948,0.007290021,0.00181482185,neutral
14:58:54,0.0239057336,0.853844,0.00290576438,0.00274609216,0.0006551511,0.08937049,0.02466103,0.00191173551,neutral
14:58:59,0.20762834,0.758903146,0.0186122246,0.00082307827,0.0010789989,0.007844425,0.00466473261,0.000445067533,neutral
14:59:04,0.117203943,0.7945135,0.0177171342,0.00216767751,0.00114814413,0.04173925,0.0219582152,0.00355209154,neutral
14:59:09,0.01656619,0.9072621,0.0123283239,0.00145186635,0.002396025,0.0244981442,0.00219302438,0.0333043225,neutral
14:59:14,0.0247314218,0.938413441,0.009539351,0.000287391973,0.0008796694,0.0171224289,0.00223492528,0.00679139327,neutral
14:59:19,0.08579672,0.871809542,0.0240153465,0.00146897882,0.00332826772,0.00398098445,0.00154982647,0.008050335,neutral
14:59:24,0.201862335,0.761278,0.020594297,0.0006588515,0.00211236,0.0005850627,0.000510481361,0.0123986537,neutral
14:59:39,0.005417312,0.9829357,0.001392927,8.194435e-05,0.000139690121,0.009074748,0.000505365955,0.000452312961,neutral
14:59:44,0.0151075572,0.937376261,0.0118590072,0.0004664078,0.00142016937,0.0259901974,0.00275399187,0.00502643129,neutral
14:59:49,0.008190845,0.966103733,0.004307583,0.000147291721,0.000463653676,0.0178401545,0.0008691766,0.002077571,neutral
14:59:54,0.0596509054,0.9165446,0.0112853944,0.000538720633,0.0008607598,0.008913462,0.00133328908,0.0008728618,neutral
14:59:59,0.103105396,0.7370628,0.07597014,0.000642003259,0.00067527045,0.00383440475,0.00141438248,0.0772956163,neutral
15:00:04,0.10494554,0.8493236,0.0180147812,0.000290312833,0.000347447349,0.008198761,0.00192218868,0.0169574078,neutral
15:00:09,0.0361154228,0.9252291,0.0134470677,0.000372813956,0.000618788647,0.01682054,0.00223719957,0.00515907863,neutral
15:00:19,0.06450334,0.9176691,0.009048302,0.000290324533,0.0005395261,0.00597762,0.00122726208,0.0007445155,neutral
15:00:24,0.172360927,0.7936637,0.0179612078,0.0008879016,0.00108330266,0.00748633174,0.00457948959,0.00197716057,neutral
15:00:29,0.08811175,0.892943144,0.0162817445,0.0001591916,0.000289702846,0.00144797843,0.000268726668,0.000497760659,neutral
15:00:34,0.0621511526,0.918226659,0.0134946248,0.0004328649,0.0006906312,0.00347472448,0.0007767923,0.000752551248,neutral
15:00:39,0.1060204,0.850651264,0.032585822,0.000657601,0.00201361044,0.00454393355,0.00224556937,0.00128177437,neutral
15:00:44,0.05416101,0.9143803,0.0228848644,0.000446357037,0.00135546247,0.00381017756,0.0007256887,0.00223611854,neutral
15:00:49,0.0559006743,0.9111882,0.0150822112,0.0008487179,0.00152250857,0.0106458711,0.00142746407,0.00338437525,neutral
15:00:54,0.0187357385,0.949256539,0.004316718,0.00145159662,0.00439953664,0.01584186,0.00259677414,0.00340122916,neutral
15:00:59,0.146808952,0.447750568,0.3430771,0.0139211556,0.02686028,0.00300366641,0.00112156419,0.017456729,neutral
15:01:04,0.209054843,0.7019095,0.0489569455,0.00101622893,0.002287815,0.00778777851,0.013156605,0.0158302765,neutral
15:01:19,0.0260570329,0.959043741,0.009239046,0.000227550408,0.000169583654,0.00172775507,0.000135857117,0.00339944521,neutral
15:01:24,0.00507882843,0.991955042,0.00173695246,3.40310726e-05,0.0004710469,0.000622522435,6.330966e-05,3.829429e-05,neutral
15:01:39,0.0499646068,0.918383062,0.0253433455,0.000410835375,0.00279213814,0.0009913401,0.0001759659,0.00193870382,neutral
15:01:44,0.156347677,0.8155668,0.010543745,0.0008600873,0.00053958,0.00629380252,0.00359873218,0.006249572,neutral
15:01:49,0.01767494,0.9634309,0.0052514975,0.00021018734,0.0003418399,0.0116129955,0.00120463141,0.000273017737,neutral
15:02:19,0.3122094,0.6350097,0.0235728249,0.00263714627,0.00607873453,0.006075634,0.007351742,0.007064783,neutral
15:02:24,0.138101384,0.818987548,0.0288800653,0.000345454348,0.000836368359,0.00178962736,0.0007605517,0.0102990074,neutral
15:02:29,0.0355622359,0.854774952,0.00664642546,0.00112640683,0.000954872055,0.06255442,0.0279259514,0.0104547292,neutral
15:02:34,0.0228141621,0.958154857,0.001588163,7.94703446e-05,0.000200999668,0.0143083194,0.00194911927,0.000904880348,neutral
15:02:49,0.258585572,0.7275196,0.00578230852,0.000179375522,5.28652636e-05,0.00375068979,0.0036201675,0.000509432342,neutral
15:02:54,1.090312e-07,7.722395e-07,5.46214238e-08,1.62769447e-05,0.000218903369,7.212938e-06,1.05640447e-06,0.9997556,happiness
15:03:09,0.0289174635,0.9104449,0.007965692,0.00330375531,0.0044385884,0.0177505109,0.006279676,0.020899402,neutral
15:03:14,0.0212519858,0.9027535,0.009912287,0.00109291519,0.0009317057,0.01674688,0.005449416,0.0418613553,neutral
15:03:19,0.0317828059,0.9451687,0.010427041,0.00111220917,0.00210969057,0.00243485929,0.000415771065,0.00654893368,neutral
15:03:24,0.009202319,0.857339144,0.004496235,0.00218672864,0.00286382227,0.111869566,0.006847837,0.00519432966,neutral
15:03:44,0.315022,0.6767554,0.005875386,0.0002895333,0.000291501521,0.0008516498,0.000459144125,0.000455392961,neutral
15:03:54,0.228808224,0.681661844,0.0219498817,0.002013112,0.00141535734,0.009233286,0.0144793056,0.0404389836,neutral
15:03:59,0.042648,0.7924006,0.0261363424,0.0008809927,0.0005528512,0.00313226436,0.00107383856,0.133175075,neutral
15:04:04,0.0165014882,0.981162,0.0005471866,2.267768e-05,4.758346e-05,0.00136682868,0.000341498351,1.06991492e-05,neutral
15:04:09,0.214570239,0.77217555,0.00700051663,0.000139972079,5.328623e-05,0.00299230963,0.00250513037,0.000562977162,neutral
15:04:14,0.0218331888,0.955196857,0.005309798,0.000283758942,0.000277193583,0.0135035934,0.00141088245,0.002184709,neutral
15:04:24,0.2649892,0.681190431,0.0125664389,0.000826273637,0.000396448158,0.0219149832,0.0172759723,0.000840293069,neutral
15:04:34,0.0241467934,0.9418841,0.012774975,0.00203271722,0.00304441527,0.0105833951,0.00138464558,0.004148966,neutral
15:04:39,0.1454243,0.8353545,0.000833473634,8.37695043e-05,2.4623092e-05,0.0122393984,0.005798733,0.000241196933,neutral
15:04:44,0.007669143,0.972095251,0.00675214175,0.000379354577,0.0006234241,0.006381488,0.0009785657,0.00512064248,neutral
15:04:59,0.004697903,0.8731781,0.005150837,0.00273162359,0.0005087588,0.09671955,0.0111980755,0.005815139,neutral
15:05:09,0.0181212258,0.8858194,0.00356407068,0.00101451215,0.00131709746,0.0740051046,0.00389146,0.0122671658,neutral
15:05:14,8.003509e-07,1.5721962e-06,2.08197743e-08,8.740219e-06,0.0007865023,1.4610614e-05,3.73093485e-06,0.999184,happiness
15:05:19,0.00633570272,0.938053548,0.0100011285,0.000923160231,0.0009130971,0.03675778,0.002021784,0.004993828,neutral
15:05:24,0.0045347563,0.904988766,0.00763475755,0.0009065491,0.000701941259,0.07446354,0.003115786,0.00365393655,neutral
15:05:39,0.0111817429,0.962119162,0.0100476453,0.0007682282,0.00158545934,0.00833934452,0.0009125337,0.00504588848,neutral
15:05:49,0.0816491246,0.8653092,0.03738437,0.0008034878,0.00120052614,0.0035531898,0.002177449,0.007922657,neutral
15:05:59,0.04446003,0.9403364,0.0018950199,0.000368597452,0.002633922,0.009190319,0.0009982074,0.000117482312,neutral
15:06:14,0.0298366323,0.9322135,0.00562612573,0.0003539891,0.00174047565,0.0180864464,0.004113591,0.008029272,neutral
15:06:19,0.0185594615,0.970414162,0.001312002,9.50369358e-05,0.000621725456,0.00816531,0.000763348,6.89439039e-05,neutral
15:06:24,0.0398057,0.9529437,0.002054578,6.735024e-05,0.000323091022,0.00392495142,0.000734088768,0.000146560618,neutral
15:06:29,0.08604182,0.9038945,0.00590468338,0.000215026,0.0006733653,0.002251156,0.000322760839,0.0006967108,neutral
15:06:39,0.151933208,0.810554266,0.0291163083,0.00109156221,0.00199724222,0.003217389,0.00118539156,0.0009046547,neutral
15:06:59,0.04107724,0.589462459,0.0159535911,0.00585890934,0.00260856049,0.215754628,0.120268852,0.009015757,neutral
15:07:04,0.0790077,0.7772092,0.0076884334,0.0111753978,0.0030899772,0.08871518,0.0283877347,0.00472633261,neutral
15:07:09,0.0767329261,0.730157,0.009522379,0.00540480344,0.00120599533,0.1133772,0.0558935367,0.007706135,neutral
15:07:14,0.03940656,0.9054749,0.00774137024,0.000636356359,0.00038828337,0.0385226123,0.00571761373,0.00211230572,neutral
15:07:19,0.032327015,0.877105951,0.0188937671,0.000722761,0.0008766192,0.01377891,0.00117673574,0.0551182181,neutral
15:07:24,0.06070709,0.823325932,0.00616189651,0.00302380882,0.002259822,0.0752483159,0.02319409,0.006079054,neutral
15:07:29,0.0291564018,0.8297229,0.0371774435,0.001323991,0.00149522768,0.0145449759,0.00340422755,0.0831748247,neutral
15:07:34,0.06441373,0.8871948,0.00607485324,0.0016963376,0.00164971943,0.01951917,0.00478263,0.0146687329,neutral
15:07:39,0.016963372,0.9668914,0.006570188,0.000419153715,0.00134968373,0.004907758,0.000698848453,0.00219960418,neutral
15:07:44,0.125193089,0.857376456,0.00140750047,7.28383238e-05,2.34193449e-05,0.008178069,0.007420597,0.000327997142,neutral
15:07:49,0.009462063,0.986316264,0.001529996,8.415757e-05,7.76553861e-05,0.0022293434,0.000113564573,0.000186973659,neutral
15:07:54,0.0126413666,0.9701739,0.00201519416,0.00012061969,0.000265283,0.0134534305,0.0006537351,0.000676483847,neutral
15:08:14,0.01606685,0.945931256,0.003121433,0.0002962163,0.000380712154,0.0281378645,0.00255154446,0.00351410313,neutral
15:08:19,0.0147064105,0.9086533,0.0362020135,0.000415136077,0.0004095006,0.00134727987,5.4666194e-05,0.0382116847,neutral
15:08:24,0.080465,0.899613142,0.008942704,0.0005459331,0.00165267114,0.006010997,0.002436815,0.0003327161,neutral
15:08:29,0.0384306237,0.620123565,0.01824667,0.00118050538,0.00103672571,0.00182037987,0.001948579,0.317212969,neutral
15:08:34,0.037316598,0.6084301,0.330887,0.008670243,0.007227119,0.0022880605,0.000250036479,0.004930827,neutral
