Q16,14:49:28,0.009266293,0.9876635,0.000292696117,4.16346e-06,3.9364917e-05,0.00254562451,0.000187075217,1.26491022e-06,neutral
Q17,14:49:33,0.001396484,0.9944143,0.00338322739,2.32500515e-05,4.28630956e-05,0.000160722891,2.50301514e-06,0.0005766323,neutral
Q17,14:49:38,0.000650393253,0.99312973,0.00529279839,1.12815223e-05,4.49756735e-05,7.925097e-05,1.02452486e-06,0.0007905293,neutral
Q17,14:49:43,0.00108623365,0.9823993,0.0005996544,6.24572349e-05,9.736986e-05,0.0156378634,1.80597053e-05,9.91009147e-05,neutral
Q17,14:49:48,0.007197179,0.9897887,0.00157180068,5.1337167e-05,4.23275851e-05,0.001220343,5.766631e-06,0.000122533369,neutral
Q17,14:49:53,0.00258864718,0.9657735,0.00232229917,0.000206415149,0.000358447665,0.0284238011,0.000118770746,0.000208120211,neutral
Q17,14:49:58,0.00172991853,0.990514457,0.001093617,6.183301e-05,0.00015065576,0.00612324057,5.26863e-05,0.000273608457,neutral
Q17,14:50:03,0.00369291,0.9877426,0.0007195227,0.000154565292,0.0002070716,0.006969774,0.00012687764,0.0003866652,neutral
Q17,14:50:08,0.00517369667,0.992231131,0.002011444,5.02827643e-05,6.55714539e-05,0.0003244718,6.83164035e-06,0.00013658838,neutral
Q17,14:50:13,0.009767088,0.9620131,0.00208487082,0.00166943867,0.00127518049,0.0220407844,0.000274686783,0.000874822959,neutral
Q17,14:50:18,0.0356947966,0.868694842,0.007355648,0.009026977,0.00655302,0.06901342,0.00266329735,0.0009979996,neutral
Q17,14:50:23,0.0103611657,0.9603637,0.00175589777,0.000890329538,0.0006641984,0.0256451089,0.000210706814,0.000108918241,neutral
Q17,14:50:28,0.0551809669,0.92969346,0.00092110777,0.00443761,0.001392983,0.008231664,9.358535e-05,4.86024946e-05,neutral
Q17,14:50:33,0.00721365958,0.990857244,0.00149004313,4.67551654e-05,0.000110845285,0.000237910164,9.350748e-06,3.42007443e-05,neutral
Q17,14:50:38,0.0135590415,0.9581693,0.00179170712,0.00150831975,0.000397136057,0.0235141683,0.000138488773,0.000921883737,neutral
Q17,14:50:43,0.00675171148,0.981100559,0.00128787651,0.0004216167,0.0002547391,0.009948281,5.60173867e-05,0.000179184179,neutral
Q17,14:50:48,0.00240089744,0.9949859,0.0020408046,3.23871645e-05,0.00023319514,0.000268393167,5.65105347e-06,3.276837e-05,neutral
Q17,14:50:53,0.00725119747,0.970867336,0.0004433014,0.00010345981,0.00110444415,0.0201251842,9.070292e-05,1.437948e-05,neutral
Q17,14:50:58,0.008576657,0.9532759,0.0009496296,0.000286693423,0.00150245556,0.0352798738,0.0001156922,1.30617409e-05,neutral
Q17,14:51:03,0.00188120257,0.982381046,0.00123004091,0.000117081036,0.00140914368,0.0128944125,4.48973078e-05,4.21495351e-05,neutral
Q17,14:51:08,0.00288621034,0.9911367,0.00128341839,2.31573358e-05,0.000136274277,0.0044601406,2.52151312e-05,4.88382648e-05,neutral
Q17,14:51:13,0.00592986634,0.892767251,0.003065193,0.000614868943,0.00108586776,0.09563258,0.000422194018,0.000482191972,neutral
Q17,14:51:18,0.008460135,0.9305786,0.0008318443,0.000399744924,0.0001827079,0.059323106,7.801746e-05,0.0001458754,neutral
Q17,14:51:23,0.0061099357,0.923745453,0.00323016034,0.00094633206,0.000414348644,0.0650287941,0.000268620352,0.000256333,neutral
Q17,14:51:28,0.008103972,0.969348967,0.00131077308,0.00047446895,9.409589e-05,0.0201988816,7.552155e-05,0.000393308816,neutral
Q18,14:51:38,0.008635525,0.988775134,0.00119853462,9.898874e-05,5.987777e-05,0.00105702144,2.255852e-05,0.000152359717,neutral
Q18,14:51:43,0.00733820861,0.931287646,0.00200710772,0.00222219317,0.0012270537,0.0540254153,0.0007324026,0.00115997309,neutral
Q18,14:51:48,0.001904551,0.977239251,0.0008875164,9.033151e-05,9.750189e-05,0.0190554764,4.640936e-05,0.0006789358,neutral
Q18,14:51:53,0.016995823,0.9758056,0.002273066,0.00027477293,0.00117684691,0.00303698541,0.0002536982,0.000183200988,neutral
Q18,14:51:58,0.00171199522,0.99697423,0.00120314537,1.11995305e-05,2.92985478e-05,5.04841155e-05,8.428037e-07,1.87843252e-05,neutral
Q18,14:52:03,0.00696956832,0.9914251,0.00115230668,1.96403362e-05,0.000195413988,0.00015884258,4.04854654e-06,7.508131e-05,neutral
Q18,14:52:08,0.0319830254,0.956589937,0.00187974307,0.000239449742,0.007735347,0.0006438243,7.45459838e-05,0.0008540991,neutral
Q18,14:52:23,0.00339904567,0.9911859,0.00184330135,0.0004448936,0.000100945785,0.00163708813,5.64467427e-06,0.00138314918,neutral
Q18,14:52:28,0.00400872063,0.98388,0.000973294547,0.000206353114,7.29515741e-05,0.009980765,2.475339e-05,0.000853208,neutral
Q18,14:52:33,0.000799861329,0.956085742,0.0011979501,5.72941426e-05,0.000400040357,0.0412935466,6.474779e-05,0.00010080995,neutral
Q18,14:52:43,0.0037040445,0.9137572,0.00314171147,0.000382260565,0.000444096135,0.0780974,0.000342741783,0.000130519329,neutral
Q18,14:52:48,0.0194295049,0.9565239,0.00249600783,0.000299189036,0.0049040243,0.0160958935,0.000192916166,5.85854941e-05,neutral
Q18,14:52:53,0.008725762,0.9858143,0.00346040446,0.000118979035,0.00118264137,0.000669102359,7.589251e-06,2.126632e-05,neutral
Q18,14:52:58,0.02739394,0.969011068,0.00160697545,0.000198261609,0.0001729859,0.00157966744,3.69023178e-06,3.34060169e-05,neutral
Q18,14:53:03,0.009649833,0.9825587,0.0021049,0.000109634391,0.00205350248,0.003449375,2.69355114e-05,4.70928535e-05,neutral
Q18,14:53:08,0.009988491,0.969823658,0.00115709228,0.000173625522,0.003055203,0.0156275276,8.093456e-05,9.344963e-05,neutral
Q18,14:53:13,0.009991755,0.988570333,0.0004585983,1.32096393e-05,0.0002985887,0.000654807664,7.50077243e-06,5.202148e-06,neutral
Q18,14:53:23,0.007525366,0.9198078,0.000497265137,0.000110405766,0.000591669232,0.0712017,0.000193914937,7.187721e-05,neutral
Q18,14:53:28,0.029122794,0.9629082,0.000717850344,0.000102303173,0.00120986754,0.005667251,0.000109573724,0.000162175624,neutral
Q18,14:53:33,0.0303116813,0.9663816,0.00022199456,2.03339732e-05,0.0003672652,0.00263082213,6.279788e-05,3.5185642e-06,neutral
Q18,14:53:38,0.006335495,0.98654443,0.0008381677,5.401447e-05,0.00153068872,0.004623078,5.38231834e-05,2.02858155e-05,neutral
Q19,14:53:43,0.0118322792,0.9753838,0.00177190336,0.0003392325,0.000634174852,0.002865832,9.719248e-05,0.00707558542,neutral
Q19,14:53:48,0.0189731717,0.9808303,2.76153442e-05,4.273927e-05,3.22636952e-05,8.628285e-05,4.77299835e-08,7.54387156e-06,neutral
Q19,14:53:53,0.00257444754,0.9810958,0.009734951,0.000344576518,0.001584118,0.0011821487,4.83940967e-05,0.003435582,neutral
Q19,14:53:58,0.0104674622,0.9818971,0.00483770343,0.0002614826,9.79464457e-05,0.000173785418,5.898398e-06,0.002258585,neutral
Q19,14:54:03,0.0032131325,0.9868267,0.00271437643,0.000513882,0.000384875457,0.00589271262,7.434941e-05,0.000379927456,neutral
Q19,14:54:08,0.00354368915,0.993661761,0.002684874,1.30844437e-05,4.35246875e-05,3.58316029e-05,1.57489842e-06,1.5657788e-05,neutral
Q19,14:54:13,0.000914625532,0.9798973,0.00106133032,0.000263077731,0.0002974456,0.0164978616,2.753309e-05,0.00104078639,neutral
Q19,14:54:18,0.003757284,0.9767268,0.001189756,0.00030283173,0.0004294234,0.0171987955,0.000149769388,0.0002453412,neutral
Q19,14:54:23,0.000828373537,0.9972706,0.000416941737,1.39850108e-05,3.74488955e-05,0.00141220517,4.2138804e-06,1.622299e-05,neutral
Q19,14:54:33,0.002583103,0.98034054,0.000500388851,0.0001461337,0.000266436138,0.0160556938,3.843145e-05,6.926699e-05,neutral
Q19,14:54:38,0.0006792364,0.9986019,0.000125807244,3.162187e-06,2.61477016e-05,0.000552833837,1.75441164e-06,9.173315e-06,neutral
Q19,14:54:43,0.00275872368,0.967938244,0.00131343445,0.0003184853,0.00104957679,0.0262793656,0.000138349453,0.000203802221,neutral
Q19,14:54:48,0.00202802615,0.978346169,0.0005956151,0.000104422863,0.0002095413,0.01855801,5.01676623e-05,0.000108054111,neutral
Q19,14:54:53,0.002386514,0.962190032,0.004334693,0.000235829983,0.000505405,0.0299322382,0.000233150946,0.00018215779,neutral
Q19,14:54:58,0.00232642959,0.9486009,0.00543348771,0.000176894217,0.0009164526,0.039512448,9.959423e-05,0.00293377833,neutral
Q19,14:55:03,0.0135977138,0.9062368,0.007973043,0.003450769,0.04650921,0.0208049677,0.000676505,0.0007509911,neutral
Q19,14:55:08,0.0119458614,0.955619752,0.00139985234,0.0007521995,0.0005723578,0.0294320416,5.05096032e-05,0.000227440338,neutral
Q19,14:55:13,0.008011663,0.873813033,0.00259004836,0.00207321066,0.0035491006,0.10844408,0.00060847163,0.0009104046,neutral
Q19,14:55:18,0.00292894687,0.9742276,0.008968451,6.886515e-05,0.0132001676,0.000446693477,2.51403726e-05,0.000134113521,neutral
Q19,14:55:23,0.0107658114,0.1561458,0.008171855,0.0261325836,0.219723418,0.5535619,0.00926487148,0.0162337217,surprise
Q19,14:55:28,0.005337778,0.9893329,0.000859700143,7.410085e-05,4.586359e-05,0.00415858859,8.000755e-06,0.000183072843,neutral
Q20,14:55:33,0.000572537538,0.998544633,0.0002418042,1.39705639e-06,0.000139560361,0.000490077,9.119513e-06,8.450511e-07,neutral
Q20,14:55:43,0.00602447148,0.9907614,0.00127920241,0.0004470119,0.000117292606,0.000801355345,1.48330791e-05,0.0005544266,neutral
Q20,14:55:48,0.03315644,0.965591431,0.0007667332,0.0001955204,0.000111819929,0.000154221023,7.839066e-06,1.59848314e-05,neutral
Q20,14:55:53,0.0002626471,0.0031753236,7.768277e-05,0.000935662,0.000296934915,8.022348e-05,6.09347e-06,0.9951654,happiness
Q20,14:55:58,0.00192294118,0.37850824,0.00360608916,0.000454321416,0.000189726663,0.0014964802,3.298364e-05,0.6137892,happiness
Q20,14:56:03,0.0205547251,0.9755207,0.00158390263,0.000376791519,0.0004910999,0.00109677948,8.609636e-05,0.000289960968,neutral
Q20,14:56:08,0.0027681645,0.9966025,0.000459006667,5.06170954e-06,2.14937572e-05,0.000132295056,2.19753133e-06,9.288111e-06,neutral
Q20,14:56:18,0.0054393257,0.9906689,0.003582149,1.08234626e-05,0.000109191613,0.000176160043,9.03722048e-06,4.40192025e-06,neutral
Q20,14:56:23,0.00371697778,0.9553444,0.01053346,0.000159966716,0.000147142142,0.000131048277,4.63838342e-06,0.0299623981,neutral
Q20,14:56:28,0.0128749823,0.9839926,0.00268130843,0.00011599197,0.000128580112,9.745935e-05,2.07261542e-06,0.000107023458,neutral
Q20,14:56:33,0.008477045,0.9903858,0.0009941391,1.55606012e-05,3.506522e-05,8.029847e-05,1.48926938e-06,1.06095467e-05,neutral
Q20,14:56:38,0.0208321437,0.9765404,0.0014194526,0.000145365382,0.0002533576,0.000573794066,3.65988926e-05,0.000198900219,neutral
Q20,14:56:43,0.0132434675,0.985539436,0.000515881635,5.08075245e-05,1.967638e-05,0.0005993687,2.909127e-06,2.84348462e-05,neutral
Q20,14:56:48,0.007806597,0.9809004,0.0002460641,8.044187e-05,5.98077168e-05,0.0108601553,3.32381424e-05,1.33046487e-05,neutral
Q20,14:56:53,0.006480388,0.9818971,0.00196767272,0.0002072595,0.000895980746,0.008273063,0.0001610694,0.000117461655,neutral
Q20,14:56:58,0.00173812464,0.9969809,0.000829772558,1.06266543e-05,0.0001766681,0.000246318261,1.01872674e-05,7.390073e-06,neutral
Q20,14:57:03,0.00373789482,0.995334744,0.0006552278,4.99732823e-06,6.97717551e-05,0.000175252673,1.79720937e-05,4.12132749e-06,neutral
Q20,14:57:18,0.011919491,0.986125231,0.000831700047,0.000136662449,5.116794e-05,0.000437048,4.65878475e-06,0.000494017557,neutral
Q20,14:57:23,0.00199850067,0.95816493,0.00727118459,0.000178810151,0.00120747113,0.00435589068,0.000139330281,0.0266839042,neutral
Q20,14:57:28,0.0007539662,0.9958123,0.00177640666,2.49930035e-05,0.0003107312,0.0012508264,8.629217e-06,6.217375e-05,neutral
Q20,14:57:33,0.00542704435,0.9878083,0.00116578711,5.339121e-05,0.000825746567,0.004438389,0.000203561038,7.779466e-05,neutral
Q20,14:57:38,0.00373622868,0.9912988,0.001716417,8.37485059e-05,0.000671631831,0.002449643,3.38050049e-05,9.716659e-06,neutral
Q20,14:57:43,0.0016634193,0.9875205,0.000650091155,4.72599e-05,0.000360267673,0.00967579149,6.91175155e-05,1.35088976e-05,neutral
Q20,14:57:48,0.00288594258,0.946731746,0.00184447889,0.000208509417,0.0008342994,0.04687178,0.000283553032,0.0003396872,neutral
Q20,14:57:53,0.00279499521,0.937794566,0.00090145407,0.000204077383,0.0007737535,0.0570359267,0.0003759311,0.000119305041,neutral
Q20,14:57:58,0.0179332811,0.979282737,0.0009230078,2.10873368e-05,0.000929094444,0.0008746883,2.99372678e-05,6.16009e-06,neutral
Q20,14:58:03,0.05317018,0.9457251,0.0002690751,4.273552e-05,0.000212393585,0.0005491467,9.509375e-06,2.1856913e-05,neutral
Q20,14:58:08,0.0139345815,0.97418046,0.00134508382,2.76331684e-05,0.0101768067,0.000299475156,2.732676e-05,8.652446e-06,neutral
Q20,14:58:13,0.0031648865,0.881233752,0.00239975052,0.000350140472,0.000242900482,0.112067506,0.000264652,0.000276414969,neutral
Q20,14:58:18,0.000558288652,0.9899727,0.000197737216,1.33469121e-05,9.578613e-05,0.00914640352,6.373771e-06,9.378357e-06,neutral
Q20,14:58:23,0.0006752115,0.9851135,0.0002480773,1.96128822e-05,0.0002543311,0.0136583978,2.43502673e-05,6.51979826e-06,neutral
Q20,14:58:28,0.001892063,0.994974136,0.00171832915,1.989948e-05,0.000387076929,0.0009914414,1.21364747e-05,4.910552e-06,neutral
Q20,14:58:33,0.000600068364,0.999216,0.000111085574,4.93873245e-07,3.79570738e-05,3.29779941e-05,8.69689131e-07,5.413553e-07,neutral
Q20,14:58:38,0.008022677,0.9904181,0.0006504758,8.479621e-06,0.0005231108,0.000367409841,8.11649e-06,1.6410238e-06,neutral
Q20,14:58:43,0.0157179516,0.9799929,0.000103530772,4.63369e-05,0.000101660073,0.004022738,2.54585984e-06,1.22900756e-05,neutral
Q20,14:58:48,0.00605364144,0.992284536,0.000547008065,8.466419e-06,0.0007358791,0.0003454289,1.988498e-05,5.13288069e-06,neutral
Q20,14:58:53,0.0299625751,0.962046146,0.00409152359,6.796349e-05,0.00192783179,0.001826307,6.58206045e-05,1.18195685e-05,neutral
Q21,14:58:58,0.0005708406,0.8387258,0.000653905445,0.000159549847,0.000460206327,0.15898779,0.0002982086,0.0001437155,neutral
Q21,14:59:03,0.00269477745,0.967327654,0.00298814243,9.47127046e-05,0.000308774965,0.0262239687,0.0003094713,5.252607e-05,neutral
Q21,14:59:08,0.00523795327,0.8952758,0.0111724986,0.00119163084,0.000783783442,0.08513474,0.000663537241,0.0005400872,neutral
Q21,14:59:13,0.00715912832,0.921391845,0.00489193061,0.00144630566,0.000758623763,0.06326558,0.000540495443,0.000546080759,neutral
Q21,14:59:18,0.0117278825,0.8131217,0.00216122973,0.001251122,0.00560496375,0.163295865,0.00264791818,0.000189320752,neutral
Q21,14:59:23,0.004236257,0.9558579,0.00592257176,0.0005018755,0.000476803951,0.03229717,0.0005209957,0.000186464284,neutral
Q21,14:59:28,0.003633859,0.951506138,0.00191353273,0.00117281312,0.00118267245,0.03966208,0.000364295527,0.000564633461,neutral
Q21,14:59:33,0.0235039219,0.9736537,0.000357654819,0.0004782045,6.53587849e-05,0.00192097679,2.72578473e-06,1.745728e-05,neutral
Q21,14:59:38,0.000544527837,0.988939047,0.007045091,2.69290376e-05,0.00182658306,0.00118106394,6.88884165e-06,0.000429895968,neutral
Q21,14:59:43,0.0212709177,0.9434711,0.02609709,0.00030855462,0.005360245,0.003221677,0.000133119145,0.000137335359,neutral
Q21,14:59:48,0.0301827881,0.9451464,0.0146603249,0.000159431918,0.00240673381,0.007238248,0.000141261786,6.485124e-05,neutral
Q21,14:59:53,0.00302292546,0.9905621,0.00138239469,1.21278426e-05,0.000178300645,0.004721799,2.51667188e-05,9.52167247e-05,neutral
Q21,14:59:58,0.00329584116,0.919920743,0.0008580285,0.000497737143,0.000783915631,0.0734857544,0.0002504107,0.0009075508,neutral
Q21,15:00:03,0.00295549235,0.994224131,0.00104753871,1.30849712e-05,0.000726189,0.0009946768,8.632026e-06,3.02674853e-05,neutral
Q21,15:00:08,0.00348289544,0.986318469,0.00627249526,7.95580054e-05,0.00101605989,0.00275241327,1.97616337e-05,5.83538349e-05,neutral
Q21,15:00:13,0.00232718675,0.9795104,0.0118649341,7.037112e-05,0.00131270173,0.00415826077,3.67865359e-05,0.0007193438,neutral
Q22,15:00:18,0.00348833622,0.86101824,0.00132794445,0.0006195737,0.00108815962,0.131377086,0.0004505522,0.0006301005,neutral
Q22,15:00:23,0.00294210855,0.96270436,0.00129736355,0.00020032913,0.00145581889,0.0310848933,8.079776e-05,0.000234318839,neutral
Q22,15:00:28,0.00238800375,0.9623133,0.0008358924,0.000176773814,0.0002670949,0.03383362,2.6979822e-05,0.0001583442,neutral
Q22,15:00:33,0.00221168716,0.970926,0.00032922675,8.016218e-05,0.000295880658,0.0259243175,0.000167360326,6.5406246e-05,neutral
Q22,15:00:38,0.002209835,0.957900465,0.000776231231,0.000179213312,0.00033657017,0.0382046551,0.000119751247,0.0002733,neutral
Q22,15:00:43,0.001668282,0.997081161,0.00070727,7.49002675e-06,2.80645891e-05,0.000385822437,3.14347881e-06,0.0001187861,neutral
Q22,15:00:48,0.001299188,0.960123837,0.000655145734,0.0001516348,0.0004582124,0.0370939746,5.27611228e-05,0.000165226476,neutral
Q22,15:00:53,0.00410907948,0.939866662,0.0004941645,0.000168770057,0.0002457356,0.0549032167,2.18010846e-05,0.000190590072,neutral
Q22,15:01:03,0.006318394,0.9917098,0.000153618632,1.81436189e-05,1.267801e-05,0.00116889016,1.2020223e-06,0.000617269659,neutral
Q22,15:01:08,0.0005247856,0.9908043,0.00346233672,2.13340718e-05,8.861823e-05,0.000139180644,1.71091142e-06,0.004957743,neutral
Q22,15:01:13,0.0007439361,0.9971532,0.000466203521,9.40426e-06,0.000123936625,0.00149460824,2.84704947e-06,5.864116e-06,neutral
Q22,15:01:18,0.002531269,0.955844164,0.000488666235,5.79177322e-05,0.000288349664,0.0405588262,0.000141522411,8.926183e-05,neutral
Q22,15:01:23,0.00050125,0.9762848,0.00048351704,4.23044839e-05,0.0002877904,0.0223603416,1.5727941e-05,2.42565657e-05,neutral
Q22,15:01:28,0.03813489,0.959385633,0.000313529046,8.597474e-05,0.000101115358,0.00195251463,3.38185828e-06,2.29408452e-05,neutral
Q22,15:01:33,0.0444991961,0.8935269,0.00154655869,0.0005519128,0.0007027154,0.05843098,0.000653228664,8.848198e-05,neutral
Q22,15:01:43,0.002474194,0.9333247,0.001934398,0.000451312721,0.000361532875,0.0601348467,4.48136125e-05,0.00127422553,neutral
Q22,15:01:48,0.00161589542,0.80672127,0.0015326679,0.000863391964,0.0012627308,0.186626479,0.000103714345,0.00127384148,neutral
Q22,15:01:53,0.0007452861,0.9985456,0.000373983639,4.22248831e-06,5.37773522e-05,0.000177651455,1.80359064e-06,9.769801e-05,neutral
Q22,15:01:58,0.00146328576,0.9302431,0.000466034369,7.982631e-05,0.000334007636,0.0672431,3.5350964e-05,0.000135332768,neutral
Q22,15:02:03,0.0007672571,0.8974796,0.000389180146,8.53318852e-05,0.000275622879,0.1008654,1.08523118e-05,0.000126766623,neutral
Q22,15:02:08,0.00100696681,0.9768327,0.000428959931,5.52876045e-05,0.0002704302,0.0213525351,7.39349935e-06,4.57119349e-05,neutral
Q22,15:02:13,0.00119721366,0.990213,0.000201360424,8.475125e-06,2.71418212e-05,0.008258119,7.379896e-05,2.09368827e-05,neutral
Q22,15:02:18,0.00129354151,0.9834408,0.0002910012,2.757766e-05,8.246574e-05,0.0147649972,6.910869e-05,3.04775149e-05,neutral
Q22,15:02:23,0.00398995,0.9940285,0.000813371968,2.06193781e-05,0.000234620471,0.0008330879,5.06393953e-05,2.91778742e-05,neutral
Q22,15:02:28,0.00133920042,0.995172739,0.000270875316,7.14055568e-06,2.80803069e-05,0.00314529845,1.94766471e-05,1.71679312e-05,neutral
Q22,15:02:33,0.00235414482,0.98839,0.00342048169,2.63715829e-05,0.0002511035,0.00360777,7.57213638e-05,0.001874373,neutral
Q22,15:02:38,0.0003396888,0.995196939,0.0009910584,1.5583315e-05,0.000124786835,0.00311193941,1.12133494e-05,0.000208814468,neutral
Q22,15:02:43,0.00101070956,0.991968751,0.004391067,1.71574484e-05,0.00050155283,0.00204307213,1.504642e-05,5.26449367e-05,neutral
Q22,15:02:48,0.0028003538,0.995837569,0.000270044344,3.312166e-06,0.000986102,8.66895e-05,7.36000356e-06,8.561839e-06,neutral
Q22,15:02:53,0.007001399,0.971879363,0.0168604478,6.52096351e-05,0.00212261244,0.00194243167,4.428805e-05,8.425951e-05,neutral
Q22,15:02:58,0.00395187829,0.9932577,0.00167984131,1.09859375e-05,0.0001230508,0.000859453052,3.209715e-05,8.49793e-05,neutral
Q22,15:03:08,6.539994e-08,9.5507275e-08,4.16184882e-08,3.33930821e-08,2.54904279e-07,3.94397034e-07,7.39296269e-09,0.9999991,happiness
Q23,15:03:13,1.24291448e-08,1.131187e-06,3.89562865e-06,4.330427e-08,3.46624169e-08,5.414464e-08,4.1275966e-10,0.9999948,happiness
Q23,15:03:18,0.000216626591,0.9940398,0.00154234027,2.72608918e-06,1.54215049e-05,0.000185564641,3.701738e-07,0.00399717037,neutral
Q23,15:03:23,0.00161673687,0.990755,0.00644771568,2.11452461e-05,0.0005835075,5.26575e-05,1.49946175e-06,0.0005217176,neutral
Q23,15:03:33,0.0005640605,0.9505687,0.0061412314,1.579482e-05,9.573545e-05,0.0002804509,1.96494261e-06,0.0423320867,neutral
Q14,15:03:38,0.0432874337,0.94780153,0.0005200132,0.000128926549,0.000464899116,0.0007547367,4.55747831e-05,0.00699687237,neutral
Q23,15:03:43,0.162889913,0.8294406,0.004522942,0.000197060974,0.000815462554,0.000426222425,0.000183108408,0.001524678,neutral
Q23,15:03:48,0.008786152,0.952439,0.00107205287,0.000312954275,0.000389571476,0.0365207121,5.869703e-05,0.0004208602,neutral
Q23,15:03:53,0.0007892026,0.9770622,0.00225223321,0.000131409135,0.0004168303,0.0164473988,4.18084164e-05,0.00285890885,neutral
Q23,15:03:58,0.00388544635,0.9523645,0.00385943265,0.00105866615,0.00390469562,0.0327486,0.00028288702,0.0018957837,neutral
Q23,15:04:03,0.00245718379,0.9918717,0.00252500549,7.729759e-05,0.000817850232,0.002048907,1.24290627e-05,0.0001896013,neutral
Q23,15:04:08,0.000854429032,0.982173264,0.007654091,1.72240452e-05,7.379993e-05,0.0004768748,3.77283959e-06,0.008746517,neutral
Q23,15:04:13,0.00101610913,0.9901852,0.000721275865,7.232524e-05,0.000570458651,0.00718665728,4.271851e-05,0.000205241959,neutral
Q23,15:04:18,0.0004931943,0.9964829,0.000485313823,7.830599e-06,7.402478e-05,0.00241118274,1.4505805e-06,4.40935873e-05,neutral
Q23,15:04:23,0.00238794461,0.9831667,0.00364343147,0.0002404745,0.00128969422,0.008865253,3.5684352e-05,0.000370823866,neutral
Q23,15:04:28,0.00293657579,0.9843481,0.00278417859,0.000206151672,0.00161929242,0.00765835727,2.40815716e-05,0.000423237856,neutral
Q23,15:04:33,0.002362671,0.989571631,0.00388110965,8.026951e-05,0.0006259261,0.002712533,1.23441014e-05,0.000753489,neutral
Q23,15:04:38,0.00108078355,0.9875164,0.00186493841,0.000104944666,0.000794385443,0.008524873,1.81655159e-05,9.55331561e-05,neutral
Q23,15:04:43,0.00669096969,0.981357753,0.00161563919,0.00016364675,0.00157843577,0.008510984,4.27528721e-05,3.98100237e-05,neutral
Q23,15:04:48,0.000702436839,0.994479,0.00144154322,4.70813429e-05,0.002707894,0.000215444874,5.77397259e-06,0.0004008308,neutral
Q23,15:04:53,0.00398123777,0.989745259,0.0006910125,3.43480169e-05,0.00146425806,0.00396167953,4.35332367e-05,7.865819e-05,neutral
Q23,15:04:58,0.000739503244,0.9950939,0.00348865357,1.35629589e-05,0.000385806634,0.00019490665,1.29198349e-06,8.23710943e-05,neutral
Q23,15:05:03,0.0005435958,0.9920039,0.000974480237,4.815907e-05,0.000435877679,0.005742406,1.38299747e-05,0.000237729124,neutral
Q23,15:05:08,0.0003355447,0.9949711,0.0006682439,1.99806764e-05,0.0002372032,0.00371219567,7.752985e-06,4.79695627e-05,neutral
Q24,15:05:13,0.0014462762,0.9951404,0.00141860568,3.779e-05,0.000456336566,0.0009172686,2.48250144e-05,0.000558514148,neutral
Q24,15:05:18,0.000592522149,0.969336331,0.000464268553,6.537213e-05,0.0002482303,0.0289201923,7.75273e-05,0.000295565027,neutral
Q24,15:05:23,0.004294162,0.957735538,0.00126197934,0.000455092668,0.000309959956,0.0355801173,7.68497848e-05,0.00028629016,neutral
Q24,15:05:28,0.00226606359,0.9583545,0.0013428441,0.0001752337,0.0007991494,0.0363970138,5.40819965e-05,0.0006111499,neutral
Q24,15:05:33,0.0254900083,0.97382617,0.0004158668,2.09870723e-06,0.00018963695,4.94340056e-05,1.31488705e-05,1.36517374e-05,neutral
Q24,15:05:38,0.0172120146,0.9619194,0.003443654,0.000126566782,0.0029784895,0.01381283,0.000294324855,0.000212667321,neutral
Q24,15:05:43,0.00474092131,0.9804961,0.00196425454,0.000151206666,0.000530957768,0.0112515995,3.0747462e-05,0.0008341977,neutral
Q24,15:05:48,0.001627111,0.9939196,0.00212865113,1.86583875e-05,0.001961009,0.0002661597,3.99104e-06,7.482976e-05,neutral
Q24,15:05:53,0.00290516159,0.9866821,0.0008874754,5.239184e-05,0.00129117293,0.007989923,5.292698e-05,0.000138848467,neutral
Q24,15:05:58,0.170771882,0.824513435,0.0002766053,8.803431e-05,0.0018566834,0.00192765379,0.0003625306,0.0002032077,neutral
Q24,15:06:08,0.00509951962,0.9602447,0.00110349653,0.0003737888,0.0121828271,0.02079482,0.00013402976,6.678873e-05,neutral
Q24,15:06:13,0.00602409756,0.855837762,0.00178078271,0.000830225355,0.00168937189,0.132395491,0.0007668684,0.0006753818,neutral
Q24,15:06:18,0.008549726,0.8910255,0.000472612737,0.0005028605,0.000344703469,0.09863152,0.000214190921,0.0002588825,neutral
Q25,15:06:23,0.00260064634,0.984391,0.00135843153,0.000331276446,0.000402371166,0.009752876,7.82480347e-05,0.00108518859,neutral
Q25,15:06:28,0.00167885283,0.9917383,0.00135141436,5.33866551e-05,0.000143600642,0.0048013893,1.90895917e-05,0.000213932086,neutral
Q25,15:06:33,0.00335843861,0.9735311,0.0005399469,7.678493e-05,0.000125081,0.0221803281,2.83702047e-06,0.000185473677,neutral
Q25,15:06:38,0.000498368,0.9988124,0.0004962461,3.22390088e-06,9.730024e-05,8.51913e-05,6.48101832e-07,6.654993e-06,neutral
Q25,15:06:43,0.00108269986,0.986679,0.00236885622,0.00011482618,0.0009891563,0.008694616,1.28743959e-05,5.79385669e-05,neutral
Q25,15:06:48,0.00173859682,0.97944814,0.00186660525,8.143803e-05,0.000556402665,0.0162482243,1.784029e-05,4.27406667e-05,neutral
Q25,15:06:53,0.00198558369,0.9833764,0.00466368627,0.000187701327,0.000816330139,0.008642751,1.88973245e-05,0.000308659,neutral
Q25,15:06:58,0.0007395065,0.9930411,0.00164992129,5.68443538e-05,0.00116967259,0.00327172363,1.04840074e-05,6.07723632e-05,neutral
Q25,15:07:03,0.007145053,0.9074984,0.000318930775,0.0001709417,0.000175282083,0.08436624,5.1812196e-05,0.000273300073,neutral
Q26,15:07:08,0.0004899943,0.9958638,0.00159866654,1.68735151e-05,3.268394e-05,0.00123212987,3.57951467e-06,0.000762304058,neutral
Q26,15:07:13,0.00195149425,0.983005345,0.0012934336,0.0001679628,0.000357924117,0.012543547,4.250922e-05,0.0006377864,neutral
Q26,15:07:18,0.009649263,0.980507851,0.00220627827,0.000262880378,0.00105814182,0.004701904,0.000250166137,0.00136351225,neutral
Q26,15:07:23,0.00247462164,0.9854322,0.00184343918,0.000147659,0.0005657153,0.008836374,5.1338764e-05,0.000648620538,neutral
Q26,15:07:28,0.004177543,0.9692564,0.00199018419,0.000534757564,0.00112848158,0.0214743819,6.69085057e-05,0.00137132476,neutral
Q26,15:07:33,0.000477343769,0.175097018,0.0120929442,0.000154104549,0.000174134067,0.00070486177,7.427966e-06,0.8112922,happiness
Q26,15:07:38,0.00160164642,0.991389,0.003651355,8.08015247e-05,0.000305956055,0.001344776,7.102337e-06,0.00161938288,neutral
Q26,15:07:43,0.005197047,0.878296137,0.00389298354,0.00106887089,0.006562563,0.102974035,0.0008355171,0.001172824,neutral
Q26,15:07:48,0.0102281449,0.9884618,0.000236049716,9.425816e-05,6.306577e-05,0.000894822064,1.91851973e-06,1.997592e-05,neutral
Q27,15:07:53,0.0006232772,0.9942931,0.00339207682,1.19262086e-05,7.444112e-05,0.0003992704,2.4752776e-06,0.00120343489,neutral
Q27,15:07:58,0.00213360949,0.9672548,0.00154565019,0.0007231588,0.00125098252,0.0257877279,5.295152e-05,0.00125111616,neutral
Q27,15:08:03,0.00185104506,0.9763886,0.0007595008,6.936836e-05,0.000194555425,0.020434767,3.8215363e-05,0.000263954455,neutral
Q27,15:08:08,0.00452520838,0.983253837,0.00105834717,0.000256845524,0.000362003717,0.008975675,8.517836e-05,0.00148288941,neutral
Q27,15:08:13,0.00112668774,0.971861839,0.00182449888,5.330312e-05,8.450899e-05,0.02496137,3.2281976e-05,5.54942781e-05,neutral
Q27,15:08:18,0.00122536707,0.9861998,0.0121030891,1.5469348e-05,2.79880333e-05,0.000224405245,1.16264459e-06,0.000202717,neutral
Q27,15:08:23,0.00675967,0.979135156,0.000555401144,0.000194538821,9.79169563e-05,0.0131249614,2.45662613e-05,0.000107785316,neutral
Q27,15:08:28,0.0118235052,0.97199,0.003679486,0.00018490848,0.0001591113,0.0104417717,0.000135059177,0.00158618973,neutral
Q27,15:08:33,0.00185256987,0.9923902,0.00059167546,7.60215471e-06,0.000231995742,0.004827846,8.659314e-05,1.14980521e-05,neutral
Q27,15:08:38,0.009734623,0.9488657,0.0152814472,0.000357116631,0.00259911339,0.0227765441,7.150674e-05,0.000313925033,neutral
Q27,15:08:43,0.0004659414,0.996548831,0.0003816884,7.928099e-06,0.000178783579,0.00240470073,4.435841e-06,7.689749e-06,neutral
Q27,15:08:48,0.006771832,0.9788148,0.009588526,0.000129318069,0.00294809742,0.00165799959,2.24286468e-05,6.69906149e-05,neutral
Q27,15:08:53,0.006154269,0.944278061,0.00100638485,0.0002996845,0.0005182214,0.0466472022,0.000108474378,0.0009877293,neutral
Q27,15:08:58,0.009240936,0.9626756,0.00188745593,0.000189503742,0.00191548315,0.02391019,7.143491e-05,0.000109429784,neutral
Q27,15:09:03,0.00272364286,0.9789722,0.000453609857,7.762981e-06,0.0177954789,4.25802646e-05,2.65166977e-06,2.10632356e-06,neutral
Q27,15:09:08,0.004058423,0.990955532,0.00143195235,1.33485992e-05,0.00342814368,9.013515e-05,5.6249005e-06,1.68217339e-05,neutral
Q28,15:09:13,0.0042644334,0.975592256,0.001849546,8.5532e-05,0.0053967,0.011618671,0.0008081671,0.000384698244,neutral
Q28,15:09:18,0.004841507,0.988861561,0.0006286464,5.22289156e-06,0.00563234836,2.68310068e-05,1.8386462e-06,2.02689785e-06,neutral
Q28,15:09:23,0.005092939,0.9837,0.006986402,5.380544e-05,0.00195712037,0.001414161,3.1457912e-05,0.0007641307,neutral
Q28,15:09:28,0.008629032,0.984452,0.00357827032,6.415433e-05,0.00246523833,0.0007207884,1.83411248e-05,7.217028e-05,neutral
Q28,15:09:38,0.002176147,0.9792574,0.0068496177,6.907086e-05,0.00381887821,0.00685958,0.0009030857,6.62442544e-05,neutral
Q28,15:09:43,0.0178431254,0.9685073,0.00358364452,0.000421960838,0.00755134271,0.00188950356,6.769535e-05,0.000135426919,neutral
Q28,15:09:48,0.04897217,0.9426324,0.000513829233,9.940498e-05,0.007108742,0.000395183481,8.00729e-05,0.000198239039,neutral
Q28,15:10:18,0.00192855194,0.947806537,0.0009478241,0.000132497444,0.0005486276,0.0478315726,0.000274699531,0.000529678,neutral
Q28,15:10:23,8.788749e-08,0.000145488753,4.78878474e-06,1.38881819e-06,5.58229658e-07,9.219394e-07,5.29325739e-09,0.999846756,happiness
Q28,15:10:28,0.0007992277,0.879086435,0.00203563343,0.0007795812,0.0005018783,0.0335310027,6.385646e-05,0.08320241,neutral
Q28,15:10:33,0.008019122,0.9868197,0.0006331605,7.368739e-05,3.16212427e-05,0.00382542284,1.28109823e-05,0.000584516558,neutral
Q28,15:10:38,0.0125870155,0.95837456,0.00329970755,0.0006879585,0.0018212049,0.020834418,0.000374421274,0.002020706,neutral
Q29,15:10:43,0.00201559672,0.982452333,0.00313527952,0.000280224456,0.000371894072,0.009429149,8.87683345e-05,0.00222676,neutral
Q29,15:10:48,0.00142441271,0.6199097,0.0306451,0.00107222854,0.0005007794,0.3420363,0.0004666736,0.003944781,neutral
Q29,15:10:53,0.07530992,0.908824861,0.000158832932,0.000142975608,0.000175658512,0.0105952667,0.004552146,0.000240363384,neutral
Q29,15:11:03,0.00568697974,0.9809882,0.007567494,0.000238051492,0.000739995565,0.00350701972,0.000146982435,0.001125298,neutral
Q29,15:11:08,0.00381688634,0.980750859,0.00427007349,0.000220441754,0.00219824235,0.008649278,3.1458083e-05,6.276553e-05,neutral
Q29,15:11:13,0.00498740375,0.961328,0.009158362,0.000460389041,0.00306106219,0.02023392,0.000193034008,0.0005778263,neutral
Q29,15:11:18,0.0117266821,0.981740952,0.00194953626,7.070452e-05,0.00181802036,0.002562832,8.31241e-05,4.81598581e-05,neutral
Q29,15:11:23,0.004325712,0.990257,0.0007728787,2.304023e-05,0.00280397572,0.00175905623,3.98914271e-05,1.842243e-05,neutral
Q29,15:11:28,0.00479657343,0.9762221,0.00189543143,0.000112946043,0.005353394,0.0113317091,9.72460548e-05,0.000190622,neutral
Q29,15:11:33,0.00605858257,0.966354549,0.0008953027,0.000124023092,0.00271554152,0.0233049057,0.0002724027,0.000274720427,neutral
Q29,15:11:38,0.00391231431,0.9855821,0.00178308226,5.38855129e-05,0.00383405387,0.00460934965,0.000116335563,0.000108881424,neutral
Q29,15:11:43,0.007679251,0.987764359,0.002426674,1.46162e-05,0.0016684538,0.000299423846,1.31407687e-05,0.000134084679,neutral
Q29,15:11:48,0.0131666688,0.913034558,0.00132682978,0.00027666628,0.0006051921,0.07082103,0.000192350475,0.0005766848,neutral
Q30,15:11:53,0.00168040267,0.9971075,0.000583298155,1.01940523e-05,0.000218506641,0.0003643787,1.01194682e-05,2.55856467e-05,neutral
Q30,15:11:58,0.00137481547,0.9792422,0.00157745776,7.507143e-05,0.000411033776,0.0171246529,4.34585345e-05,0.000151293963,neutral
Q30,15:12:03,0.000425979175,0.998823643,0.000607499853,1.36190727e-06,4.55059453e-05,8.45973555e-05,9.22914467e-07,1.04987876e-05,neutral
Q30,15:12:08,0.00317341858,0.9759235,0.0008393435,0.00011771838,0.000548696,0.0188120082,9.870374e-05,0.000486627949,neutral
Q30,15:12:13,0.00253203,0.9659244,0.0142002394,0.000424675265,0.0017743978,0.0144616421,0.00015558787,0.0005270683,neutral
Q30,15:12:18,0.00601126766,0.954832852,0.005312418,0.000289028569,0.00121031434,0.0307369623,0.000241307789,0.001365822,neutral
Q30,15:12:23,0.000319967541,0.996960342,0.002019193,6.24158747e-06,0.000149867978,0.000367530243,1.51174106e-06,0.0001753612,neutral
Q30,15:12:28,0.002136463,0.9925775,0.0009652983,7.89547e-05,0.00105255668,0.003045122,7.545544e-05,6.8676105e-05,neutral
Q30,15:12:33,0.00177267985,0.9786873,0.00138408423,9.648666e-05,0.0004262749,0.017427031,5.070902e-05,0.0001554227,neutral
Q30,15:12:38,0.0009933257,0.996631265,0.00157487823,7.841526e-06,7.717279e-05,0.000656026241,8.885019e-06,5.05905919e-05,neutral
Q30,15:12:43,0.0014116083,0.987403631,0.0013994748,5.92251454e-05,0.00031018618,0.008642994,3.042863e-05,0.000742460543,neutral
Q30,15:12:48,0.00253170426,0.962585449,0.00162413355,0.0002161754,0.000970504654,0.03151113,0.000105119216,0.0004557948,neutral
Q30,15:12:53,0.00148148381,0.9899763,0.00103634549,6.817042e-05,0.0003349736,0.006783481,2.47241369e-05,0.000294562924,neutral
Q30,15:12:58,0.00190338958,0.9109717,0.00120922434,0.000247051736,0.0003171245,0.0805541,8.077645e-05,0.00471661659,neutral
Q30,15:13:03,0.0104672685,0.986078262,0.00166637159,1.96529581e-05,0.000956199656,0.000783909461,1.63970617e-05,1.19340439e-05,neutral
Q30,15:13:08,0.00765206432,0.9857986,0.00200691819,8.175472e-05,0.0009332004,0.00347301853,3.35578952e-05,2.08703386e-05,neutral
Q30,15:13:13,0.00719313323,0.975309432,0.007215793,0.0003381034,0.00241054944,0.007224834,5.72835e-05,0.000250868761,neutral
Q30,15:13:18,0.00270136446,0.941142261,0.00139924861,0.00020658334,0.0014938853,0.05265585,0.00012973079,0.000271070516,neutral
Q30,15:13:23,0.002738746,0.9230241,0.00141643232,0.0002616855,0.00148381665,0.07060141,0.000157814065,0.0003159644,neutral
Q30,15:13:28,0.00218519079,0.9660658,0.008914885,0.000192352993,0.00106658076,0.020834947,6.032233e-05,0.0006798752,neutral
Q31,15:13:33,0.00257041631,0.937750459,0.00175510638,0.000708926935,0.00078353507,0.0553656742,0.000204222364,0.0008616766,neutral
Q31,15:13:38,0.00445805024,0.8549752,0.0038173385,0.000935026852,0.00269680284,0.12824744,0.0005973554,0.00427274639,neutral
Q31,15:13:43,0.00218072534,0.929654837,0.00230359938,0.0004651755,0.00138691766,0.0634378642,0.000202045951,0.000368861773,neutral
Q31,15:13:48,0.00175970152,0.9569892,0.00153870811,0.000204015974,0.000931758259,0.0380777828,6.262653e-05,0.000436195172,neutral
Q31,15:13:53,0.0006170557,0.977765441,0.00106061914,2.418503e-05,0.000168072831,0.0200565886,1.63649729e-05,0.0002916572,neutral
Q31,15:13:58,0.00124004227,0.9751029,0.00102751167,0.000104662453,0.00047539192,0.0218503624,2.34335766e-05,0.000175689653,neutral
Q31,15:14:03,0.00256916624,0.9741608,0.00178159622,0.000121726662,0.0009100579,0.020221591,3.88455956e-05,0.000196252658,neutral
Q31,15:14:08,0.00463109836,0.9930251,0.000654395961,1.551222e-05,0.000207970079,0.00144668564,9.099947e-06,1.013153e-05,neutral
Q31,15:14:13,0.0256756339,0.9688649,0.000275916536,2.83293684e-05,0.00151330943,0.00326120364,0.000344414148,3.625096e-05,neutral
Q31,15:14:18,0.12780191,0.8592822,0.00086856616,0.000127687817,0.009061108,0.00205335743,0.000529535,0.000275660248,neutral
Q31,15:14:28,0.0140134878,0.8530631,0.00115198118,0.000436765957,0.0004899904,0.13035892,0.000304221059,0.000181510812,neutral
Q32,15:14:33,0.0004628356,0.9983173,0.000147661078,1.46459581e-06,9.263472e-06,0.00104373251,3.78887921e-06,1.39319227e-05,neutral
Q33,15:15:23,0.0222445671,0.8767949,0.00105466181,0.000961762446,0.002983218,0.09401851,0.00136145379,0.0005809356,neutral
Q33,15:15:28,0.0009839139,0.963740766,0.00129445083,0.000259189081,0.000781267066,0.0322790071,3.170251e-05,0.00062972767,neutral
Q33,15:15:33,0.00257078465,0.9790657,0.00157665613,0.000153430912,0.00127478072,0.0149660166,6.03056542e-05,0.00033233146,neutral
Q33,15:15:38,0.00226059835,0.9916581,0.000619079743,4.592822e-05,3.271972e-05,0.00525037758,1.908488e-05,0.000114099843,neutral
Q33,15:15:43,0.000440745178,0.998472869,0.0008423751,2.182036e-06,6.631387e-05,0.000105346953,7.849122e-07,6.939157e-05,neutral
Q33,15:15:48,0.003424243,0.9814519,0.00155503408,0.0001245317,0.0007840544,0.0122968582,5.49209944e-05,0.0003084571,neutral
Q33,15:15:53,0.0024838883,0.978621,0.00162267545,0.000153465109,0.000509379664,0.0160663426,3.633794e-05,0.0005068801,neutral
Q33,15:15:58,0.00292492658,0.9432014,0.00133732567,0.0002830156,0.00122568547,0.04975916,0.000380151818,0.0008883075,neutral
Q33,15:16:03,0.00511734,0.9414824,0.00336967641,0.000274042,0.00197820831,0.04656018,0.000271336379,0.0009468006,neutral
Q33,15:16:08,0.00193376548,0.945607066,0.00138240051,0.000268744043,0.0006328318,0.04873497,9.909592e-05,0.00134111883,neutral
Q33,15:16:13,0.008900496,0.9859923,0.00351611967,2.122386e-05,0.00105241127,0.000476919959,1.17925965e-05,2.87404837e-05,neutral
Q33,15:16:18,0.00564510142,0.986832857,0.00183269614,2.10577218e-05,0.000451003172,0.005087139,5.7954454e-05,7.21899e-05,neutral
Q33,15:16:23,0.0389700048,0.954021633,0.0022002866,3.906766e-05,0.00323174219,0.00146109855,5.038269e-05,2.57751562e-05,neutral
Q34,15:16:28,0.000621477549,0.9969915,0.002056535,4.85880628e-06,0.000195590517,0.000125349237,1.34337677e-06,3.32783975e-06,neutral
Q34,15:16:33,0.00351792015,0.9810238,0.00125531759,0.000430339249,0.000269637618,0.0127029354,0.0002271811,0.0005728548,neutral
Q34,15:16:38,0.003583636,0.9672534,0.0012916195,0.000393206283,0.0003308055,0.0263813585,0.0001883712,0.0005776435,neutral
Q34,15:16:43,0.0008936509,0.9950197,0.001491298,3.39397266e-05,0.000198031077,0.00225182925,2.34736945e-05,8.813056e-05,neutral
Q34,15:16:48,0.00075602677,0.995082,0.00226140535,1.81865216e-05,0.0001190722,0.0013388088,2.920817e-06,0.000421538542,neutral
Q34,15:16:53,0.000379663979,0.998237848,0.00110703742,2.78691732e-06,5.672587e-05,0.000125521008,8.53703568e-07,8.956546e-05,neutral
Q34,15:16:58,0.00152460078,0.996937931,0.00100326748,6.61066542e-06,0.000181157462,0.0003353354,2.498333e-06,8.606013e-06,neutral
Q34,15:17:03,0.00158108317,0.9903499,0.0009720263,5.13287632e-05,0.000312977,0.00658088969,2.5122461e-05,0.000126710554,neutral
Q34,15:17:08,0.005289612,0.979618549,0.0009055191,5.22983573e-05,0.000470117753,0.0134883681,8.16244356e-05,9.392568e-05,neutral
Q34,15:17:13,0.0098158475,0.900757968,0.006776278,0.00116590131,0.00695890468,0.0715329647,0.0009664141,0.002025713,neutral
Q34,15:17:18,0.003674697,0.905474544,0.00120147364,0.0002709721,0.00175260077,0.0858957544,0.0006874577,0.00104247557,neutral
Q34,15:17:23,0.003387077,0.895996,0.0009099413,0.000229172234,0.00109586248,0.0970145538,0.000475512556,0.0008919194,neutral
Q34,15:17:28,0.00211267034,0.9935235,0.00394090964,1.87053174e-05,0.000248483557,9.918704e-05,5.40056726e-06,5.11377148e-05,neutral
Q34,15:17:33,0.00501002558,0.9290797,0.002196281,0.0006640792,0.00163733051,0.0583552122,0.000280214415,0.00277713779,neutral
Q34,15:17:38,0.0220456719,0.8340363,0.00224564527,0.0007746427,0.000708521169,0.1390803,0.0006916108,0.000417325238,neutral
Q34,15:17:43,0.005388937,0.9135874,0.03416831,0.001282826,0.00195468287,0.0396751538,0.000335761433,0.00360696414,neutral
Q35,15:17:48,0.00281957141,0.9927173,0.00011120853,2.44200946e-05,1.15113889e-05,0.004135125,6.367626e-07,0.000180222341,neutral
Q35,15:17:58,0.04558162,0.9240663,0.000709532935,9.344168e-05,0.00189103791,0.026641028,0.000944986648,7.203859e-05,neutral
Q35,15:18:28,0.003454408,0.956130445,0.00115875353,0.000101527687,0.000119214288,0.0383848362,7.233002e-05,0.00057846,neutral
Q35,15:18:33,0.00297910371,0.977640033,0.001488293,3.204245e-05,0.0015021991,0.0161865223,0.000115924464,5.589491e-05,neutral
Q35,15:18:38,0.0016685169,0.951824963,0.00168318849,0.000230996186,0.002419311,0.0415865332,0.000127305451,0.000459161267,neutral
Q35,15:18:43,0.00127469737,0.8900872,0.001074091,0.0002265127,0.00197481713,0.104770787,0.000129721739,0.000462163443,neutral
Q35,15:18:48,0.00343933539,0.9122145,0.0008407661,0.000232331557,0.00212110067,0.08072579,0.000218443543,0.000207689038,neutral
Q35,15:18:53,0.00293849665,0.910532653,0.0008933254,0.000149928,0.00171761634,0.08332198,0.000161092117,0.0002849011,neutral
Q35,15:18:58,0.0143951848,0.966805637,0.00193358341,5.77725623e-05,0.00296099763,0.0136220176,0.000165409831,5.94052253e-05,neutral
Q35,15:19:03,0.00698692631,0.976912439,0.000453280547,1.93371e-05,0.00109895621,0.0144123789,8.35389437e-05,3.31571318e-05,neutral
Q35,15:19:08,0.0487729236,0.945006,0.000392885617,1.327001e-05,0.0009855389,0.004451479,0.000240104331,0.000137778581,neutral
Q35,15:19:18,0.0006926917,0.969005644,0.00371745019,9.86392552e-05,0.005446105,0.02051731,4.89527847e-05,0.000473229622,neutral
Q36,15:19:23,0.00203375053,0.9910845,0.0004517177,1.7221626e-05,0.000304858579,0.00599925,4.12106965e-05,6.748683e-05,neutral
Q36,15:19:28,0.00102005631,0.9956721,0.00120076747,1.37973984e-05,6.761577e-05,0.00137356285,5.968331e-06,0.0006461514,neutral
Q36,15:19:33,0.0011414286,0.9921658,0.00127555546,3.239454e-05,9.154644e-05,0.004776015,8.481042e-06,0.000508793863,neutral
Q36,15:19:38,0.0010396227,0.984843969,0.0004823844,3.70152447e-05,0.00031102277,0.0128625352,4.364924e-05,0.000379828562,neutral
Q36,15:19:43,0.005213504,0.9919427,0.00134514854,2.35330353e-05,0.0005403356,0.000856973,3.450615e-05,4.3311953e-05,neutral
Q36,15:19:48,0.00469888374,0.9507272,0.000814134663,8.88044742e-05,0.00047295788,0.0430345275,8.117944e-05,8.230102e-05,neutral
Q36,15:19:53,0.00189649477,0.934595644,0.00118645432,0.000110770779,0.000932645169,0.06107676,5.44565373e-05,0.000146784674,neutral
Q36,15:19:58,0.0020045815,0.966830552,0.000736578368,7.416446e-05,0.00070879166,0.0293861218,6.298532e-05,0.000196244044,neutral
Q36,15:20:03,0.00177843135,0.9820069,0.000562322733,6.508253e-05,0.00233987183,0.0123210019,0.0006251162,0.0003012889,neutral
Q36,15:20:08,0.0005696969,0.995851934,0.00289861648,6.46348826e-06,0.000111308458,0.000128804968,1.18818662e-06,0.000431987137,neutral
Q36,15:20:13,0.00375450915,0.949376941,0.00291135139,0.00055065396,0.00216565467,0.04049699,0.000122415571,0.000621498562,neutral
Q36,15:20:18,0.00127364963,0.980456233,0.00122976571,7.042027e-05,0.0005908972,0.0159191564,1.19247206e-05,0.000447968,neutral
Q36,15:20:23,0.0005663354,0.982986,0.007355845,4.48704923e-05,0.0006805922,0.00415951433,1.22548663e-05,0.004194593,neutral
Q37,15:20:28,0.002897763,0.970412,0.00221851841,0.000250405137,0.000452077133,0.021475926,8.44383e-05,0.00220885361,neutral
Q37,15:20:33,0.00350450166,0.9681289,0.00214340328,0.000464428478,0.0006817021,0.0232997425,0.000140679331,0.00163661642,neutral
Q37,15:20:38,0.00329150329,0.9676066,0.00227494049,0.0006425411,0.000868666859,0.0242342558,0.000124782469,0.000956733536,neutral
Q37,15:20:43,0.00196586316,0.9565008,0.001206225,0.000259271677,0.0004012715,0.037628483,5.34299e-05,0.00198463257,neutral
Q37,15:20:48,0.00231492915,0.9801528,0.0009821865,0.000621195359,0.000322949985,0.0148178432,2.99949443e-05,0.000758114038,neutral
Q37,15:20:53,0.00342474249,0.9499403,0.00118175475,0.000240902256,0.0006426119,0.0437717438,3.80384881e-05,0.0007598525,neutral
Q37,15:20:58,0.00253518345,0.940150857,0.00203661481,0.000347254041,0.0005350443,0.0538256839,8.642188e-05,0.000482940057,neutral
Q37,15:21:03,0.00332664954,0.9362603,0.00239562057,0.000366662076,0.0009783419,0.05631159,5.37469059e-05,0.000307094771,neutral
Q37,15:21:08,0.00307818968,0.941838,0.00163794472,0.00035106705,0.000745294266,0.05184755,3.82535254e-05,0.000463663164,neutral
Q37,15:21:13,0.00115800241,0.997744262,0.000616578443,8.602351e-06,0.000242090115,0.000200550523,1.94187714e-06,2.79991746e-05,neutral
Q37,15:21:18,0.0125427926,0.8965845,0.0160068981,0.00110707118,0.000456207228,0.0697078,0.0001196068,0.003475078,neutral
Q37,15:21:23,0.00688589364,0.104955845,0.00237597525,0.000395496172,0.000121663208,0.000689692446,1.44330106e-05,0.884561,happiness
Q37,15:21:28,0.006060142,0.9699377,0.004296354,0.000254882965,0.00120016618,0.0140282679,6.858564e-05,0.004153908,neutral
Q37,15:21:33,0.00153713627,0.9861612,0.00721067144,5.69983058e-05,0.0002280874,0.0045985654,2.03261243e-05,0.000187049664,neutral
Q37,15:21:38,0.00581882149,0.9885396,0.002747951,5.13956475e-05,0.0009815573,0.00138073438,1.97194368e-05,0.000460266048,neutral
Q37,15:21:43,0.00626472849,0.980530739,0.00213888055,0.0001687954,0.00109712116,0.000356220437,3.27285379e-05,0.00941076,neutral
Q38,15:21:48,0.00208315323,0.88844806,0.00256225141,0.000393331022,0.000401183643,0.103626259,0.000188802573,0.00229694718,neutral
Q38,15:21:53,0.0009673734,0.983755469,0.0006614464,4.68065846e-05,0.000257205073,0.0142439455,1.72671644e-05,5.04567324e-05,neutral
Q38,15:21:58,0.0014350859,0.9965054,0.00029408824,6.61668855e-06,0.0001256684,0.00161156664,1.11643476e-05,1.043862e-05,neutral
Q38,15:22:03,0.0016660979,0.991235435,0.000452904234,2.96322851e-05,0.000223896161,0.006341408,2.188468e-05,2.87296371e-05,neutral
Q38,15:22:08,0.00295487023,0.995307744,0.0005958159,1.47917826e-05,0.000240230045,0.000869286363,7.00712235e-06,1.02430768e-05,neutral
Q38,15:22:13,0.03411547,0.9321841,0.015774481,0.000281804329,0.0006942221,0.01660068,0.000125979263,0.000223287716,neutral
Q38,15:22:18,0.0113796825,0.984876454,0.00153710274,2.00733666e-05,0.00101174717,0.00109524769,5.53670761e-05,2.43383965e-05,neutral
Q38,15:22:23,0.0246810932,0.9539815,0.00259153754,0.00019207818,0.00296784821,0.0149313994,0.0004513418,0.0002032034,neutral
Q38,15:22:28,0.0014471435,0.9976401,0.00049481733,1.8175989e-06,0.000133206733,0.000208663783,3.45834678e-06,7.08315638e-05,neutral
Q38,15:22:33,0.0229813959,0.9675921,0.00159249187,4.18800155e-05,0.001070434,0.00619824929,0.000412109337,0.000111313835,neutral
Q38,15:22:38,0.00343443477,0.970849931,0.005279965,0.0001596036,0.00104693009,0.018948555,6.756869e-05,0.000212995554,neutral
Q38,15:22:43,0.004144688,0.970884442,0.0055995225,0.0015580781,0.0003345163,0.0170923658,9.557675e-05,0.000290794735,neutral
Q38,15:22:48,0.004149136,0.9652995,0.00307313073,0.00155117165,0.00121708517,0.0219388,0.0002818102,0.002489395,neutral
Q38,15:22:53,0.00271318341,0.960733652,0.00260787,0.000321325031,0.000894629338,0.0319215134,0.000138177507,0.0006696414,neutral
Q38,15:22:58,0.0009493361,0.988489747,0.0007454026,6.068428e-05,0.000475692883,0.009145994,3.38068239e-05,9.933972e-05,neutral
Q38,15:23:03,0.0138167161,0.9681214,0.00297972513,0.000309361843,0.006037763,0.008083335,0.000369168178,0.000282524619,neutral
Q38,15:23:08,0.008172237,0.8858411,0.00258078775,0.00211612275,0.007641038,0.080546245,0.0007258428,0.0123766819,neutral
Q39,15:23:13,0.00111687789,0.970761657,0.00370600773,0.0006681889,0.000696295057,0.00372494687,4.75496963e-05,0.019278504,neutral
Q39,15:23:18,0.00551464,0.9533488,0.026681466,8.195244e-05,0.000865154958,0.001913399,6.177417e-05,0.0115327928,neutral
Q39,15:23:23,0.00196551741,0.972373247,0.000539072265,5.86711649e-05,0.000149547413,0.02466855,7.005324e-05,0.000175341251,neutral
Q39,15:23:28,0.00257061655,0.9632015,0.00129933772,0.000277855957,0.0003226981,0.0313755,7.96116146e-05,0.000872831733,neutral
Q39,15:23:33,0.00123495853,0.984814167,0.00177534437,0.00012795761,0.000134262722,0.0108930105,2.66496245e-05,0.0009936618,neutral
Q39,15:23:38,0.0007342977,0.9899321,0.00298096752,4.643715e-05,0.000363919244,0.004434078,6.323181e-06,0.0015018722,neutral
Q39,15:23:43,0.00103738159,0.9950571,0.000313846569,8.593939e-06,8.08038e-05,0.00347110513,7.611688e-06,2.353481e-05,neutral
Q39,15:23:48,0.005232916,0.887953162,0.04355936,0.00259959628,0.004032893,0.0471909344,0.000310598931,0.009120539,neutral
Q39,15:23:53,0.000957510667,0.995026648,0.00208994,6.115148e-06,9.012424e-05,0.000661788741,2.96169264e-06,0.00116488978,neutral
Q39,15:23:58,0.00186307915,0.9887104,0.00370165752,4.21333425e-05,0.00152958056,0.00404468551,1.50031756e-05,9.348172e-05,neutral
Q39,15:24:03,0.003022505,0.9937111,0.0009203257,1.97580339e-05,0.0009055356,0.00138148549,1.81675459e-05,2.11376846e-05,neutral
Q39,15:24:08,0.0385864563,0.9573726,0.000298877072,1.952739e-05,0.00261664717,0.0009049464,0.000110717381,9.020302e-05,neutral
Q39,15:24:13,0.06540256,0.9268204,7.41829645e-05,4.978471e-05,0.0001324696,0.007466226,1.52034163e-05,3.919134e-05,neutral
Q40,15:24:18,0.0296517964,0.805146635,0.121095158,0.00409656065,0.00312636746,0.0311893,0.0005324593,0.005161705,neutral
Q40,15:24:23,0.001779816,0.98908335,0.0009533921,0.000105726467,0.000169116131,0.00736251334,4.98594127e-05,0.000496211171,neutral
Q40,15:24:28,0.00370734488,0.9943355,0.0005268584,8.349583e-06,0.000789988437,0.0005962986,2.530184e-05,1.03629409e-05,neutral
Q40,15:24:33,0.0005493904,0.995055258,0.00378734269,1.46647926e-05,0.000193493048,0.0002981582,3.41066e-06,9.829363e-05,neutral
Q40,15:24:38,0.002229016,0.951720536,0.00109284464,0.0005665042,0.000575838145,0.0424503721,0.0001166624,0.00124821055,neutral
Q40,15:24:43,0.004614805,0.9938866,0.000739444746,8.181013e-06,0.000155437461,0.0005425238,1.13255028e-05,4.168751e-05,neutral
Q40,15:24:48,0.00164366327,0.990381837,0.00122619839,3.78023942e-05,0.000141675264,0.005979517,2.08377969e-05,0.0005684857,neutral
Q40,15:24:53,0.00354802748,0.9769288,0.00188304612,0.000387649867,0.000295424165,0.0160280559,0.000103290658,0.0008257136,neutral
Q40,15:24:58,0.00257022469,0.9612389,0.00124765118,0.000244863069,0.0002376787,0.0337246247,6.800056e-05,0.000668055261,neutral
Q40,15:25:03,0.00279434468,0.9632692,0.00119050278,0.000127980486,0.000290424417,0.0314746574,4.945403e-05,0.0008034568,neutral
Q40,15:25:08,0.00286852964,0.996592164,0.000247109536,2.701317e-06,0.000225001379,5.048585e-05,2.92859636e-06,1.10934006e-05,neutral
Q40,15:25:13,0.00159902649,0.9422087,0.00213585,0.0001549016,0.000230897393,0.0172652714,4.53668581e-05,0.0363599546,neutral
Q40,15:25:18,0.0007085657,0.9975369,0.001689737,9.02127169e-07,8.392347e-06,3.439579e-05,4.57420015e-07,2.062503e-05,neutral
Q40,15:25:23,0.00136867643,0.9906541,0.000923965,4.429959e-05,0.000186791978,0.006448055,1.31250654e-05,0.0003609538,neutral
Q40,15:25:28,0.0009069017,0.98462,0.000655989861,2.82212386e-05,0.000105363841,0.0135137569,9.667877e-06,0.000160152485,neutral
Q40,15:25:33,0.00243810215,0.979707956,0.0017457396,0.000163605189,0.000601950567,0.01480948,6.2719e-05,0.000470444123,neutral
Q40,15:25:38,0.00305960933,0.9590664,0.00161288213,0.000277210318,0.00117201114,0.034199778,0.000196295034,0.00041582936,neutral
Q40,15:25:43,0.0033193233,0.987127066,0.00135658728,6.684575e-05,0.0005377945,0.00740010338,3.71932729e-05,0.000155067188,neutral
Q40,15:25:48,0.00616196357,0.970352769,0.00115342566,0.000137526018,0.000543027243,0.0211977661,0.000121461693,0.000332075055,neutral
Q40,15:25:53,0.00314276922,0.9820111,0.001090132,8.47647461e-05,0.0009046463,0.01266309,2.786435e-05,7.56612862e-05,neutral
Q40,15:25:58,0.00386676425,0.9940997,0.0008610639,1.33023632e-05,0.00083138945,0.000261380861,1.25473571e-05,5.3882537e-05,neutral
Q40,15:26:03,0.009834379,0.9869886,0.00126636447,1.67534363e-05,0.00166830455,0.000203908741,1.37294992e-05,7.951118e-06,neutral
Q40,15:26:08,0.00525547657,0.9871044,0.00117684994,1.685131e-05,0.000125029081,0.00580007676,0.000154632275,0.000366657565,neutral
Q40,15:26:13,0.000803151866,0.9989551,0.0001608867,7.072155e-07,5.10818027e-05,2.61801069e-05,3.676818e-07,2.57713577e-06,neutral
Q40,15:26:18,0.0008200726,0.994392455,0.0005923798,2.555453e-05,0.0001359404,0.00398153765,1.05193913e-05,4.15132054e-05,neutral
Q40,15:26:23,0.00360426027,0.9695718,0.00126127491,0.000167413891,0.0005135833,0.0241790246,6.89745139e-05,0.0006336382,neutral
Q40,15:26:28,0.0131428465,0.980850041,0.000149416053,0.0001239998,3.7195503e-05,0.00567928562,2.34828485e-06,1.48626941e-05,neutral
Q40,15:26:33,0.0126910321,0.973581553,0.000208156023,0.00023614266,0.00011794208,0.0130844265,1.97967929e-05,6.095353e-05,neutral
Q40,15:26:38,0.00105387846,0.990262,0.0004909944,2.49416262e-05,0.000909245457,0.00696685771,9.720582e-05,0.000194895125,neutral
Q40,15:26:48,0.00315405941,0.9848201,0.005778796,0.0002151213,0.00104964653,0.00490095932,5.7945952e-05,2.33208284e-05,neutral
Q40,15:26:53,0.140544251,0.8537624,0.000499337446,7.345586e-05,0.00077115,0.003824453,0.000393606548,0.0001313392,neutral
Q40,15:26:58,0.06407143,0.9145477,0.01262662,0.0003354512,0.00703658443,8.738441e-05,6.067818e-05,0.00123417191,neutral
Q40,15:27:08,0.0553441755,0.94457525,7.315089e-07,2.653498e-06,1.33643834e-05,5.90168347e-05,2.47790155e-07,4.58278737e-06,neutral
Q40,15:27:13,0.0259078387,0.972844839,5.30899451e-05,7.62270356e-05,7.666417e-05,0.00101205835,1.22799668e-06,2.80327877e-05,neutral
Q40,15:27:18,0.0219812356,0.9776009,3.3407232e-05,1.789293e-05,3.6582147e-05,0.00031920863,5.16764942e-07,1.02886752e-05,neutral
Q40,15:27:23,0.0004062717,0.9987138,0.000100482219,4.885569e-06,9.270562e-06,0.000759593269,2.68701569e-06,3.03219417e-06,neutral
Q40,15:27:28,0.0103454757,0.9339115,0.0012607564,0.000117135824,0.0002212307,0.05359625,0.000373957,0.000173700959,neutral
Q39,15:27:33,0.0008100076,0.922953963,0.00179390924,0.000127831983,0.000447812723,0.073587,0.000111790476,0.000167696751,neutral
Q39,15:27:38,0.000193429281,0.996513247,0.0006762661,2.30106571e-06,8.70692456e-05,0.00237651425,4.689306e-06,0.000146457693,neutral
Q38,15:27:43,0.0007266808,0.8831855,0.0005073214,5.47940544e-05,0.000333372678,0.114805862,0.000229427824,0.000157045477,neutral
Q38,15:27:48,0.00180027646,0.868104935,0.007950915,0.00162225182,0.00188110583,0.104771227,0.000275651721,0.0135936262,neutral
Q38,15:27:53,0.0009525423,0.9493107,0.00115706306,6.80187659e-05,0.000211917126,0.0475445,8.764003e-05,0.000667570333,neutral
Q37,15:27:58,0.000272716366,0.994884,0.00163210288,1.81676151e-05,0.000112715017,0.002024003,3.83672568e-06,0.001052415,neutral
Q37,15:28:03,0.001074793,0.9931471,0.001869472,2.46292784e-05,8.27179e-05,0.00327380537,1.03407292e-05,0.000517142238,neutral
Q37,15:28:08,0.00103897788,0.996256649,0.00148788106,5.372128e-06,4.15345457e-05,0.0003256984,1.78683774e-06,0.00084212044,neutral
Q37,15:28:13,0.003421801,0.98373735,0.00315696187,9.265112e-05,0.000236277687,0.008860084,7.78679751e-05,0.00041700658,neutral
Q5,15:28:18,0.0023623337,0.943883359,0.00105265912,0.0003458665,0.000467344566,0.050838843,0.000246368174,0.000803236268,neutral
